{"cameraMode":{"drawMode":0,"name":"Shaded","section":"Shading Mode"},"sceneLighting":false,"audioPlay":false,"sceneViewState":{"m_AlwaysRefresh":false,"showFog":false,"showSkybox":false,"showFlares":true,"showImageEffects":true,"showParticleSystems":true,"showVisualEffectGraphs":true,"m_FxEnabled":true},"in2DMode":false,"pivot":{"x":7.402604103088379,"y":25.971141815185548,"z":1358.773681640625},"rotation":{"x":-0.020999157801270486,"y":0.002100677229464054,"z":0.00004111438829568215,"w":0.9997891783714294},"size":50.028751373291019,"orthographic":false}