{"cameraMode":{"drawMode":0,"name":"Shaded","section":"Shading Mode"},"sceneLighting":true,"audioPlay":false,"sceneViewState":{"m_AlwaysRefresh":false,"showFog":false,"showSkybox":true,"showFlares":true,"showImageEffects":true,"showParticleSystems":true,"showVisualEffectGraphs":true,"m_FxEnabled":true},"in2DMode":false,"pivot":{"x":-0.006036520004272461,"y":0.7544093728065491,"z":-0.5407899618148804},"rotation":{"x":0.08199667930603028,"y":-0.668230414390564,"z":0.0744791179895401,"w":0.7356687784194946},"size":2.0632123947143556,"orthographic":false}