{"cameraMode":{"drawMode":0,"name":"Shaded","section":"Shading Mode"},"sceneLighting":false,"audioPlay":false,"sceneViewState":{"m_AlwaysRefresh":false,"showFog":false,"showSkybox":false,"showFlares":true,"showImageEffects":true,"showParticleSystems":true,"showVisualEffectGraphs":true,"m_FxEnabled":true},"in2DMode":false,"pivot":{"x":-0.06395149230957031,"y":6.73893928527832,"z":92.04974365234375},"rotation":{"x":0.23299920558929444,"y":-0.05244630202651024,"z":0.012566874735057354,"w":0.9710234999656677},"size":102.37821960449219,"orthographic":false}