{"cameraMode":{"drawMode":0,"name":"Shaded","section":"Shading Mode"},"sceneLighting":false,"audioPlay":false,"sceneViewState":{"m_AlwaysRefresh":false,"showFog":false,"showSkybox":false,"showFlares":true,"showImageEffects":true,"showParticleSystems":true,"showVisualEffectGraphs":true,"m_FxEnabled":true},"in2DMode":false,"pivot":{"x":0.0446489155292511,"y":0.8965106010437012,"z":-689.9107666015625},"rotation":{"x":0.29691576957702639,"y":0.43804529309272768,"z":-0.1559390127658844,"w":0.8340595960617065},"size":1.6847373247146607,"orthographic":false}