Using pre-set license
Built from '2020.3/staging' branch; Version is '2020.3.41f1 (7c19dc9acfda) revision 8133084'; Using compiler version '192528614'; Build Type 'Release'
OS: 'Windows 11  (10.0.26100) 64bit Professional' Language: 'en' Physical Memory: 32609 MB
BatchMode: 1, IsHumanControllingUs: 0, StartBugReporterOnCrash: 0, Is64bit: 1, IsPro: 0

COMMAND LINE ARGUMENTS:
C:\Program Files\Unity\Hub\Editor\2020.3.41f1\Editor\Unity.exe
-adb2
-batchMode
-noUpm
-name
AssetImportWorker0
-projectPath
D:/Runner_Pet_3D/Pet_Runner_3D
-logFile
Logs/AssetImportWorker0.log
-srvPort
58012
Successfully changed project path to: D:/Runner_Pet_3D/Pet_Runner_3D
D:/Runner_Pet_3D/Pet_Runner_3D
Using Asset Import Pipeline V2.
Refreshing native plugins compatible for Editor in 30.05 ms, found 5 plugins.
Preloading 0 native plugins for Editor in 0.00 ms.
Initialize engine version: 2020.3.41f1 (7c19dc9acfda)
[Subsystems] Discovering subsystems at path C:/Program Files/Unity/Hub/Editor/2020.3.41f1/Editor/Data/Resources/UnitySubsystems
[Subsystems] Discovering subsystems at path D:/Runner_Pet_3D/Pet_Runner_3D/Assets
GfxDevice: creating device client; threaded=0
Direct3D:
    Version:  Direct3D 11.0 [level 11.1]
    Renderer: NVIDIA GeForce RTX 3060 (ID=0x2504)
    Vendor:   
    VRAM:     12115 MB
    Driver:   32.0.15.6590
Initialize mono
Mono path[0] = 'C:/Program Files/Unity/Hub/Editor/2020.3.41f1/Editor/Data/Managed'
Mono path[1] = 'C:/Program Files/Unity/Hub/Editor/2020.3.41f1/Editor/Data/MonoBleedingEdge/lib/mono/unityjit'
Mono config path = 'C:/Program Files/Unity/Hub/Editor/2020.3.41f1/Editor/Data/MonoBleedingEdge/etc'
Using monoOptions --debugger-agent=transport=dt_socket,embedding=1,server=y,suspend=n,address=127.0.0.1:56524
Begin MonoManager ReloadAssembly
Registering precompiled unity dll's ...
Register platform support module: C:/Program Files/Unity/Hub/Editor/2020.3.41f1/Editor/Data/PlaybackEngines/WindowsStandaloneSupport/UnityEditor.WindowsStandalone.Extensions.dll
Registered in 0.000816 seconds.
Native extension for WindowsStandalone target not found
Refreshing native plugins compatible for Editor in 29.16 ms, found 5 plugins.
Preloading 0 native plugins for Editor in 0.00 ms.
Mono: successfully reloaded assembly
- Completed reload, in  0.312 seconds
Domain Reload Profiling:
	ReloadAssembly (312ms)
		BeginReloadAssembly (32ms)
			ExecutionOrderSort (0ms)
			DisableScriptedObjects (0ms)
			BackupInstance (0ms)
			ReleaseScriptingObjects (0ms)
			CreateAndSetChildDomain (0ms)
		EndReloadAssembly (244ms)
			LoadAssemblies (31ms)
			RebuildTransferFunctionScriptingTraits (0ms)
			SetupTypeCache (73ms)
			ReleaseScriptCaches (0ms)
			RebuildScriptCaches (16ms)
			SetupLoadedEditorAssemblies (100ms)
				LogAssemblyErrors (0ms)
				InitializePlatformSupportModulesInManaged (2ms)
				SetLoadedEditorAssemblies (0ms)
				RefreshPlugins (29ms)
				BeforeProcessingInitializeOnLoad (8ms)
				ProcessInitializeOnLoadAttributes (42ms)
				ProcessInitializeOnLoadMethodAttributes (19ms)
				AfterProcessingInitializeOnLoad (0ms)
				EditorAssembliesLoaded (0ms)
			ExecutionOrderSort2 (0ms)
			AwakeInstancesAfterBackupRestoration (0ms)
Platform modules already initialized, skipping
Registering precompiled user dll's ...
Registered in 0.001303 seconds.
Begin MonoManager ReloadAssembly
Native extension for WindowsStandalone target not found
Refreshing native plugins compatible for Editor in 0.37 ms, found 5 plugins.
Preloading 0 native plugins for Editor in 0.00 ms.
Mono: successfully reloaded assembly
- Completed reload, in  1.421 seconds
Domain Reload Profiling:
	ReloadAssembly (1425ms)
		BeginReloadAssembly (73ms)
			ExecutionOrderSort (0ms)
			DisableScriptedObjects (2ms)
			BackupInstance (0ms)
			ReleaseScriptingObjects (0ms)
			CreateAndSetChildDomain (11ms)
		EndReloadAssembly (1321ms)
			LoadAssemblies (48ms)
			RebuildTransferFunctionScriptingTraits (0ms)
			SetupTypeCache (149ms)
			ReleaseScriptCaches (0ms)
			RebuildScriptCaches (30ms)
			SetupLoadedEditorAssemblies (1055ms)
				LogAssemblyErrors (0ms)
				InitializePlatformSupportModulesInManaged (3ms)
				SetLoadedEditorAssemblies (0ms)
				RefreshPlugins (0ms)
				BeforeProcessingInitializeOnLoad (48ms)
				ProcessInitializeOnLoadAttributes (994ms)
				ProcessInitializeOnLoadMethodAttributes (7ms)
				AfterProcessingInitializeOnLoad (2ms)
				EditorAssembliesLoaded (0ms)
			ExecutionOrderSort2 (0ms)
			AwakeInstancesAfterBackupRestoration (1ms)
Platform modules already initialized, skipping
========================================================================
Worker process is ready to serve import requests
Launched and connected shader compiler UnityShaderCompiler.exe after 0.03 seconds
Refreshing native plugins compatible for Editor in 0.38 ms, found 5 plugins.
Preloading 0 native plugins for Editor in 0.00 ms.
Unloading 2419 Unused Serialized files (Serialized files now loaded: 0)
System memory in use before: 117.1 MB.
System memory in use after: 117.3 MB.

Unloading 25 unused Assets to reduce memory usage. Loaded Objects now: 2863.
Total: 1.915800 ms (FindLiveObjects: 0.117400 ms CreateObjectMapping: 0.033800 ms MarkObjects: 1.675100 ms  DeleteObjects: 0.089000 ms)

AssetImportParameters requested are different than current active one (requested -> active):
  custom:framework-win-MediaFoundation: 216162199b28c13a410421893ffa2e32 -> 
  custom:video-decoder-ogg-theora: a1e56fd34408186e4bbccfd4996cb3dc -> 
  custom:container-muxer-webm: aa71ff27fc2769a1b78a27578f13a17b -> 
  custom:container-demuxer-webm: 4f35f7cbe854078d1ac9338744f61a02 -> 
  custom:container-demuxer-ogg: 62fdf1f143b41e24485cea50d1cbac27 -> 
  custom:video-encoder-webm-vp8: eb34c28f22e8b96e1ab97ce403110664 -> 
  custom:video-codec-MediaFoundation-h265: 746d11721c4dcdbdad8f713fa42b33f4 -> 
  custom:video-decoder-webm-vp8: 9c59270c3fd7afecdb556c50c9e8de78 -> 
  custom:audio-decoder-ogg-vorbis: bf7c407c2cedff20999df2af8eb42d56 -> 
  custom:audio-encoder-webm-vorbis: bf7c407c2cedff20999df2af8eb42d56 -> 
========================================================================
Received Import Request.
  path: Assets/CandyTheme/Prefabs/Path-3.prefab
  artifactKey: Guid(7062e804a9ba3e7469236849c9e724c1) Importer(815301076,1909f56bfc062723c751e8b465ee728b)
Start importing Assets/CandyTheme/Prefabs/Path-3.prefab using Guid(7062e804a9ba3e7469236849c9e724c1) Importer(815301076,1909f56bfc062723c751e8b465ee728b) Tried select unknown importer for id '-2' '00000000000000000000000000000000'
 -> (artifact id: '156a711fb59576938163fdfd0f9ecfa1') in 1.858758 seconds 
========================================================================
Received Import Request.
  Time since last request: 53.293821 seconds.
  path: Assets/CandyTheme/Prefabs/Path-3.prefab
  artifactKey: Guid(7062e804a9ba3e7469236849c9e724c1) Importer(815301076,1909f56bfc062723c751e8b465ee728b)
Start importing Assets/CandyTheme/Prefabs/Path-3.prefab using Guid(7062e804a9ba3e7469236849c9e724c1) Importer(815301076,1909f56bfc062723c751e8b465ee728b) Tried select unknown importer for id '-2' '00000000000000000000000000000000'
 -> (artifact id: 'a99dd4a7685af7f0c32674cb4103f46e') in 0.715293 seconds 
========================================================================
Received Prepare
Registering precompiled user dll's ...
Registered in 0.001227 seconds.
Begin MonoManager ReloadAssembly
Native extension for WindowsStandalone target not found
Refreshing native plugins compatible for Editor in 0.41 ms, found 5 plugins.
Preloading 0 native plugins for Editor in 0.00 ms.
Mono: successfully reloaded assembly
- Completed reload, in  0.677 seconds
Domain Reload Profiling:
	ReloadAssembly (678ms)
		BeginReloadAssembly (75ms)
			ExecutionOrderSort (0ms)
			DisableScriptedObjects (3ms)
			BackupInstance (0ms)
			ReleaseScriptingObjects (0ms)
			CreateAndSetChildDomain (25ms)
		EndReloadAssembly (572ms)
			LoadAssemblies (53ms)
			RebuildTransferFunctionScriptingTraits (0ms)
			SetupTypeCache (157ms)
			ReleaseScriptCaches (1ms)
			RebuildScriptCaches (33ms)
			SetupLoadedEditorAssemblies (287ms)
				LogAssemblyErrors (0ms)
				InitializePlatformSupportModulesInManaged (3ms)
				SetLoadedEditorAssemblies (0ms)
				RefreshPlugins (0ms)
				BeforeProcessingInitializeOnLoad (50ms)
				ProcessInitializeOnLoadAttributes (222ms)
				ProcessInitializeOnLoadMethodAttributes (8ms)
				AfterProcessingInitializeOnLoad (2ms)
				EditorAssembliesLoaded (0ms)
			ExecutionOrderSort2 (0ms)
			AwakeInstancesAfterBackupRestoration (1ms)
Platform modules already initialized, skipping
Switching build target platform(19) subTarget(0) extendedPlatform(0) -> platform(13) subTarget(537395200) extendedPlatform(0)
Refreshing native plugins compatible for Editor in 0.39 ms, found 5 plugins.
Preloading 0 native plugins for Editor in 0.00 ms.
Unloading 2372 Unused Serialized files (Serialized files now loaded: 0)
System memory in use before: 116.9 MB.
System memory in use after: 117.1 MB.

Unloading 21 unused Assets to reduce memory usage. Loaded Objects now: 2876.
Total: 2.013700 ms (FindLiveObjects: 0.105100 ms CreateObjectMapping: 0.037100 ms MarkObjects: 1.845300 ms  DeleteObjects: 0.025600 ms)

AssetImportParameters requested are different than current active one (requested -> active):
  custom:framework-win-MediaFoundation: 216162199b28c13a410421893ffa2e32 -> 
  custom:video-decoder-ogg-theora: a1e56fd34408186e4bbccfd4996cb3dc -> 
  custom:container-muxer-webm: aa71ff27fc2769a1b78a27578f13a17b -> 
  custom:container-demuxer-webm: 4f35f7cbe854078d1ac9338744f61a02 -> 
  custom:container-demuxer-ogg: 62fdf1f143b41e24485cea50d1cbac27 -> 
  custom:video-encoder-webm-vp8: eb34c28f22e8b96e1ab97ce403110664 -> 
  custom:video-codec-MediaFoundation-h265: 746d11721c4dcdbdad8f713fa42b33f4 -> 
  custom:video-decoder-webm-vp8: 9c59270c3fd7afecdb556c50c9e8de78 -> 
  custom:graphics/normal-map-encoding: 01000000000000000000000000000000 -> 02000000000000000000000000000000
  custom:audio-decoder-ogg-vorbis: bf7c407c2cedff20999df2af8eb42d56 -> 
  custom:audio-encoder-webm-vorbis: bf7c407c2cedff20999df2af8eb42d56 -> 
========================================================================
Received Import Request.
  Time since last request: 332.844517 seconds.
  path: Assets/CandyTheme/Prefabs/Path-3.prefab
  artifactKey: Guid(7062e804a9ba3e7469236849c9e724c1) Importer(815301076,1909f56bfc062723c751e8b465ee728b)
Start importing Assets/CandyTheme/Prefabs/Path-3.prefab using Guid(7062e804a9ba3e7469236849c9e724c1) Importer(815301076,1909f56bfc062723c751e8b465ee728b) Tried select unknown importer for id '-2' '00000000000000000000000000000000'
 -> (artifact id: '1197a17fd79a321ab3784099794ff195') in 0.669969 seconds 
========================================================================
Received Prepare
Registering precompiled user dll's ...
Registered in 0.001141 seconds.
Begin MonoManager ReloadAssembly
Native extension for WindowsStandalone target not found
Refreshing native plugins compatible for Editor in 0.42 ms, found 5 plugins.
Preloading 0 native plugins for Editor in 0.00 ms.
Mono: successfully reloaded assembly
- Completed reload, in  0.595 seconds
Domain Reload Profiling:
	ReloadAssembly (595ms)
		BeginReloadAssembly (66ms)
			ExecutionOrderSort (0ms)
			DisableScriptedObjects (2ms)
			BackupInstance (0ms)
			ReleaseScriptingObjects (0ms)
			CreateAndSetChildDomain (23ms)
		EndReloadAssembly (501ms)
			LoadAssemblies (48ms)
			RebuildTransferFunctionScriptingTraits (0ms)
			SetupTypeCache (137ms)
			ReleaseScriptCaches (1ms)
			RebuildScriptCaches (29ms)
			SetupLoadedEditorAssemblies (247ms)
				LogAssemblyErrors (0ms)
				InitializePlatformSupportModulesInManaged (3ms)
				SetLoadedEditorAssemblies (0ms)
				RefreshPlugins (0ms)
				BeforeProcessingInitializeOnLoad (44ms)
				ProcessInitializeOnLoadAttributes (191ms)
				ProcessInitializeOnLoadMethodAttributes (6ms)
				AfterProcessingInitializeOnLoad (2ms)
				EditorAssembliesLoaded (0ms)
			ExecutionOrderSort2 (0ms)
			AwakeInstancesAfterBackupRestoration (1ms)
Platform modules already initialized, skipping
Switching build target platform(19) subTarget(0) extendedPlatform(0) -> platform(13) subTarget(537395200) extendedPlatform(0)
Refreshing native plugins compatible for Editor in 0.38 ms, found 5 plugins.
Preloading 0 native plugins for Editor in 0.00 ms.
Unloading 2372 Unused Serialized files (Serialized files now loaded: 0)
System memory in use before: 117.1 MB.
System memory in use after: 117.3 MB.

Unloading 21 unused Assets to reduce memory usage. Loaded Objects now: 2880.
Total: 1.981300 ms (FindLiveObjects: 0.092700 ms CreateObjectMapping: 0.034100 ms MarkObjects: 1.833800 ms  DeleteObjects: 0.019900 ms)

AssetImportParameters requested are different than current active one (requested -> active):
  custom:framework-win-MediaFoundation: 216162199b28c13a410421893ffa2e32 -> 
  custom:video-decoder-ogg-theora: a1e56fd34408186e4bbccfd4996cb3dc -> 
  custom:container-muxer-webm: aa71ff27fc2769a1b78a27578f13a17b -> 
  custom:container-demuxer-webm: 4f35f7cbe854078d1ac9338744f61a02 -> 
  custom:container-demuxer-ogg: 62fdf1f143b41e24485cea50d1cbac27 -> 
  custom:video-encoder-webm-vp8: eb34c28f22e8b96e1ab97ce403110664 -> 
  custom:video-codec-MediaFoundation-h265: 746d11721c4dcdbdad8f713fa42b33f4 -> 
  custom:video-decoder-webm-vp8: 9c59270c3fd7afecdb556c50c9e8de78 -> 
  custom:graphics/normal-map-encoding: 01000000000000000000000000000000 -> 02000000000000000000000000000000
  custom:audio-decoder-ogg-vorbis: bf7c407c2cedff20999df2af8eb42d56 -> 
  custom:audio-encoder-webm-vorbis: bf7c407c2cedff20999df2af8eb42d56 -> 
========================================================================
Received Import Request.
  Time since last request: 97.931645 seconds.
  path: Assets/Forest/FOREST_MAP_.Textures/atlas_asia_pack_baseColor.png
  artifactKey: Guid(9b08f643b2b1a5b4b9058ccbc48e9b37) Importer(815301076,1909f56bfc062723c751e8b465ee728b)
Start importing Assets/Forest/FOREST_MAP_.Textures/atlas_asia_pack_baseColor.png using Guid(9b08f643b2b1a5b4b9058ccbc48e9b37) Importer(815301076,1909f56bfc062723c751e8b465ee728b)  -> (artifact id: 'c5c4682aa284c178a07320b0e341ccca') in 0.063353 seconds 
========================================================================
Received Import Request.
  Time since last request: 809.112242 seconds.
  path: Assets/Path_v2.prefab
  artifactKey: Guid(d346b9eefc27e4e4784e95c63361b53f) Importer(815301076,1909f56bfc062723c751e8b465ee728b)
Start importing Assets/Path_v2.prefab using Guid(d346b9eefc27e4e4784e95c63361b53f) Importer(815301076,1909f56bfc062723c751e8b465ee728b)  -> (artifact id: '266a8d2bcb65175e07289c395d796b54') in 0.169954 seconds 
========================================================================
Received Import Request.
  Time since last request: 55.671822 seconds.
  path: Assets/CandyTheme/Prefabs/Path-2.prefab
  artifactKey: Guid(64d28e9dd8ee94e49af35a7e4c815ba8) Importer(815301076,1909f56bfc062723c751e8b465ee728b)
Start importing Assets/CandyTheme/Prefabs/Path-2.prefab using Guid(64d28e9dd8ee94e49af35a7e4c815ba8) Importer(815301076,1909f56bfc062723c751e8b465ee728b) Tried select unknown importer for id '-2' '00000000000000000000000000000000'
 -> (artifact id: 'b750af4f798e0268cabda52f7a24c38a') in 0.723247 seconds 
========================================================================
Received Import Request.
  Time since last request: 9.710725 seconds.
  path: Assets/CandyTheme/Prefabs/Tracks/Path-1.prefab
  artifactKey: Guid(039477fd177868049b64a6250a022b65) Importer(815301076,1909f56bfc062723c751e8b465ee728b)
Start importing Assets/CandyTheme/Prefabs/Tracks/Path-1.prefab using Guid(039477fd177868049b64a6250a022b65) Importer(815301076,1909f56bfc062723c751e8b465ee728b) Tried select unknown importer for id '-2' '00000000000000000000000000000000'
 -> (artifact id: 'd1ac8851adffaf2801f1a474ae553394') in 0.497440 seconds 
========================================================================
Received Prepare
Registering precompiled user dll's ...
Registered in 0.001179 seconds.
Begin MonoManager ReloadAssembly
Native extension for WindowsStandalone target not found
Refreshing native plugins compatible for Editor in 0.42 ms, found 5 plugins.
Preloading 0 native plugins for Editor in 0.00 ms.
Mono: successfully reloaded assembly
- Completed reload, in  0.624 seconds
Domain Reload Profiling:
	ReloadAssembly (624ms)
		BeginReloadAssembly (67ms)
			ExecutionOrderSort (0ms)
			DisableScriptedObjects (2ms)
			BackupInstance (0ms)
			ReleaseScriptingObjects (0ms)
			CreateAndSetChildDomain (23ms)
		EndReloadAssembly (526ms)
			LoadAssemblies (49ms)
			RebuildTransferFunctionScriptingTraits (0ms)
			SetupTypeCache (137ms)
			ReleaseScriptCaches (1ms)
			RebuildScriptCaches (30ms)
			SetupLoadedEditorAssemblies (267ms)
				LogAssemblyErrors (0ms)
				InitializePlatformSupportModulesInManaged (3ms)
				SetLoadedEditorAssemblies (0ms)
				RefreshPlugins (0ms)
				BeforeProcessingInitializeOnLoad (50ms)
				ProcessInitializeOnLoadAttributes (204ms)
				ProcessInitializeOnLoadMethodAttributes (7ms)
				AfterProcessingInitializeOnLoad (2ms)
				EditorAssembliesLoaded (0ms)
			ExecutionOrderSort2 (0ms)
			AwakeInstancesAfterBackupRestoration (1ms)
Platform modules already initialized, skipping
Switching build target platform(19) subTarget(0) extendedPlatform(0) -> platform(13) subTarget(537395200) extendedPlatform(0)
Refreshing native plugins compatible for Editor in 0.40 ms, found 5 plugins.
Preloading 0 native plugins for Editor in 0.00 ms.
Unloading 2372 Unused Serialized files (Serialized files now loaded: 0)
System memory in use before: 117.4 MB.
System memory in use after: 117.6 MB.

Unloading 21 unused Assets to reduce memory usage. Loaded Objects now: 2886.
Total: 1.908000 ms (FindLiveObjects: 0.098700 ms CreateObjectMapping: 0.030500 ms MarkObjects: 1.760000 ms  DeleteObjects: 0.018200 ms)

AssetImportParameters requested are different than current active one (requested -> active):
  custom:framework-win-MediaFoundation: 216162199b28c13a410421893ffa2e32 -> 
  custom:video-decoder-ogg-theora: a1e56fd34408186e4bbccfd4996cb3dc -> 
  custom:container-muxer-webm: aa71ff27fc2769a1b78a27578f13a17b -> 
  custom:container-demuxer-webm: 4f35f7cbe854078d1ac9338744f61a02 -> 
  custom:container-demuxer-ogg: 62fdf1f143b41e24485cea50d1cbac27 -> 
  custom:video-encoder-webm-vp8: eb34c28f22e8b96e1ab97ce403110664 -> 
  custom:video-codec-MediaFoundation-h265: 746d11721c4dcdbdad8f713fa42b33f4 -> 
  custom:video-decoder-webm-vp8: 9c59270c3fd7afecdb556c50c9e8de78 -> 
  custom:graphics/normal-map-encoding: 01000000000000000000000000000000 -> 02000000000000000000000000000000
  custom:audio-decoder-ogg-vorbis: bf7c407c2cedff20999df2af8eb42d56 -> 
  custom:audio-encoder-webm-vorbis: bf7c407c2cedff20999df2af8eb42d56 -> 
========================================================================
Received Import Request.
  Time since last request: 8.227252 seconds.
  path: Assets/CandyTheme/Prefabs/Tracks/Path-2.prefab
  artifactKey: Guid(64bcb65226cc273459886558f20b4a74) Importer(815301076,1909f56bfc062723c751e8b465ee728b)
Start importing Assets/CandyTheme/Prefabs/Tracks/Path-2.prefab using Guid(64bcb65226cc273459886558f20b4a74) Importer(815301076,1909f56bfc062723c751e8b465ee728b) Tried select unknown importer for id '-2' '00000000000000000000000000000000'
 -> (artifact id: '116a3907573f728eb5e7b0ccc5f50c6b') in 0.634656 seconds 
========================================================================
Received Import Request.
  Time since last request: 24.798154 seconds.
  path: Assets/CandyTheme/Prefabs/Tracks/Path-1.prefab
  artifactKey: Guid(039477fd177868049b64a6250a022b65) Importer(815301076,1909f56bfc062723c751e8b465ee728b)
Start importing Assets/CandyTheme/Prefabs/Tracks/Path-1.prefab using Guid(039477fd177868049b64a6250a022b65) Importer(815301076,1909f56bfc062723c751e8b465ee728b) Tried select unknown importer for id '-2' '00000000000000000000000000000000'
 -> (artifact id: 'bc284add377018686449754ddb2b950e') in 0.574273 seconds 
========================================================================
Received Import Request.
  Time since last request: 3.279089 seconds.
  path: Assets/CandyTheme/Prefabs/Tracks/Path-2.prefab
  artifactKey: Guid(64bcb65226cc273459886558f20b4a74) Importer(815301076,1909f56bfc062723c751e8b465ee728b)
Start importing Assets/CandyTheme/Prefabs/Tracks/Path-2.prefab using Guid(64bcb65226cc273459886558f20b4a74) Importer(815301076,1909f56bfc062723c751e8b465ee728b) Tried select unknown importer for id '-2' '00000000000000000000000000000000'
 -> (artifact id: '577350f194e317345cf8a35fce1a299c') in 0.620012 seconds 
========================================================================
Received Import Request.
  Time since last request: 69.944789 seconds.
  path: Assets/beatsnoop.com-DLwpa.jpg
  artifactKey: Guid(3603d0ad30d1233479fc41eac73a07e2) Importer(815301076,1909f56bfc062723c751e8b465ee728b)
Start importing Assets/beatsnoop.com-DLwpa.jpg using Guid(3603d0ad30d1233479fc41eac73a07e2) Importer(815301076,1909f56bfc062723c751e8b465ee728b)  -> (artifact id: '73679321b45178e422ed03e6654dfd1b') in 0.034523 seconds 
========================================================================
Received Prepare
Registering precompiled user dll's ...
Registered in 0.001324 seconds.
Begin MonoManager ReloadAssembly
Native extension for WindowsStandalone target not found
Refreshing native plugins compatible for Editor in 0.43 ms, found 5 plugins.
Preloading 0 native plugins for Editor in 0.00 ms.
Mono: successfully reloaded assembly
- Completed reload, in  0.616 seconds
Domain Reload Profiling:
	ReloadAssembly (616ms)
		BeginReloadAssembly (67ms)
			ExecutionOrderSort (0ms)
			DisableScriptedObjects (2ms)
			BackupInstance (0ms)
			ReleaseScriptingObjects (0ms)
			CreateAndSetChildDomain (24ms)
		EndReloadAssembly (519ms)
			LoadAssemblies (48ms)
			RebuildTransferFunctionScriptingTraits (0ms)
			SetupTypeCache (139ms)
			ReleaseScriptCaches (1ms)
			RebuildScriptCaches (30ms)
			SetupLoadedEditorAssemblies (254ms)
				LogAssemblyErrors (0ms)
				InitializePlatformSupportModulesInManaged (3ms)
				SetLoadedEditorAssemblies (0ms)
				RefreshPlugins (0ms)
				BeforeProcessingInitializeOnLoad (46ms)
				ProcessInitializeOnLoadAttributes (194ms)
				ProcessInitializeOnLoadMethodAttributes (7ms)
				AfterProcessingInitializeOnLoad (2ms)
				EditorAssembliesLoaded (0ms)
			ExecutionOrderSort2 (0ms)
			AwakeInstancesAfterBackupRestoration (1ms)
Platform modules already initialized, skipping
Switching build target platform(19) subTarget(0) extendedPlatform(0) -> platform(13) subTarget(537395200) extendedPlatform(0)
Refreshing native plugins compatible for Editor in 0.37 ms, found 5 plugins.
Preloading 0 native plugins for Editor in 0.00 ms.
Unloading 2372 Unused Serialized files (Serialized files now loaded: 0)
System memory in use before: 117.5 MB.
System memory in use after: 117.7 MB.

Unloading 21 unused Assets to reduce memory usage. Loaded Objects now: 2890.
Total: 1.944900 ms (FindLiveObjects: 0.096500 ms CreateObjectMapping: 0.034600 ms MarkObjects: 1.795300 ms  DeleteObjects: 0.017700 ms)

AssetImportParameters requested are different than current active one (requested -> active):
  custom:framework-win-MediaFoundation: 216162199b28c13a410421893ffa2e32 -> 
  custom:video-decoder-ogg-theora: a1e56fd34408186e4bbccfd4996cb3dc -> 
  custom:container-muxer-webm: aa71ff27fc2769a1b78a27578f13a17b -> 
  custom:container-demuxer-webm: 4f35f7cbe854078d1ac9338744f61a02 -> 
  custom:container-demuxer-ogg: 62fdf1f143b41e24485cea50d1cbac27 -> 
  custom:video-encoder-webm-vp8: eb34c28f22e8b96e1ab97ce403110664 -> 
  custom:video-codec-MediaFoundation-h265: 746d11721c4dcdbdad8f713fa42b33f4 -> 
  custom:video-decoder-webm-vp8: 9c59270c3fd7afecdb556c50c9e8de78 -> 
  custom:graphics/normal-map-encoding: 01000000000000000000000000000000 -> 02000000000000000000000000000000
  custom:audio-decoder-ogg-vorbis: bf7c407c2cedff20999df2af8eb42d56 -> 
  custom:audio-encoder-webm-vorbis: bf7c407c2cedff20999df2af8eb42d56 -> 
========================================================================
Received Import Request.
  Time since last request: 3.772034 seconds.
  path: Assets/Path_v2.prefab
  artifactKey: Guid(d346b9eefc27e4e4784e95c63361b53f) Importer(815301076,1909f56bfc062723c751e8b465ee728b)
Start importing Assets/Path_v2.prefab using Guid(d346b9eefc27e4e4784e95c63361b53f) Importer(815301076,1909f56bfc062723c751e8b465ee728b)  -> (artifact id: '109522f8f5f22ca5a9c09dead36890a2') in 0.136135 seconds 
========================================================================
Received Prepare
Registering precompiled user dll's ...
Registered in 0.001226 seconds.
Begin MonoManager ReloadAssembly
Native extension for WindowsStandalone target not found
Refreshing native plugins compatible for Editor in 0.41 ms, found 5 plugins.
Preloading 0 native plugins for Editor in 0.00 ms.
Mono: successfully reloaded assembly
- Completed reload, in  0.591 seconds
Domain Reload Profiling:
	ReloadAssembly (591ms)
		BeginReloadAssembly (66ms)
			ExecutionOrderSort (0ms)
			DisableScriptedObjects (2ms)
			BackupInstance (0ms)
			ReleaseScriptingObjects (0ms)
			CreateAndSetChildDomain (23ms)
		EndReloadAssembly (497ms)
			LoadAssemblies (46ms)
			RebuildTransferFunctionScriptingTraits (0ms)
			SetupTypeCache (131ms)
			ReleaseScriptCaches (1ms)
			RebuildScriptCaches (29ms)
			SetupLoadedEditorAssemblies (245ms)
				LogAssemblyErrors (0ms)
				InitializePlatformSupportModulesInManaged (3ms)
				SetLoadedEditorAssemblies (0ms)
				RefreshPlugins (0ms)
				BeforeProcessingInitializeOnLoad (44ms)
				ProcessInitializeOnLoadAttributes (188ms)
				ProcessInitializeOnLoadMethodAttributes (6ms)
				AfterProcessingInitializeOnLoad (3ms)
				EditorAssembliesLoaded (0ms)
			ExecutionOrderSort2 (0ms)
			AwakeInstancesAfterBackupRestoration (1ms)
Platform modules already initialized, skipping
Switching build target platform(19) subTarget(0) extendedPlatform(0) -> platform(13) subTarget(537395200) extendedPlatform(0)
Refreshing native plugins compatible for Editor in 0.37 ms, found 5 plugins.
Preloading 0 native plugins for Editor in 0.00 ms.
Unloading 2373 Unused Serialized files (Serialized files now loaded: 0)
System memory in use before: 117.5 MB.
System memory in use after: 117.7 MB.

Unloading 20 unused Assets to reduce memory usage. Loaded Objects now: 2895.
Total: 2.064500 ms (FindLiveObjects: 0.105000 ms CreateObjectMapping: 0.036300 ms MarkObjects: 1.900000 ms  DeleteObjects: 0.022500 ms)

AssetImportParameters requested are different than current active one (requested -> active):
  custom:framework-win-MediaFoundation: 216162199b28c13a410421893ffa2e32 -> 
  custom:video-decoder-ogg-theora: a1e56fd34408186e4bbccfd4996cb3dc -> 
  custom:container-muxer-webm: aa71ff27fc2769a1b78a27578f13a17b -> 
  custom:container-demuxer-webm: 4f35f7cbe854078d1ac9338744f61a02 -> 
  custom:container-demuxer-ogg: 62fdf1f143b41e24485cea50d1cbac27 -> 
  custom:video-encoder-webm-vp8: eb34c28f22e8b96e1ab97ce403110664 -> 
  custom:video-codec-MediaFoundation-h265: 746d11721c4dcdbdad8f713fa42b33f4 -> 
  custom:video-decoder-webm-vp8: 9c59270c3fd7afecdb556c50c9e8de78 -> 
  custom:graphics/normal-map-encoding: 01000000000000000000000000000000 -> 02000000000000000000000000000000
  custom:audio-decoder-ogg-vorbis: bf7c407c2cedff20999df2af8eb42d56 -> 
  custom:audio-encoder-webm-vorbis: bf7c407c2cedff20999df2af8eb42d56 -> 
========================================================================
Received Import Request.
  Time since last request: 337.572288 seconds.
  path: Assets/Post.asset
  artifactKey: Guid(bc51584e59406bf4097366d56a4ac42d) Importer(815301076,1909f56bfc062723c751e8b465ee728b)
Start importing Assets/Post.asset using Guid(bc51584e59406bf4097366d56a4ac42d) Importer(815301076,1909f56bfc062723c751e8b465ee728b)  -> (artifact id: 'c9a22133451a83562a5ef8df25fc1a06') in 0.018111 seconds 
========================================================================
Received Prepare
Registering precompiled user dll's ...
Registered in 0.001162 seconds.
Begin MonoManager ReloadAssembly
Native extension for WindowsStandalone target not found
Refreshing native plugins compatible for Editor in 0.38 ms, found 5 plugins.
Preloading 0 native plugins for Editor in 0.00 ms.
Mono: successfully reloaded assembly
- Completed reload, in  0.596 seconds
Domain Reload Profiling:
	ReloadAssembly (597ms)
		BeginReloadAssembly (66ms)
			ExecutionOrderSort (0ms)
			DisableScriptedObjects (2ms)
			BackupInstance (0ms)
			ReleaseScriptingObjects (0ms)
			CreateAndSetChildDomain (23ms)
		EndReloadAssembly (502ms)
			LoadAssemblies (47ms)
			RebuildTransferFunctionScriptingTraits (0ms)
			SetupTypeCache (138ms)
			ReleaseScriptCaches (1ms)
			RebuildScriptCaches (28ms)
			SetupLoadedEditorAssemblies (242ms)
				LogAssemblyErrors (0ms)
				InitializePlatformSupportModulesInManaged (3ms)
				SetLoadedEditorAssemblies (0ms)
				RefreshPlugins (0ms)
				BeforeProcessingInitializeOnLoad (44ms)
				ProcessInitializeOnLoadAttributes (186ms)
				ProcessInitializeOnLoadMethodAttributes (6ms)
				AfterProcessingInitializeOnLoad (3ms)
				EditorAssembliesLoaded (0ms)
			ExecutionOrderSort2 (0ms)
			AwakeInstancesAfterBackupRestoration (1ms)
Platform modules already initialized, skipping
Switching build target platform(19) subTarget(0) extendedPlatform(0) -> platform(13) subTarget(537395200) extendedPlatform(0)
Refreshing native plugins compatible for Editor in 0.38 ms, found 5 plugins.
Preloading 0 native plugins for Editor in 0.00 ms.
Unloading 2373 Unused Serialized files (Serialized files now loaded: 0)
System memory in use before: 117.6 MB.
System memory in use after: 117.8 MB.

Unloading 20 unused Assets to reduce memory usage. Loaded Objects now: 2898.
Total: 1.903900 ms (FindLiveObjects: 0.101400 ms CreateObjectMapping: 0.030700 ms MarkObjects: 1.753100 ms  DeleteObjects: 0.017800 ms)

AssetImportParameters requested are different than current active one (requested -> active):
  custom:framework-win-MediaFoundation: 216162199b28c13a410421893ffa2e32 -> 
  custom:video-decoder-ogg-theora: a1e56fd34408186e4bbccfd4996cb3dc -> 
  custom:container-muxer-webm: aa71ff27fc2769a1b78a27578f13a17b -> 
  custom:container-demuxer-webm: 4f35f7cbe854078d1ac9338744f61a02 -> 
  custom:container-demuxer-ogg: 62fdf1f143b41e24485cea50d1cbac27 -> 
  custom:video-encoder-webm-vp8: eb34c28f22e8b96e1ab97ce403110664 -> 
  custom:video-codec-MediaFoundation-h265: 746d11721c4dcdbdad8f713fa42b33f4 -> 
  custom:video-decoder-webm-vp8: 9c59270c3fd7afecdb556c50c9e8de78 -> 
  custom:graphics/normal-map-encoding: 01000000000000000000000000000000 -> 02000000000000000000000000000000
  custom:audio-decoder-ogg-vorbis: bf7c407c2cedff20999df2af8eb42d56 -> 
  custom:audio-encoder-webm-vorbis: bf7c407c2cedff20999df2af8eb42d56 -> 
========================================================================
Received Import Request.
  Time since last request: 2572.352682 seconds.
  path: Assets/Forest/Prefabs/Track/Forest.prefab
  artifactKey: Guid(f7457a2405fbb134bbcf6538f08c55c1) Importer(815301076,1909f56bfc062723c751e8b465ee728b)
Start importing Assets/Forest/Prefabs/Track/Forest.prefab using Guid(f7457a2405fbb134bbcf6538f08c55c1) Importer(815301076,1909f56bfc062723c751e8b465ee728b) Tried select unknown importer for id '-2' '00000000000000000000000000000000'
 -> (artifact id: 'de68434f50c790ab6f7522b7cb47f3d0') in 2.432436 seconds 
========================================================================
Received Import Request.
  Time since last request: 445.180936 seconds.
  path: Assets/Collectables
  artifactKey: Guid(f9b514a8fa2e1694ea00cd1c37d0c6a3) Importer(815301076,1909f56bfc062723c751e8b465ee728b)
Start importing Assets/Collectables using Guid(f9b514a8fa2e1694ea00cd1c37d0c6a3) Importer(815301076,1909f56bfc062723c751e8b465ee728b)  -> (artifact id: '522407bbadb9b1862d501031664e06c9') in 0.006143 seconds 
========================================================================
Received Import Request.
  Time since last request: 8.843745 seconds.
  path: Assets/Collectables/Textures
  artifactKey: Guid(8cbfac34a38e8b844a21bd59826e6718) Importer(815301076,1909f56bfc062723c751e8b465ee728b)
Start importing Assets/Collectables/Textures using Guid(8cbfac34a38e8b844a21bd59826e6718) Importer(815301076,1909f56bfc062723c751e8b465ee728b)  -> (artifact id: '1f6bd6c2a4fbbb4291c2621763a74665') in 0.008818 seconds 
========================================================================
Received Import Request.
  Time since last request: 1.677782 seconds.
  path: Assets/Collectables/Textures 1
  artifactKey: Guid(d7b0c244ffd9981448cc17cad6b89a97) Importer(815301076,1909f56bfc062723c751e8b465ee728b)
Start importing Assets/Collectables/Textures 1 using Guid(d7b0c244ffd9981448cc17cad6b89a97) Importer(815301076,1909f56bfc062723c751e8b465ee728b)  -> (artifact id: '66ae8c5605051338904c25f46c3c6b54') in 0.010011 seconds 
========================================================================
Received Import Request.
  Time since last request: 7.822905 seconds.
  path: Assets/Collectables/Materials
  artifactKey: Guid(d7b0c244ffd9981448cc17cad6b89a97) Importer(815301076,1909f56bfc062723c751e8b465ee728b)
Start importing Assets/Collectables/Materials using Guid(d7b0c244ffd9981448cc17cad6b89a97) Importer(815301076,1909f56bfc062723c751e8b465ee728b)  -> (artifact id: '1c91720dfb22b06b421b401eca9c9582') in 0.010248 seconds 
========================================================================
Received Import Request.
  Time since last request: 4.250719 seconds.
  path: Assets/Collectables/Coin V 17.FBX
  artifactKey: Guid(c62911e8c7e396643820ce82a7de2374) Importer(815301076,1909f56bfc062723c751e8b465ee728b)
Start importing Assets/Collectables/Coin V 17.FBX using Guid(c62911e8c7e396643820ce82a7de2374) Importer(815301076,1909f56bfc062723c751e8b465ee728b)  -> (artifact id: '0fb04581a0ac99b21d797875ec0b701a') in 0.087546 seconds 
========================================================================
Received Import Request.
  Time since last request: 10.427313 seconds.
  path: Assets/Collectables/Coin V 17.FBX
  artifactKey: Guid(c62911e8c7e396643820ce82a7de2374) Importer(815301076,1909f56bfc062723c751e8b465ee728b)
Start importing Assets/Collectables/Coin V 17.FBX using Guid(c62911e8c7e396643820ce82a7de2374) Importer(815301076,1909f56bfc062723c751e8b465ee728b)  -> (artifact id: 'b7e62aa883a382abb55c60577cd487e6') in 0.026234 seconds 
========================================================================
Received Import Request.
  Time since last request: 26.985953 seconds.
  path: Assets/Collectables/Coin.FBX
  artifactKey: Guid(f3423c54085727944ab644cb562db652) Importer(815301076,1909f56bfc062723c751e8b465ee728b)
Start importing Assets/Collectables/Coin.FBX using Guid(f3423c54085727944ab644cb562db652) Importer(815301076,1909f56bfc062723c751e8b465ee728b)  -> (artifact id: 'e9e353619f8f6ed4c127c70def7d8885') in 0.019381 seconds 
========================================================================
Received Import Request.
  Time since last request: 6.155732 seconds.
  path: Assets/Collectables/Coin.FBX
  artifactKey: Guid(f3423c54085727944ab644cb562db652) Importer(815301076,1909f56bfc062723c751e8b465ee728b)
Start importing Assets/Collectables/Coin.FBX using Guid(f3423c54085727944ab644cb562db652) Importer(815301076,1909f56bfc062723c751e8b465ee728b)  -> (artifact id: 'a08c38081349f10688227a4d938aa664') in 0.045436 seconds 
========================================================================
Received Import Request.
  Time since last request: 4.400693 seconds.
  path: Assets/Collectables/Coin.FBX
  artifactKey: Guid(f3423c54085727944ab644cb562db652) Importer(815301076,1909f56bfc062723c751e8b465ee728b)
Start importing Assets/Collectables/Coin.FBX using Guid(f3423c54085727944ab644cb562db652) Importer(815301076,1909f56bfc062723c751e8b465ee728b)  -> (artifact id: '708ca6f8bbd1b9e5a61a6408b037dfab') in 0.050638 seconds 
========================================================================
Received Import Request.
  Time since last request: 13.998389 seconds.
  path: Assets/Collectables/Coin
  artifactKey: Guid(9122c546357c2d5458ddc7a8bb61ca29) Importer(815301076,1909f56bfc062723c751e8b465ee728b)
Start importing Assets/Collectables/Coin using Guid(9122c546357c2d5458ddc7a8bb61ca29) Importer(815301076,1909f56bfc062723c751e8b465ee728b)  -> (artifact id: '16e4c27400c0364f1ad8849d9a5c45e7') in 0.001298 seconds 
========================================================================
Received Import Request.
  Time since last request: 8.408803 seconds.
  path: Assets/Collectables/Coin 1
  artifactKey: Guid(f61e9ea223f1ce040bb5b40af5c764ed) Importer(815301076,1909f56bfc062723c751e8b465ee728b)
Start importing Assets/Collectables/Coin 1 using Guid(f61e9ea223f1ce040bb5b40af5c764ed) Importer(815301076,1909f56bfc062723c751e8b465ee728b)  -> (artifact id: '66d2ab69955c80bf0714936b9f7df0f9') in 0.006566 seconds 
========================================================================
Received Import Request.
  Time since last request: 6.286769 seconds.
  path: Assets/Collectables/HoverBoard
  artifactKey: Guid(f61e9ea223f1ce040bb5b40af5c764ed) Importer(815301076,1909f56bfc062723c751e8b465ee728b)
Start importing Assets/Collectables/HoverBoard using Guid(f61e9ea223f1ce040bb5b40af5c764ed) Importer(815301076,1909f56bfc062723c751e8b465ee728b)  -> (artifact id: '490a9b430727a3a0d0d186c9cc5c2970') in 0.007874 seconds 
========================================================================
Received Import Request.
  Time since last request: 99.487864 seconds.
  path: Assets/CandyTheme/Models/Obstacles_new/Trains/TRAINS.prefab
  artifactKey: Guid(71ea4b5cd3cd1354b9bdd872bd0cb002) Importer(815301076,1909f56bfc062723c751e8b465ee728b)
Start importing Assets/CandyTheme/Models/Obstacles_new/Trains/TRAINS.prefab using Guid(71ea4b5cd3cd1354b9bdd872bd0cb002) Importer(815301076,1909f56bfc062723c751e8b465ee728b)  -> (artifact id: '211433d78c8cae2ff3e76186a41bffdf') in 0.121660 seconds 
========================================================================
Received Prepare
Registering precompiled user dll's ...
Registered in 0.001033 seconds.
Begin MonoManager ReloadAssembly
Native extension for WindowsStandalone target not found
Refreshing native plugins compatible for Editor in 0.45 ms, found 5 plugins.
Preloading 0 native plugins for Editor in 0.00 ms.
Mono: successfully reloaded assembly
- Completed reload, in  0.619 seconds
Domain Reload Profiling:
	ReloadAssembly (619ms)
		BeginReloadAssembly (67ms)
			ExecutionOrderSort (0ms)
			DisableScriptedObjects (2ms)
			BackupInstance (0ms)
			ReleaseScriptingObjects (0ms)
			CreateAndSetChildDomain (22ms)
		EndReloadAssembly (522ms)
			LoadAssemblies (49ms)
			RebuildTransferFunctionScriptingTraits (0ms)
			SetupTypeCache (137ms)
			ReleaseScriptCaches (1ms)
			RebuildScriptCaches (30ms)
			SetupLoadedEditorAssemblies (245ms)
				LogAssemblyErrors (0ms)
				InitializePlatformSupportModulesInManaged (3ms)
				SetLoadedEditorAssemblies (0ms)
				RefreshPlugins (0ms)
				BeforeProcessingInitializeOnLoad (45ms)
				ProcessInitializeOnLoadAttributes (188ms)
				ProcessInitializeOnLoadMethodAttributes (7ms)
				AfterProcessingInitializeOnLoad (2ms)
				EditorAssembliesLoaded (0ms)
			ExecutionOrderSort2 (0ms)
			AwakeInstancesAfterBackupRestoration (1ms)
Platform modules already initialized, skipping
Switching build target platform(19) subTarget(0) extendedPlatform(0) -> platform(13) subTarget(537395200) extendedPlatform(0)
Refreshing native plugins compatible for Editor in 0.38 ms, found 5 plugins.
Preloading 0 native plugins for Editor in 0.00 ms.
Unloading 2373 Unused Serialized files (Serialized files now loaded: 0)
System memory in use before: 118.5 MB.
System memory in use after: 118.7 MB.

Unloading 21 unused Assets to reduce memory usage. Loaded Objects now: 2938.
Total: 1.996600 ms (FindLiveObjects: 0.145600 ms CreateObjectMapping: 0.032600 ms MarkObjects: 1.796100 ms  DeleteObjects: 0.021400 ms)

AssetImportParameters requested are different than current active one (requested -> active):
  custom:framework-win-MediaFoundation: 216162199b28c13a410421893ffa2e32 -> 
  custom:video-decoder-ogg-theora: a1e56fd34408186e4bbccfd4996cb3dc -> 
  custom:container-muxer-webm: aa71ff27fc2769a1b78a27578f13a17b -> 
  custom:container-demuxer-webm: 4f35f7cbe854078d1ac9338744f61a02 -> 
  custom:container-demuxer-ogg: 62fdf1f143b41e24485cea50d1cbac27 -> 
  custom:video-encoder-webm-vp8: eb34c28f22e8b96e1ab97ce403110664 -> 
  custom:video-codec-MediaFoundation-h265: 746d11721c4dcdbdad8f713fa42b33f4 -> 
  custom:video-decoder-webm-vp8: 9c59270c3fd7afecdb556c50c9e8de78 -> 
  custom:graphics/normal-map-encoding: 01000000000000000000000000000000 -> 02000000000000000000000000000000
  custom:audio-decoder-ogg-vorbis: bf7c407c2cedff20999df2af8eb42d56 -> 
  custom:audio-encoder-webm-vorbis: bf7c407c2cedff20999df2af8eb42d56 -> 
========================================================================
Received Import Request.
  Time since last request: 999.134929 seconds.
  path: Assets/CandyTheme/Prefabs/Trains/Train_Green.prefab
  artifactKey: Guid(c27fb4a4fc196ae4488ebb37594db6d3) Importer(815301076,1909f56bfc062723c751e8b465ee728b)
Start importing Assets/CandyTheme/Prefabs/Trains/Train_Green.prefab using Guid(c27fb4a4fc196ae4488ebb37594db6d3) Importer(815301076,1909f56bfc062723c751e8b465ee728b)  -> (artifact id: 'eaa9f55dceaabb1b986143621a202f74') in 0.048131 seconds 
========================================================================
Received Import Request.
  Time since last request: 0.896138 seconds.
  path: Assets/CandyTheme/Prefabs/Trains/Train_Purple.prefab
  artifactKey: Guid(4b35baea5bdf958498b7bb68d53d0a19) Importer(815301076,1909f56bfc062723c751e8b465ee728b)
Start importing Assets/CandyTheme/Prefabs/Trains/Train_Purple.prefab using Guid(4b35baea5bdf958498b7bb68d53d0a19) Importer(815301076,1909f56bfc062723c751e8b465ee728b)  -> (artifact id: '76e1d99ee4ea7fc57ef1705d3f786c91') in 0.035550 seconds 
========================================================================
Received Import Request.
  Time since last request: 2.625606 seconds.
  path: Assets/CandyTheme/Prefabs/Trains/Train_Yellow.prefab
  artifactKey: Guid(b9f4783bc50433148ac79be004712c37) Importer(815301076,1909f56bfc062723c751e8b465ee728b)
Start importing Assets/CandyTheme/Prefabs/Trains/Train_Yellow.prefab using Guid(b9f4783bc50433148ac79be004712c37) Importer(815301076,1909f56bfc062723c751e8b465ee728b)  -> (artifact id: '8b8462c1d28c0af16e72082598f166ac') in 0.040781 seconds 
========================================================================
Received Import Request.
  Time since last request: 19.932300 seconds.
  path: Assets/CandyTheme/Prefabs/Tracks/Path-2.prefab
  artifactKey: Guid(64bcb65226cc273459886558f20b4a74) Importer(815301076,1909f56bfc062723c751e8b465ee728b)
Start importing Assets/CandyTheme/Prefabs/Tracks/Path-2.prefab using Guid(64bcb65226cc273459886558f20b4a74) Importer(815301076,1909f56bfc062723c751e8b465ee728b) Tried select unknown importer for id '-2' '00000000000000000000000000000000'
 -> (artifact id: '04ba84cc44f4fddf6574ba88d94aa2a6') in 1.590365 seconds 
========================================================================
Received Import Request.
  Time since last request: 1.304563 seconds.
  path: Assets/CandyTheme/Prefabs/Tracks/Path-2.prefab
  artifactKey: Guid(64bcb65226cc273459886558f20b4a74) Importer(815301076,1909f56bfc062723c751e8b465ee728b)
Start importing Assets/CandyTheme/Prefabs/Tracks/Path-2.prefab using Guid(64bcb65226cc273459886558f20b4a74) Importer(815301076,1909f56bfc062723c751e8b465ee728b) Tried select unknown importer for id '-2' '00000000000000000000000000000000'
 -> (artifact id: '1f2829c6abc1cc1924bd3fa030c19258') in 0.572085 seconds 
========================================================================
Received Import Request.
  Time since last request: 1.255886 seconds.
  path: Assets/CandyTheme/Prefabs/Tracks/Path-2.prefab
  artifactKey: Guid(64bcb65226cc273459886558f20b4a74) Importer(815301076,1909f56bfc062723c751e8b465ee728b)
Start importing Assets/CandyTheme/Prefabs/Tracks/Path-2.prefab using Guid(64bcb65226cc273459886558f20b4a74) Importer(815301076,1909f56bfc062723c751e8b465ee728b) Tried select unknown importer for id '-2' '00000000000000000000000000000000'
 -> (artifact id: '2a2d672790e387b92287cdf0496b6f31') in 0.651001 seconds 
========================================================================
Received Import Request.
  Time since last request: 1.251227 seconds.
  path: Assets/CandyTheme/Prefabs/Tracks/Path-2.prefab
  artifactKey: Guid(64bcb65226cc273459886558f20b4a74) Importer(815301076,1909f56bfc062723c751e8b465ee728b)
Start importing Assets/CandyTheme/Prefabs/Tracks/Path-2.prefab using Guid(64bcb65226cc273459886558f20b4a74) Importer(815301076,1909f56bfc062723c751e8b465ee728b) Tried select unknown importer for id '-2' '00000000000000000000000000000000'
 -> (artifact id: 'fe4f31fcf09a48ef2cbab48d03d9b350') in 0.621293 seconds 
========================================================================
Received Prepare
Registering precompiled user dll's ...
Registered in 0.001068 seconds.
Begin MonoManager ReloadAssembly
Native extension for WindowsStandalone target not found
Refreshing native plugins compatible for Editor in 0.40 ms, found 5 plugins.
Preloading 0 native plugins for Editor in 0.00 ms.
Mono: successfully reloaded assembly
- Completed reload, in  0.608 seconds
Domain Reload Profiling:
	ReloadAssembly (608ms)
		BeginReloadAssembly (62ms)
			ExecutionOrderSort (0ms)
			DisableScriptedObjects (2ms)
			BackupInstance (0ms)
			ReleaseScriptingObjects (0ms)
			CreateAndSetChildDomain (20ms)
		EndReloadAssembly (517ms)
			LoadAssemblies (47ms)
			RebuildTransferFunctionScriptingTraits (0ms)
			SetupTypeCache (137ms)
			ReleaseScriptCaches (1ms)
			RebuildScriptCaches (32ms)
			SetupLoadedEditorAssemblies (247ms)
				LogAssemblyErrors (0ms)
				InitializePlatformSupportModulesInManaged (3ms)
				SetLoadedEditorAssemblies (0ms)
				RefreshPlugins (0ms)
				BeforeProcessingInitializeOnLoad (44ms)
				ProcessInitializeOnLoadAttributes (190ms)
				ProcessInitializeOnLoadMethodAttributes (7ms)
				AfterProcessingInitializeOnLoad (2ms)
				EditorAssembliesLoaded (0ms)
			ExecutionOrderSort2 (0ms)
			AwakeInstancesAfterBackupRestoration (1ms)
Platform modules already initialized, skipping
Switching build target platform(19) subTarget(0) extendedPlatform(0) -> platform(13) subTarget(537395200) extendedPlatform(0)
Refreshing native plugins compatible for Editor in 0.38 ms, found 5 plugins.
Preloading 0 native plugins for Editor in 0.00 ms.
Unloading 2373 Unused Serialized files (Serialized files now loaded: 0)
System memory in use before: 118.5 MB.
System memory in use after: 118.8 MB.

Unloading 21 unused Assets to reduce memory usage. Loaded Objects now: 2942.
Total: 1.977700 ms (FindLiveObjects: 0.105400 ms CreateObjectMapping: 0.034300 ms MarkObjects: 1.810600 ms  DeleteObjects: 0.026900 ms)

AssetImportParameters requested are different than current active one (requested -> active):
  custom:framework-win-MediaFoundation: 216162199b28c13a410421893ffa2e32 -> 
  custom:video-decoder-ogg-theora: a1e56fd34408186e4bbccfd4996cb3dc -> 
  custom:container-muxer-webm: aa71ff27fc2769a1b78a27578f13a17b -> 
  custom:container-demuxer-webm: 4f35f7cbe854078d1ac9338744f61a02 -> 
  custom:container-demuxer-ogg: 62fdf1f143b41e24485cea50d1cbac27 -> 
  custom:video-encoder-webm-vp8: eb34c28f22e8b96e1ab97ce403110664 -> 
  custom:video-codec-MediaFoundation-h265: 746d11721c4dcdbdad8f713fa42b33f4 -> 
  custom:video-decoder-webm-vp8: 9c59270c3fd7afecdb556c50c9e8de78 -> 
  custom:graphics/normal-map-encoding: 01000000000000000000000000000000 -> 02000000000000000000000000000000
  custom:audio-decoder-ogg-vorbis: bf7c407c2cedff20999df2af8eb42d56 -> 
  custom:audio-encoder-webm-vorbis: bf7c407c2cedff20999df2af8eb42d56 -> 
========================================================================
Received Prepare
Registering precompiled user dll's ...
Registered in 0.001151 seconds.
Begin MonoManager ReloadAssembly
Native extension for WindowsStandalone target not found
Refreshing native plugins compatible for Editor in 0.41 ms, found 5 plugins.
Preloading 0 native plugins for Editor in 0.00 ms.
Mono: successfully reloaded assembly
- Completed reload, in  0.606 seconds
Domain Reload Profiling:
	ReloadAssembly (606ms)
		BeginReloadAssembly (64ms)
			ExecutionOrderSort (0ms)
			DisableScriptedObjects (2ms)
			BackupInstance (0ms)
			ReleaseScriptingObjects (0ms)
			CreateAndSetChildDomain (21ms)
		EndReloadAssembly (513ms)
			LoadAssemblies (47ms)
			RebuildTransferFunctionScriptingTraits (0ms)
			SetupTypeCache (133ms)
			ReleaseScriptCaches (1ms)
			RebuildScriptCaches (29ms)
			SetupLoadedEditorAssemblies (251ms)
				LogAssemblyErrors (0ms)
				InitializePlatformSupportModulesInManaged (3ms)
				SetLoadedEditorAssemblies (0ms)
				RefreshPlugins (0ms)
				BeforeProcessingInitializeOnLoad (44ms)
				ProcessInitializeOnLoadAttributes (194ms)
				ProcessInitializeOnLoadMethodAttributes (7ms)
				AfterProcessingInitializeOnLoad (2ms)
				EditorAssembliesLoaded (0ms)
			ExecutionOrderSort2 (0ms)
			AwakeInstancesAfterBackupRestoration (1ms)
Platform modules already initialized, skipping
Switching build target platform(19) subTarget(0) extendedPlatform(0) -> platform(13) subTarget(537395200) extendedPlatform(0)
Refreshing native plugins compatible for Editor in 0.40 ms, found 5 plugins.
Preloading 0 native plugins for Editor in 0.00 ms.
Unloading 2373 Unused Serialized files (Serialized files now loaded: 0)
System memory in use before: 118.5 MB.
System memory in use after: 118.8 MB.

Unloading 20 unused Assets to reduce memory usage. Loaded Objects now: 2945.
Total: 1.939500 ms (FindLiveObjects: 0.114200 ms CreateObjectMapping: 0.039000 ms MarkObjects: 1.768300 ms  DeleteObjects: 0.017300 ms)

AssetImportParameters requested are different than current active one (requested -> active):
  custom:framework-win-MediaFoundation: 216162199b28c13a410421893ffa2e32 -> 
  custom:video-decoder-ogg-theora: a1e56fd34408186e4bbccfd4996cb3dc -> 
  custom:container-muxer-webm: aa71ff27fc2769a1b78a27578f13a17b -> 
  custom:container-demuxer-webm: 4f35f7cbe854078d1ac9338744f61a02 -> 
  custom:container-demuxer-ogg: 62fdf1f143b41e24485cea50d1cbac27 -> 
  custom:video-encoder-webm-vp8: eb34c28f22e8b96e1ab97ce403110664 -> 
  custom:video-codec-MediaFoundation-h265: 746d11721c4dcdbdad8f713fa42b33f4 -> 
  custom:video-decoder-webm-vp8: 9c59270c3fd7afecdb556c50c9e8de78 -> 
  custom:graphics/normal-map-encoding: 01000000000000000000000000000000 -> 02000000000000000000000000000000
  custom:audio-decoder-ogg-vorbis: bf7c407c2cedff20999df2af8eb42d56 -> 
  custom:audio-encoder-webm-vorbis: bf7c407c2cedff20999df2af8eb42d56 -> 
========================================================================
Received Import Request.
  Time since last request: 208.131569 seconds.
  path: Assets/CandyTheme/Prefabs/Trains/Train_Yellow.prefab
  artifactKey: Guid(b9f4783bc50433148ac79be004712c37) Importer(815301076,1909f56bfc062723c751e8b465ee728b)
Start importing Assets/CandyTheme/Prefabs/Trains/Train_Yellow.prefab using Guid(b9f4783bc50433148ac79be004712c37) Importer(815301076,1909f56bfc062723c751e8b465ee728b)  -> (artifact id: '197b0341fd63c681ecd2a8db7c13e1ff') in 0.071867 seconds 
========================================================================
Received Prepare
Registering precompiled user dll's ...
Registered in 0.001276 seconds.
Begin MonoManager ReloadAssembly
Native extension for WindowsStandalone target not found
Refreshing native plugins compatible for Editor in 0.37 ms, found 5 plugins.
Preloading 0 native plugins for Editor in 0.00 ms.
Mono: successfully reloaded assembly
- Completed reload, in  0.609 seconds
Domain Reload Profiling:
	ReloadAssembly (609ms)
		BeginReloadAssembly (65ms)
			ExecutionOrderSort (0ms)
			DisableScriptedObjects (2ms)
			BackupInstance (0ms)
			ReleaseScriptingObjects (0ms)
			CreateAndSetChildDomain (21ms)
		EndReloadAssembly (516ms)
			LoadAssemblies (47ms)
			RebuildTransferFunctionScriptingTraits (0ms)
			SetupTypeCache (137ms)
			ReleaseScriptCaches (1ms)
			RebuildScriptCaches (29ms)
			SetupLoadedEditorAssemblies (247ms)
				LogAssemblyErrors (0ms)
				InitializePlatformSupportModulesInManaged (3ms)
				SetLoadedEditorAssemblies (0ms)
				RefreshPlugins (0ms)
				BeforeProcessingInitializeOnLoad (45ms)
				ProcessInitializeOnLoadAttributes (189ms)
				ProcessInitializeOnLoadMethodAttributes (7ms)
				AfterProcessingInitializeOnLoad (2ms)
				EditorAssembliesLoaded (0ms)
			ExecutionOrderSort2 (0ms)
			AwakeInstancesAfterBackupRestoration (1ms)
Platform modules already initialized, skipping
Switching build target platform(19) subTarget(0) extendedPlatform(0) -> platform(13) subTarget(537395200) extendedPlatform(0)
Refreshing native plugins compatible for Editor in 0.40 ms, found 5 plugins.
Preloading 0 native plugins for Editor in 0.00 ms.
Unloading 2373 Unused Serialized files (Serialized files now loaded: 0)
System memory in use before: 118.4 MB.
System memory in use after: 118.7 MB.

Unloading 20 unused Assets to reduce memory usage. Loaded Objects now: 2949.
Total: 1.858900 ms (FindLiveObjects: 0.109500 ms CreateObjectMapping: 0.033200 ms MarkObjects: 1.697300 ms  DeleteObjects: 0.016200 ms)

AssetImportParameters requested are different than current active one (requested -> active):
  custom:framework-win-MediaFoundation: 216162199b28c13a410421893ffa2e32 -> 
  custom:video-decoder-ogg-theora: a1e56fd34408186e4bbccfd4996cb3dc -> 
  custom:container-muxer-webm: aa71ff27fc2769a1b78a27578f13a17b -> 
  custom:container-demuxer-webm: 4f35f7cbe854078d1ac9338744f61a02 -> 
  custom:container-demuxer-ogg: 62fdf1f143b41e24485cea50d1cbac27 -> 
  custom:video-encoder-webm-vp8: eb34c28f22e8b96e1ab97ce403110664 -> 
  custom:video-codec-MediaFoundation-h265: 746d11721c4dcdbdad8f713fa42b33f4 -> 
  custom:video-decoder-webm-vp8: 9c59270c3fd7afecdb556c50c9e8de78 -> 
  custom:graphics/normal-map-encoding: 01000000000000000000000000000000 -> 02000000000000000000000000000000
  custom:audio-decoder-ogg-vorbis: bf7c407c2cedff20999df2af8eb42d56 -> 
  custom:audio-encoder-webm-vorbis: bf7c407c2cedff20999df2af8eb42d56 -> 
========================================================================
Received Import Request.
  Time since last request: 42.480074 seconds.
  path: Assets/CandyTheme/Models/Obstacles_new/barrier/barrier.prefab
  artifactKey: Guid(50b4bb5c2e6e187438c2d8d55205b033) Importer(815301076,1909f56bfc062723c751e8b465ee728b)
Start importing Assets/CandyTheme/Models/Obstacles_new/barrier/barrier.prefab using Guid(50b4bb5c2e6e187438c2d8d55205b033) Importer(815301076,1909f56bfc062723c751e8b465ee728b)  -> (artifact id: '8eb1a9dcf74a41d17b8f508da638d3ff') in 0.091650 seconds 
========================================================================
Received Prepare
Registering precompiled user dll's ...
Registered in 0.001087 seconds.
Begin MonoManager ReloadAssembly
Native extension for WindowsStandalone target not found
Refreshing native plugins compatible for Editor in 0.37 ms, found 5 plugins.
Preloading 0 native plugins for Editor in 0.00 ms.
Mono: successfully reloaded assembly
- Completed reload, in  0.610 seconds
Domain Reload Profiling:
	ReloadAssembly (611ms)
		BeginReloadAssembly (69ms)
			ExecutionOrderSort (0ms)
			DisableScriptedObjects (2ms)
			BackupInstance (0ms)
			ReleaseScriptingObjects (0ms)
			CreateAndSetChildDomain (25ms)
		EndReloadAssembly (513ms)
			LoadAssemblies (47ms)
			RebuildTransferFunctionScriptingTraits (0ms)
			SetupTypeCache (132ms)
			ReleaseScriptCaches (1ms)
			RebuildScriptCaches (29ms)
			SetupLoadedEditorAssemblies (249ms)
				LogAssemblyErrors (0ms)
				InitializePlatformSupportModulesInManaged (3ms)
				SetLoadedEditorAssemblies (0ms)
				RefreshPlugins (0ms)
				BeforeProcessingInitializeOnLoad (44ms)
				ProcessInitializeOnLoadAttributes (193ms)
				ProcessInitializeOnLoadMethodAttributes (7ms)
				AfterProcessingInitializeOnLoad (2ms)
				EditorAssembliesLoaded (0ms)
			ExecutionOrderSort2 (0ms)
			AwakeInstancesAfterBackupRestoration (1ms)
Platform modules already initialized, skipping
Switching build target platform(19) subTarget(0) extendedPlatform(0) -> platform(13) subTarget(537395200) extendedPlatform(0)
Refreshing native plugins compatible for Editor in 0.37 ms, found 5 plugins.
Preloading 0 native plugins for Editor in 0.00 ms.
Unloading 2373 Unused Serialized files (Serialized files now loaded: 0)
System memory in use before: 118.6 MB.
System memory in use after: 118.8 MB.

Unloading 20 unused Assets to reduce memory usage. Loaded Objects now: 2953.
Total: 2.001100 ms (FindLiveObjects: 0.130500 ms CreateObjectMapping: 0.031900 ms MarkObjects: 1.813800 ms  DeleteObjects: 0.024100 ms)

AssetImportParameters requested are different than current active one (requested -> active):
  custom:framework-win-MediaFoundation: 216162199b28c13a410421893ffa2e32 -> 
  custom:video-decoder-ogg-theora: a1e56fd34408186e4bbccfd4996cb3dc -> 
  custom:container-muxer-webm: aa71ff27fc2769a1b78a27578f13a17b -> 
  custom:container-demuxer-webm: 4f35f7cbe854078d1ac9338744f61a02 -> 
  custom:container-demuxer-ogg: 62fdf1f143b41e24485cea50d1cbac27 -> 
  custom:video-encoder-webm-vp8: eb34c28f22e8b96e1ab97ce403110664 -> 
  custom:video-codec-MediaFoundation-h265: 746d11721c4dcdbdad8f713fa42b33f4 -> 
  custom:video-decoder-webm-vp8: 9c59270c3fd7afecdb556c50c9e8de78 -> 
  custom:graphics/normal-map-encoding: 01000000000000000000000000000000 -> 02000000000000000000000000000000
  custom:audio-decoder-ogg-vorbis: bf7c407c2cedff20999df2af8eb42d56 -> 
  custom:audio-encoder-webm-vorbis: bf7c407c2cedff20999df2af8eb42d56 -> 
========================================================================
Received Import Request.
  Time since last request: 380.024543 seconds.
  path: Assets/CandyTheme/Prefabs/Obstacles/Obstacle_Wooden_Box.prefab
  artifactKey: Guid(803a8d36a34992447bb2d92bbdcd5fb7) Importer(815301076,1909f56bfc062723c751e8b465ee728b)
Start importing Assets/CandyTheme/Prefabs/Obstacles/Obstacle_Wooden_Box.prefab using Guid(803a8d36a34992447bb2d92bbdcd5fb7) Importer(815301076,1909f56bfc062723c751e8b465ee728b)  -> (artifact id: 'f2ab3f57628a06583b5fb735fc727de2') in 0.052773 seconds 
========================================================================
Received Import Request.
  Time since last request: 2.865704 seconds.
  path: Assets/CandyTheme/Prefabs/Obstacles/Obstacle_Barrier.prefab
  artifactKey: Guid(c2ad12767b3515146a97d26ccc7b67c0) Importer(815301076,1909f56bfc062723c751e8b465ee728b)
Start importing Assets/CandyTheme/Prefabs/Obstacles/Obstacle_Barrier.prefab using Guid(c2ad12767b3515146a97d26ccc7b67c0) Importer(815301076,1909f56bfc062723c751e8b465ee728b)  -> (artifact id: '8f21bb2d809680be72462aa50d6c8144') in 0.015880 seconds 
========================================================================
Received Import Request.
  Time since last request: 7.145127 seconds.
  path: Assets/CandyTheme/Prefabs/Tracks/Path-1.prefab
  artifactKey: Guid(039477fd177868049b64a6250a022b65) Importer(815301076,1909f56bfc062723c751e8b465ee728b)
Start importing Assets/CandyTheme/Prefabs/Tracks/Path-1.prefab using Guid(039477fd177868049b64a6250a022b65) Importer(815301076,1909f56bfc062723c751e8b465ee728b) Tried select unknown importer for id '-2' '00000000000000000000000000000000'
 -> (artifact id: '2e73c1a3e707774d2e961b7fe67f1308') in 0.682158 seconds 
========================================================================
Received Import Request.
  Time since last request: 16.418498 seconds.
  path: Assets/CandyTheme/Prefabs/Tracks/Path-2.prefab
  artifactKey: Guid(64bcb65226cc273459886558f20b4a74) Importer(815301076,1909f56bfc062723c751e8b465ee728b)
Start importing Assets/CandyTheme/Prefabs/Tracks/Path-2.prefab using Guid(64bcb65226cc273459886558f20b4a74) Importer(815301076,1909f56bfc062723c751e8b465ee728b) Tried select unknown importer for id '-2' '00000000000000000000000000000000'
 -> (artifact id: '7da438950664564f3ef3fa827fd252e5') in 0.744039 seconds 
========================================================================
Received Import Request.
  Time since last request: 4.108365 seconds.
  path: Assets/CandyTheme/Prefabs/Tracks/Path-2.prefab
  artifactKey: Guid(64bcb65226cc273459886558f20b4a74) Importer(815301076,1909f56bfc062723c751e8b465ee728b)
Start importing Assets/CandyTheme/Prefabs/Tracks/Path-2.prefab using Guid(64bcb65226cc273459886558f20b4a74) Importer(815301076,1909f56bfc062723c751e8b465ee728b) Tried select unknown importer for id '-2' '00000000000000000000000000000000'
 -> (artifact id: '6e761273c55bc8fc5e4b99730954e0bc') in 0.595598 seconds 
========================================================================
Received Import Request.
  Time since last request: 1.513099 seconds.
  path: Assets/CandyTheme/Prefabs/Tracks/Path-2.prefab
  artifactKey: Guid(64bcb65226cc273459886558f20b4a74) Importer(815301076,1909f56bfc062723c751e8b465ee728b)
Start importing Assets/CandyTheme/Prefabs/Tracks/Path-2.prefab using Guid(64bcb65226cc273459886558f20b4a74) Importer(815301076,1909f56bfc062723c751e8b465ee728b) Tried select unknown importer for id '-2' '00000000000000000000000000000000'
 -> (artifact id: 'e298f68fb1d7b48a38cc61c2e09bb304') in 0.611642 seconds 
========================================================================
Received Import Request.
  Time since last request: 4.050261 seconds.
  path: Assets/CandyTheme/Prefabs/Tracks/Path-1.prefab
  artifactKey: Guid(039477fd177868049b64a6250a022b65) Importer(815301076,1909f56bfc062723c751e8b465ee728b)
Start importing Assets/CandyTheme/Prefabs/Tracks/Path-1.prefab using Guid(039477fd177868049b64a6250a022b65) Importer(815301076,1909f56bfc062723c751e8b465ee728b) Tried select unknown importer for id '-2' '00000000000000000000000000000000'
 -> (artifact id: 'e38405d3001080d772e6634be03c3f02') in 0.588366 seconds 
========================================================================
Received Prepare
Registering precompiled user dll's ...
Registered in 0.001064 seconds.
Begin MonoManager ReloadAssembly
Native extension for WindowsStandalone target not found
Refreshing native plugins compatible for Editor in 0.53 ms, found 5 plugins.
Preloading 0 native plugins for Editor in 0.00 ms.
Mono: successfully reloaded assembly
- Completed reload, in  0.632 seconds
Domain Reload Profiling:
	ReloadAssembly (632ms)
		BeginReloadAssembly (65ms)
			ExecutionOrderSort (0ms)
			DisableScriptedObjects (2ms)
			BackupInstance (0ms)
			ReleaseScriptingObjects (0ms)
			CreateAndSetChildDomain (21ms)
		EndReloadAssembly (538ms)
			LoadAssemblies (48ms)
			RebuildTransferFunctionScriptingTraits (0ms)
			SetupTypeCache (136ms)
			ReleaseScriptCaches (1ms)
			RebuildScriptCaches (31ms)
			SetupLoadedEditorAssemblies (260ms)
				LogAssemblyErrors (0ms)
				InitializePlatformSupportModulesInManaged (3ms)
				SetLoadedEditorAssemblies (0ms)
				RefreshPlugins (1ms)
				BeforeProcessingInitializeOnLoad (45ms)
				ProcessInitializeOnLoadAttributes (201ms)
				ProcessInitializeOnLoadMethodAttributes (7ms)
				AfterProcessingInitializeOnLoad (2ms)
				EditorAssembliesLoaded (0ms)
			ExecutionOrderSort2 (0ms)
			AwakeInstancesAfterBackupRestoration (1ms)
Platform modules already initialized, skipping
Switching build target platform(19) subTarget(0) extendedPlatform(0) -> platform(13) subTarget(537395200) extendedPlatform(0)
Refreshing native plugins compatible for Editor in 0.39 ms, found 5 plugins.
Preloading 0 native plugins for Editor in 0.00 ms.
Unloading 2373 Unused Serialized files (Serialized files now loaded: 0)
System memory in use before: 118.6 MB.
System memory in use after: 118.9 MB.

Unloading 21 unused Assets to reduce memory usage. Loaded Objects now: 2957.
Total: 1.812100 ms (FindLiveObjects: 0.100300 ms CreateObjectMapping: 0.038900 ms MarkObjects: 1.643900 ms  DeleteObjects: 0.028400 ms)

AssetImportParameters requested are different than current active one (requested -> active):
  custom:framework-win-MediaFoundation: 216162199b28c13a410421893ffa2e32 -> 
  custom:video-decoder-ogg-theora: a1e56fd34408186e4bbccfd4996cb3dc -> 
  custom:container-muxer-webm: aa71ff27fc2769a1b78a27578f13a17b -> 
  custom:container-demuxer-webm: 4f35f7cbe854078d1ac9338744f61a02 -> 
  custom:container-demuxer-ogg: 62fdf1f143b41e24485cea50d1cbac27 -> 
  custom:video-encoder-webm-vp8: eb34c28f22e8b96e1ab97ce403110664 -> 
  custom:video-codec-MediaFoundation-h265: 746d11721c4dcdbdad8f713fa42b33f4 -> 
  custom:video-decoder-webm-vp8: 9c59270c3fd7afecdb556c50c9e8de78 -> 
  custom:graphics/normal-map-encoding: 01000000000000000000000000000000 -> 02000000000000000000000000000000
  custom:audio-decoder-ogg-vorbis: bf7c407c2cedff20999df2af8eb42d56 -> 
  custom:audio-encoder-webm-vorbis: bf7c407c2cedff20999df2af8eb42d56 -> 
========================================================================
Received Prepare
Registering precompiled user dll's ...
Registered in 0.002028 seconds.
Begin MonoManager ReloadAssembly
Native extension for WindowsStandalone target not found
Refreshing native plugins compatible for Editor in 0.85 ms, found 5 plugins.
Preloading 0 native plugins for Editor in 0.00 ms.
Mono: successfully reloaded assembly
- Completed reload, in  1.159 seconds
Domain Reload Profiling:
	ReloadAssembly (1160ms)
		BeginReloadAssembly (139ms)
			ExecutionOrderSort (0ms)
			DisableScriptedObjects (6ms)
			BackupInstance (0ms)
			ReleaseScriptingObjects (0ms)
			CreateAndSetChildDomain (61ms)
		EndReloadAssembly (970ms)
			LoadAssemblies (96ms)
			RebuildTransferFunctionScriptingTraits (0ms)
			SetupTypeCache (250ms)
			ReleaseScriptCaches (2ms)
			RebuildScriptCaches (62ms)
			SetupLoadedEditorAssemblies (447ms)
				LogAssemblyErrors (0ms)
				InitializePlatformSupportModulesInManaged (6ms)
				SetLoadedEditorAssemblies (0ms)
				RefreshPlugins (1ms)
				BeforeProcessingInitializeOnLoad (88ms)
				ProcessInitializeOnLoadAttributes (335ms)
				ProcessInitializeOnLoadMethodAttributes (12ms)
				AfterProcessingInitializeOnLoad (5ms)
				EditorAssembliesLoaded (0ms)
			ExecutionOrderSort2 (0ms)
			AwakeInstancesAfterBackupRestoration (1ms)
Platform modules already initialized, skipping
Switching build target platform(19) subTarget(0) extendedPlatform(0) -> platform(13) subTarget(537395200) extendedPlatform(0)
Refreshing native plugins compatible for Editor in 0.72 ms, found 5 plugins.
Preloading 0 native plugins for Editor in 0.00 ms.
Unloading 2373 Unused Serialized files (Serialized files now loaded: 0)
System memory in use before: 118.6 MB.
System memory in use after: 118.9 MB.

Unloading 20 unused Assets to reduce memory usage. Loaded Objects now: 2960.
Total: 2.556800 ms (FindLiveObjects: 0.196800 ms CreateObjectMapping: 0.062400 ms MarkObjects: 2.276500 ms  DeleteObjects: 0.020300 ms)

AssetImportParameters requested are different than current active one (requested -> active):
  custom:framework-win-MediaFoundation: 216162199b28c13a410421893ffa2e32 -> 
  custom:video-decoder-ogg-theora: a1e56fd34408186e4bbccfd4996cb3dc -> 
  custom:container-muxer-webm: aa71ff27fc2769a1b78a27578f13a17b -> 
  custom:container-demuxer-webm: 4f35f7cbe854078d1ac9338744f61a02 -> 
  custom:container-demuxer-ogg: 62fdf1f143b41e24485cea50d1cbac27 -> 
  custom:video-encoder-webm-vp8: eb34c28f22e8b96e1ab97ce403110664 -> 
  custom:video-codec-MediaFoundation-h265: 746d11721c4dcdbdad8f713fa42b33f4 -> 
  custom:video-decoder-webm-vp8: 9c59270c3fd7afecdb556c50c9e8de78 -> 
  custom:graphics/normal-map-encoding: 01000000000000000000000000000000 -> 02000000000000000000000000000000
  custom:audio-decoder-ogg-vorbis: bf7c407c2cedff20999df2af8eb42d56 -> 
  custom:audio-encoder-webm-vorbis: bf7c407c2cedff20999df2af8eb42d56 -> 
========================================================================
Received Prepare
Registering precompiled user dll's ...
Registered in 0.002219 seconds.
Begin MonoManager ReloadAssembly
Native extension for WindowsStandalone target not found
Refreshing native plugins compatible for Editor in 0.73 ms, found 5 plugins.
Preloading 0 native plugins for Editor in 0.00 ms.
Mono: successfully reloaded assembly
- Completed reload, in  1.003 seconds
Domain Reload Profiling:
	ReloadAssembly (1003ms)
		BeginReloadAssembly (108ms)
			ExecutionOrderSort (0ms)
			DisableScriptedObjects (4ms)
			BackupInstance (0ms)
			ReleaseScriptingObjects (0ms)
			CreateAndSetChildDomain (37ms)
		EndReloadAssembly (847ms)
			LoadAssemblies (89ms)
			RebuildTransferFunctionScriptingTraits (0ms)
			SetupTypeCache (230ms)
			ReleaseScriptCaches (2ms)
			RebuildScriptCaches (75ms)
			SetupLoadedEditorAssemblies (364ms)
				LogAssemblyErrors (0ms)
				InitializePlatformSupportModulesInManaged (5ms)
				SetLoadedEditorAssemblies (0ms)
				RefreshPlugins (1ms)
				BeforeProcessingInitializeOnLoad (88ms)
				ProcessInitializeOnLoadAttributes (261ms)
				ProcessInitializeOnLoadMethodAttributes (6ms)
				AfterProcessingInitializeOnLoad (2ms)
				EditorAssembliesLoaded (0ms)
			ExecutionOrderSort2 (0ms)
			AwakeInstancesAfterBackupRestoration (1ms)
Platform modules already initialized, skipping
Switching build target platform(19) subTarget(0) extendedPlatform(0) -> platform(13) subTarget(537395200) extendedPlatform(0)
Refreshing native plugins compatible for Editor in 0.38 ms, found 5 plugins.
Preloading 0 native plugins for Editor in 0.00 ms.
Unloading 2373 Unused Serialized files (Serialized files now loaded: 0)
System memory in use before: 118.7 MB.
System memory in use after: 118.9 MB.

Unloading 20 unused Assets to reduce memory usage. Loaded Objects now: 2963.
Total: 1.912000 ms (FindLiveObjects: 0.101500 ms CreateObjectMapping: 0.030100 ms MarkObjects: 1.761800 ms  DeleteObjects: 0.017900 ms)

AssetImportParameters requested are different than current active one (requested -> active):
  custom:framework-win-MediaFoundation: 216162199b28c13a410421893ffa2e32 -> 
  custom:video-decoder-ogg-theora: a1e56fd34408186e4bbccfd4996cb3dc -> 
  custom:container-muxer-webm: aa71ff27fc2769a1b78a27578f13a17b -> 
  custom:container-demuxer-webm: 4f35f7cbe854078d1ac9338744f61a02 -> 
  custom:container-demuxer-ogg: 62fdf1f143b41e24485cea50d1cbac27 -> 
  custom:video-encoder-webm-vp8: eb34c28f22e8b96e1ab97ce403110664 -> 
  custom:video-codec-MediaFoundation-h265: 746d11721c4dcdbdad8f713fa42b33f4 -> 
  custom:video-decoder-webm-vp8: 9c59270c3fd7afecdb556c50c9e8de78 -> 
  custom:graphics/normal-map-encoding: 01000000000000000000000000000000 -> 02000000000000000000000000000000
  custom:audio-decoder-ogg-vorbis: bf7c407c2cedff20999df2af8eb42d56 -> 
  custom:audio-encoder-webm-vorbis: bf7c407c2cedff20999df2af8eb42d56 -> 
========================================================================
Received Import Request.
  Time since last request: 235.350943 seconds.
  path: Assets/side_variation_1.fbx
  artifactKey: Guid(c7264a6247024054386d665f6d4eade0) Importer(815301076,1909f56bfc062723c751e8b465ee728b)
Start importing Assets/side_variation_1.fbx using Guid(c7264a6247024054386d665f6d4eade0) Importer(815301076,1909f56bfc062723c751e8b465ee728b)  -> (artifact id: '7cd2fa863c885a639d6f67175223bab9') in 0.208487 seconds 
========================================================================
Received Import Request.
  Time since last request: 25.520134 seconds.
  path: Assets/CandyTheme/Models
  artifactKey: Guid(33c116cf6fff1fd458b6b6df87dc7c94) Importer(815301076,1909f56bfc062723c751e8b465ee728b)
Start importing Assets/CandyTheme/Models using Guid(33c116cf6fff1fd458b6b6df87dc7c94) Importer(815301076,1909f56bfc062723c751e8b465ee728b)  -> (artifact id: 'a9279e21a997815ef1801d13e31d0ed6') in 0.009031 seconds 
========================================================================
Received Import Request.
  Time since last request: 12.365560 seconds.
  path: Assets/CandyTheme/Models/2ndVariation
  artifactKey: Guid(0ec58eb29e2f0624bb295ddc9daf866f) Importer(815301076,1909f56bfc062723c751e8b465ee728b)
Start importing Assets/CandyTheme/Models/2ndVariation using Guid(0ec58eb29e2f0624bb295ddc9daf866f) Importer(815301076,1909f56bfc062723c751e8b465ee728b)  -> (artifact id: 'c3285b8918da5cffa2d74347c3354ac6') in 0.006969 seconds 
========================================================================
Received Import Request.
  Time since last request: 35.275768 seconds.
  path: Assets/CandyTheme/Models/2ndVariation/SIDES_START_POINT.prefab
  artifactKey: Guid(5d5ba1f783a82f74b893daa34ac68c8e) Importer(815301076,1909f56bfc062723c751e8b465ee728b)
Start importing Assets/CandyTheme/Models/2ndVariation/SIDES_START_POINT.prefab using Guid(5d5ba1f783a82f74b893daa34ac68c8e) Importer(815301076,1909f56bfc062723c751e8b465ee728b)  -> (artifact id: '63f2c94091027f755b91d24cd0ac38ae') in 0.133044 seconds 
========================================================================
Received Import Request.
  Time since last request: 1286.041385 seconds.
  path: Assets/ChocoBar.006 (1).prefab
  artifactKey: Guid(724b83375fc8f1946b8ca623a5d1ba9f) Importer(815301076,1909f56bfc062723c751e8b465ee728b)
Start importing Assets/ChocoBar.006 (1).prefab using Guid(724b83375fc8f1946b8ca623a5d1ba9f) Importer(815301076,1909f56bfc062723c751e8b465ee728b)  -> (artifact id: '5126498d7ea822b67d316daf47e3c8bb') in 0.030985 seconds 
========================================================================
Received Import Request.
  Time since last request: 606.180590 seconds.
  path: Assets/CandyTheme/Models/TUNNEL/TUNNEL.Textures/10020792.jpg
  artifactKey: Guid(89fd4175db968d74a9c89e308917185e) Importer(815301076,1909f56bfc062723c751e8b465ee728b)
Start importing Assets/CandyTheme/Models/TUNNEL/TUNNEL.Textures/10020792.jpg using Guid(89fd4175db968d74a9c89e308917185e) Importer(815301076,1909f56bfc062723c751e8b465ee728b)  -> (artifact id: '0cebc6090e9c652b8dc0ea4d3a516d90') in 0.080963 seconds 
========================================================================
Received Import Request.
  Time since last request: 0.526408 seconds.
  path: Assets/CandyTheme/Models/TUNNEL/TUNNEL.Textures/TREES.jpg
  artifactKey: Guid(3d623e0468d91294f9b3b985237e364d) Importer(815301076,1909f56bfc062723c751e8b465ee728b)
Start importing Assets/CandyTheme/Models/TUNNEL/TUNNEL.Textures/TREES.jpg using Guid(3d623e0468d91294f9b3b985237e364d) Importer(815301076,1909f56bfc062723c751e8b465ee728b)  -> (artifact id: '353da56a794573fc0a05104ddea6c585') in 0.074372 seconds 
========================================================================
Received Import Request.
  Time since last request: 69.157232 seconds.
  path: Assets/CandyTheme/Prefabs/Tracks/Path-1.prefab
  artifactKey: Guid(039477fd177868049b64a6250a022b65) Importer(815301076,1909f56bfc062723c751e8b465ee728b)
Start importing Assets/CandyTheme/Prefabs/Tracks/Path-1.prefab using Guid(039477fd177868049b64a6250a022b65) Importer(815301076,1909f56bfc062723c751e8b465ee728b) Tried select unknown importer for id '-2' '00000000000000000000000000000000'
 -> (artifact id: '4dd8a31dbe6365defd24aa0a00ef2203') in 0.624573 seconds 
========================================================================
Received Import Request.
  Time since last request: 0.582571 seconds.
  path: Assets/CandyTheme/Prefabs/Tracks/Path-2.prefab
  artifactKey: Guid(64bcb65226cc273459886558f20b4a74) Importer(815301076,1909f56bfc062723c751e8b465ee728b)
Start importing Assets/CandyTheme/Prefabs/Tracks/Path-2.prefab using Guid(64bcb65226cc273459886558f20b4a74) Importer(815301076,1909f56bfc062723c751e8b465ee728b) Tried select unknown importer for id '-2' '00000000000000000000000000000000'
 -> (artifact id: '5ae3d37f306ca28c16fec433cf61d0b4') in 0.601608 seconds 
========================================================================
Received Import Request.
  Time since last request: 4.123814 seconds.
  path: Assets/CandyTheme/Prefabs/Tracks/Path-1.prefab
  artifactKey: Guid(039477fd177868049b64a6250a022b65) Importer(815301076,1909f56bfc062723c751e8b465ee728b)
Start importing Assets/CandyTheme/Prefabs/Tracks/Path-1.prefab using Guid(039477fd177868049b64a6250a022b65) Importer(815301076,1909f56bfc062723c751e8b465ee728b) Tried select unknown importer for id '-2' '00000000000000000000000000000000'
 -> (artifact id: '77a5c8a21b860e6bc899a87aa6c43a8e') in 0.542030 seconds 
========================================================================
Received Import Request.
  Time since last request: 1.389341 seconds.
  path: Assets/CandyTheme/Prefabs/Tracks/Path-2.prefab
  artifactKey: Guid(64bcb65226cc273459886558f20b4a74) Importer(815301076,1909f56bfc062723c751e8b465ee728b)
Start importing Assets/CandyTheme/Prefabs/Tracks/Path-2.prefab using Guid(64bcb65226cc273459886558f20b4a74) Importer(815301076,1909f56bfc062723c751e8b465ee728b) Tried select unknown importer for id '-2' '00000000000000000000000000000000'
 -> (artifact id: 'd7e89f8fd07d04348fda1bdeebcfe913') in 0.546350 seconds 
========================================================================
Received Import Request.
  Time since last request: 1.765248 seconds.
  path: Assets/CandyTheme/Prefabs/Tracks/Path-3.prefab
  artifactKey: Guid(da1c5253ed119e54ca38c2e8c23e9942) Importer(815301076,1909f56bfc062723c751e8b465ee728b)
Start importing Assets/CandyTheme/Prefabs/Tracks/Path-3.prefab using Guid(da1c5253ed119e54ca38c2e8c23e9942) Importer(815301076,1909f56bfc062723c751e8b465ee728b) Tried select unknown importer for id '-2' '00000000000000000000000000000000'
 -> (artifact id: 'ac9dc7b4dba499b3303eb7f3755f6916') in 0.602904 seconds 
========================================================================
Received Import Request.
  Time since last request: 5.138497 seconds.
  path: Assets/CandyTheme/Prefabs/Trains
  artifactKey: Guid(4285fc0b50b6d4a40848a8e2b5a259cd) Importer(815301076,1909f56bfc062723c751e8b465ee728b)
Start importing Assets/CandyTheme/Prefabs/Trains using Guid(4285fc0b50b6d4a40848a8e2b5a259cd) Importer(815301076,1909f56bfc062723c751e8b465ee728b)  -> (artifact id: '672b6e53b1b59b1995c4c1ff08b6b571') in 0.007611 seconds 
========================================================================
Received Import Request.
  Time since last request: 23.249515 seconds.
  path: Assets/Models/models_V2/CHOCOBAR.jpg
  artifactKey: Guid(af4154c5a4c1172459e859971b8cdfbd) Importer(815301076,1909f56bfc062723c751e8b465ee728b)
Start importing Assets/Models/models_V2/CHOCOBAR.jpg using Guid(af4154c5a4c1172459e859971b8cdfbd) Importer(815301076,1909f56bfc062723c751e8b465ee728b)  -> (artifact id: '576c81a9ef01ff1d4fc4ea8ec8a61c6b') in 0.053523 seconds 
========================================================================
Received Import Request.
  Time since last request: 2.317737 seconds.
  path: Assets/Models/models_V2/TREES.jpg
  artifactKey: Guid(27c3a177cd811f14ab3576fa9f341d05) Importer(815301076,1909f56bfc062723c751e8b465ee728b)
Start importing Assets/Models/models_V2/TREES.jpg using Guid(27c3a177cd811f14ab3576fa9f341d05) Importer(815301076,1909f56bfc062723c751e8b465ee728b)  -> (artifact id: 'ca1a9e6cbb9763ee444a29d557d21d11') in 0.026918 seconds 
========================================================================
Received Import Request.
  Time since last request: 0.620276 seconds.
  path: Assets/Models/models_V2/START_POINT_OBJECTS.fbx
  artifactKey: Guid(35944c8ce87dc404d8026cc65e52e8a2) Importer(815301076,1909f56bfc062723c751e8b465ee728b)
Start importing Assets/Models/models_V2/START_POINT_OBJECTS.fbx using Guid(35944c8ce87dc404d8026cc65e52e8a2) Importer(815301076,1909f56bfc062723c751e8b465ee728b)  -> (artifact id: '69b329c7e58bf99e10cfe608095487d0') in 0.176208 seconds 
========================================================================
Received Import Request.
  Time since last request: 11.121277 seconds.
  path: Assets/Models/models_V2/CONE.jpg
  artifactKey: Guid(72374974d56152f4fba743aa6e7249da) Importer(815301076,1909f56bfc062723c751e8b465ee728b)
Start importing Assets/Models/models_V2/CONE.jpg using Guid(72374974d56152f4fba743aa6e7249da) Importer(815301076,1909f56bfc062723c751e8b465ee728b)  -> (artifact id: 'd767741bc1be8509f8e264eaf5ba29ec') in 0.058286 seconds 
========================================================================
Received Import Request.
  Time since last request: 63.354470 seconds.
  path: Assets/Models/models_V2/3f70df78debb4d6286b8bddc8a74a802_RGB_Bush_BaseColor.png
  artifactKey: Guid(b1135ac6372c14d42b330f168a652db9) Importer(815301076,1909f56bfc062723c751e8b465ee728b)
Start importing Assets/Models/models_V2/3f70df78debb4d6286b8bddc8a74a802_RGB_Bush_BaseColor.png using Guid(b1135ac6372c14d42b330f168a652db9) Importer(815301076,1909f56bfc062723c751e8b465ee728b)  -> (artifact id: 'a966c3c81f7ffed54e01bd39eb9ceedc') in 0.165796 seconds 
========================================================================
Received Import Request.
  Time since last request: 89.248672 seconds.
  path: Assets/CandyTheme/Models/ChicolateBar
  artifactKey: Guid(8648d8bd115ee1a4a9a24f28725a7efe) Importer(815301076,1909f56bfc062723c751e8b465ee728b)
Start importing Assets/CandyTheme/Models/ChicolateBar using Guid(8648d8bd115ee1a4a9a24f28725a7efe) Importer(815301076,1909f56bfc062723c751e8b465ee728b)  -> (artifact id: 'fe01fa5a62a0e4cc31ad8f07374f9ad5') in 0.006641 seconds 
========================================================================
Received Import Request.
  Time since last request: 2.148656 seconds.
  path: Assets/CandyTheme/Prefabs/ChocoBar.006 (1).prefab
  artifactKey: Guid(724b83375fc8f1946b8ca623a5d1ba9f) Importer(815301076,1909f56bfc062723c751e8b465ee728b)
Start importing Assets/CandyTheme/Prefabs/ChocoBar.006 (1).prefab using Guid(724b83375fc8f1946b8ca623a5d1ba9f) Importer(815301076,1909f56bfc062723c751e8b465ee728b)  -> (artifact id: '91b03ebd817782dacf9bd311fda626f8') in 0.003152 seconds 
========================================================================
Received Import Request.
  Time since last request: 27.526974 seconds.
  path: Assets/Models/models_V2/START_POINT_OBJECTS.fbx
  artifactKey: Guid(35944c8ce87dc404d8026cc65e52e8a2) Importer(815301076,1909f56bfc062723c751e8b465ee728b)
Start importing Assets/Models/models_V2/START_POINT_OBJECTS.fbx using Guid(35944c8ce87dc404d8026cc65e52e8a2) Importer(815301076,1909f56bfc062723c751e8b465ee728b)  -> (artifact id: '768e105bf789dcaffdcbc413db58eb6f') in 0.349277 seconds 
========================================================================
Received Import Request.
  Time since last request: 108.074930 seconds.
  path: Assets/CandyTheme/Models/ChicolateBar/Textures
  artifactKey: Guid(796c9497d3611c9428884bc2c310ec09) Importer(815301076,1909f56bfc062723c751e8b465ee728b)
Start importing Assets/CandyTheme/Models/ChicolateBar/Textures using Guid(796c9497d3611c9428884bc2c310ec09) Importer(815301076,1909f56bfc062723c751e8b465ee728b)  -> (artifact id: '3bfdb8b7608c8089482186fbb0d5d90d') in 0.007049 seconds 
========================================================================
Received Import Request.
  Time since last request: 1.702435 seconds.
  path: Assets/CandyTheme/Models/ChicolateBar/Textures 1
  artifactKey: Guid(1692131bc200854478753e975b16c17f) Importer(815301076,1909f56bfc062723c751e8b465ee728b)
Start importing Assets/CandyTheme/Models/ChicolateBar/Textures 1 using Guid(1692131bc200854478753e975b16c17f) Importer(815301076,1909f56bfc062723c751e8b465ee728b)  -> (artifact id: 'd6ffdad3f7dda577b32bafdeb22f9a08') in 0.003062 seconds 
========================================================================
Received Import Request.
  Time since last request: 10.025456 seconds.
  path: Assets/CandyTheme/Models/ChicolateBar/Materials
  artifactKey: Guid(1692131bc200854478753e975b16c17f) Importer(815301076,1909f56bfc062723c751e8b465ee728b)
Start importing Assets/CandyTheme/Models/ChicolateBar/Materials using Guid(1692131bc200854478753e975b16c17f) Importer(815301076,1909f56bfc062723c751e8b465ee728b)  -> (artifact id: '5173f19b44f13b4c4c938ef9954d62bd') in 0.001627 seconds 
========================================================================
Received Import Request.
  Time since last request: 16.832769 seconds.
  path: Assets/CandyTheme/Models/StartPointobject
  artifactKey: Guid(8648d8bd115ee1a4a9a24f28725a7efe) Importer(815301076,1909f56bfc062723c751e8b465ee728b)
Start importing Assets/CandyTheme/Models/StartPointobject using Guid(8648d8bd115ee1a4a9a24f28725a7efe) Importer(815301076,1909f56bfc062723c751e8b465ee728b)  -> (artifact id: 'c603fcbc2b51ecaf290e471f982e07f3') in 0.009792 seconds 
========================================================================
Received Import Request.
  Time since last request: 17.393643 seconds.
  path: Assets/Models
  artifactKey: Guid(79218faf2f59ca74bb163bffd739b716) Importer(815301076,1909f56bfc062723c751e8b465ee728b)
Start importing Assets/Models using Guid(79218faf2f59ca74bb163bffd739b716) Importer(815301076,1909f56bfc062723c751e8b465ee728b)  -> (artifact id: '7d0ab98e3ad857f98031a20e4db951a2') in 0.001923 seconds 
========================================================================
Received Import Request.
  Time since last request: 8.965024 seconds.
  path: Assets/CandyTheme/Models/StartPointobject/START_POINT_OBJECTS.fbx
  artifactKey: Guid(35944c8ce87dc404d8026cc65e52e8a2) Importer(815301076,1909f56bfc062723c751e8b465ee728b)
Start importing Assets/CandyTheme/Models/StartPointobject/START_POINT_OBJECTS.fbx using Guid(35944c8ce87dc404d8026cc65e52e8a2) Importer(815301076,1909f56bfc062723c751e8b465ee728b)  -> (artifact id: '6699fcc4897fd3099997ac40c77120f1') in 0.250291 seconds 
========================================================================
Received Import Request.
  Time since last request: 24.478789 seconds.
  path: Assets/CandyTheme/Prefabs/Tracks/Path-3.prefab
  artifactKey: Guid(da1c5253ed119e54ca38c2e8c23e9942) Importer(815301076,1909f56bfc062723c751e8b465ee728b)
Start importing Assets/CandyTheme/Prefabs/Tracks/Path-3.prefab using Guid(da1c5253ed119e54ca38c2e8c23e9942) Importer(815301076,1909f56bfc062723c751e8b465ee728b) Tried select unknown importer for id '-2' '00000000000000000000000000000000'
 -> (artifact id: '316288e271fac87e587b4310daac707a') in 0.515707 seconds 
========================================================================
Received Prepare
Registering precompiled user dll's ...
Registered in 0.001067 seconds.
Begin MonoManager ReloadAssembly
Native extension for WindowsStandalone target not found
Refreshing native plugins compatible for Editor in 0.40 ms, found 5 plugins.
Preloading 0 native plugins for Editor in 0.00 ms.
Mono: successfully reloaded assembly
- Completed reload, in  0.648 seconds
Domain Reload Profiling:
	ReloadAssembly (648ms)
		BeginReloadAssembly (68ms)
			ExecutionOrderSort (0ms)
			DisableScriptedObjects (2ms)
			BackupInstance (0ms)
			ReleaseScriptingObjects (0ms)
			CreateAndSetChildDomain (24ms)
		EndReloadAssembly (551ms)
			LoadAssemblies (48ms)
			RebuildTransferFunctionScriptingTraits (0ms)
			SetupTypeCache (139ms)
			ReleaseScriptCaches (1ms)
			RebuildScriptCaches (30ms)
			SetupLoadedEditorAssemblies (267ms)
				LogAssemblyErrors (0ms)
				InitializePlatformSupportModulesInManaged (3ms)
				SetLoadedEditorAssemblies (0ms)
				RefreshPlugins (0ms)
				BeforeProcessingInitializeOnLoad (45ms)
				ProcessInitializeOnLoadAttributes (209ms)
				ProcessInitializeOnLoadMethodAttributes (6ms)
				AfterProcessingInitializeOnLoad (2ms)
				EditorAssembliesLoaded (0ms)
			ExecutionOrderSort2 (0ms)
			AwakeInstancesAfterBackupRestoration (1ms)
Platform modules already initialized, skipping
Switching build target platform(19) subTarget(0) extendedPlatform(0) -> platform(13) subTarget(537395200) extendedPlatform(0)
Refreshing native plugins compatible for Editor in 0.40 ms, found 5 plugins.
Preloading 0 native plugins for Editor in 0.00 ms.
Unloading 2373 Unused Serialized files (Serialized files now loaded: 0)
System memory in use before: 120.4 MB.
System memory in use after: 120.6 MB.

Unloading 21 unused Assets to reduce memory usage. Loaded Objects now: 2967.
Total: 2.233400 ms (FindLiveObjects: 0.145100 ms CreateObjectMapping: 0.034100 ms MarkObjects: 2.031800 ms  DeleteObjects: 0.021400 ms)

AssetImportParameters requested are different than current active one (requested -> active):
  custom:framework-win-MediaFoundation: 216162199b28c13a410421893ffa2e32 -> 
  custom:video-decoder-ogg-theora: a1e56fd34408186e4bbccfd4996cb3dc -> 
  custom:container-muxer-webm: aa71ff27fc2769a1b78a27578f13a17b -> 
  custom:container-demuxer-webm: 4f35f7cbe854078d1ac9338744f61a02 -> 
  custom:container-demuxer-ogg: 62fdf1f143b41e24485cea50d1cbac27 -> 
  custom:video-encoder-webm-vp8: eb34c28f22e8b96e1ab97ce403110664 -> 
  custom:video-codec-MediaFoundation-h265: 746d11721c4dcdbdad8f713fa42b33f4 -> 
  custom:video-decoder-webm-vp8: 9c59270c3fd7afecdb556c50c9e8de78 -> 
  custom:graphics/normal-map-encoding: 01000000000000000000000000000000 -> 02000000000000000000000000000000
  custom:audio-decoder-ogg-vorbis: bf7c407c2cedff20999df2af8eb42d56 -> 
  custom:audio-encoder-webm-vorbis: bf7c407c2cedff20999df2af8eb42d56 -> 
========================================================================
Received Prepare
Registering precompiled user dll's ...
Registered in 0.001080 seconds.
Begin MonoManager ReloadAssembly
Native extension for WindowsStandalone target not found
Refreshing native plugins compatible for Editor in 0.44 ms, found 5 plugins.
Preloading 0 native plugins for Editor in 0.00 ms.
Mono: successfully reloaded assembly
- Completed reload, in  0.618 seconds
Domain Reload Profiling:
	ReloadAssembly (619ms)
		BeginReloadAssembly (63ms)
			ExecutionOrderSort (0ms)
			DisableScriptedObjects (2ms)
			BackupInstance (0ms)
			ReleaseScriptingObjects (0ms)
			CreateAndSetChildDomain (20ms)
		EndReloadAssembly (527ms)
			LoadAssemblies (47ms)
			RebuildTransferFunctionScriptingTraits (0ms)
			SetupTypeCache (133ms)
			ReleaseScriptCaches (1ms)
			RebuildScriptCaches (29ms)
			SetupLoadedEditorAssemblies (249ms)
				LogAssemblyErrors (0ms)
				InitializePlatformSupportModulesInManaged (3ms)
				SetLoadedEditorAssemblies (0ms)
				RefreshPlugins (0ms)
				BeforeProcessingInitializeOnLoad (45ms)
				ProcessInitializeOnLoadAttributes (192ms)
				ProcessInitializeOnLoadMethodAttributes (7ms)
				AfterProcessingInitializeOnLoad (2ms)
				EditorAssembliesLoaded (0ms)
			ExecutionOrderSort2 (0ms)
			AwakeInstancesAfterBackupRestoration (1ms)
Platform modules already initialized, skipping
Switching build target platform(19) subTarget(0) extendedPlatform(0) -> platform(13) subTarget(537395200) extendedPlatform(0)
Refreshing native plugins compatible for Editor in 0.39 ms, found 5 plugins.
Preloading 0 native plugins for Editor in 0.00 ms.
Unloading 2373 Unused Serialized files (Serialized files now loaded: 0)
System memory in use before: 120.4 MB.
System memory in use after: 120.7 MB.

Unloading 20 unused Assets to reduce memory usage. Loaded Objects now: 2970.
Total: 1.917500 ms (FindLiveObjects: 0.114300 ms CreateObjectMapping: 0.034800 ms MarkObjects: 1.750000 ms  DeleteObjects: 0.017700 ms)

AssetImportParameters requested are different than current active one (requested -> active):
  custom:framework-win-MediaFoundation: 216162199b28c13a410421893ffa2e32 -> 
  custom:video-decoder-ogg-theora: a1e56fd34408186e4bbccfd4996cb3dc -> 
  custom:container-muxer-webm: aa71ff27fc2769a1b78a27578f13a17b -> 
  custom:container-demuxer-webm: 4f35f7cbe854078d1ac9338744f61a02 -> 
  custom:container-demuxer-ogg: 62fdf1f143b41e24485cea50d1cbac27 -> 
  custom:video-encoder-webm-vp8: eb34c28f22e8b96e1ab97ce403110664 -> 
  custom:video-codec-MediaFoundation-h265: 746d11721c4dcdbdad8f713fa42b33f4 -> 
  custom:video-decoder-webm-vp8: 9c59270c3fd7afecdb556c50c9e8de78 -> 
  custom:graphics/normal-map-encoding: 01000000000000000000000000000000 -> 02000000000000000000000000000000
  custom:audio-decoder-ogg-vorbis: bf7c407c2cedff20999df2af8eb42d56 -> 
  custom:audio-encoder-webm-vorbis: bf7c407c2cedff20999df2af8eb42d56 -> 
========================================================================
Received Import Request.
  Time since last request: 118.174987 seconds.
  path: Assets/CandyTheme/Prefabs/Tracks/Path-1.prefab
  artifactKey: Guid(039477fd177868049b64a6250a022b65) Importer(815301076,1909f56bfc062723c751e8b465ee728b)
Start importing Assets/CandyTheme/Prefabs/Tracks/Path-1.prefab using Guid(039477fd177868049b64a6250a022b65) Importer(815301076,1909f56bfc062723c751e8b465ee728b) Tried select unknown importer for id '-2' '00000000000000000000000000000000'
 -> (artifact id: '394cdcd8a4579bdd68e1e86bdc63a66e') in 0.726248 seconds 
========================================================================
Received Import Request.
  Time since last request: 1.819935 seconds.
  path: Assets/CandyTheme/Prefabs/Tracks/Path-1.prefab
  artifactKey: Guid(039477fd177868049b64a6250a022b65) Importer(815301076,1909f56bfc062723c751e8b465ee728b)
Start importing Assets/CandyTheme/Prefabs/Tracks/Path-1.prefab using Guid(039477fd177868049b64a6250a022b65) Importer(815301076,1909f56bfc062723c751e8b465ee728b) Tried select unknown importer for id '-2' '00000000000000000000000000000000'
 -> (artifact id: 'c7ebccc28cce5bb03d4a87a9abd9ecc6') in 0.625722 seconds 
========================================================================
Received Import Request.
  Time since last request: 30.237031 seconds.
  path: Assets/CandyTheme/Prefabs/Tracks/Path-2.prefab
  artifactKey: Guid(64bcb65226cc273459886558f20b4a74) Importer(815301076,1909f56bfc062723c751e8b465ee728b)
Start importing Assets/CandyTheme/Prefabs/Tracks/Path-2.prefab using Guid(64bcb65226cc273459886558f20b4a74) Importer(815301076,1909f56bfc062723c751e8b465ee728b) Tried select unknown importer for id '-2' '00000000000000000000000000000000'
 -> (artifact id: '2af5f4caec18d4f76b930a24ce2e1771') in 0.659045 seconds 
========================================================================
Received Import Request.
  Time since last request: 1.159067 seconds.
  path: Assets/CandyTheme/Prefabs/Tracks/Path-3.prefab
  artifactKey: Guid(da1c5253ed119e54ca38c2e8c23e9942) Importer(815301076,1909f56bfc062723c751e8b465ee728b)
Start importing Assets/CandyTheme/Prefabs/Tracks/Path-3.prefab using Guid(da1c5253ed119e54ca38c2e8c23e9942) Importer(815301076,1909f56bfc062723c751e8b465ee728b) Tried select unknown importer for id '-2' '00000000000000000000000000000000'
 -> (artifact id: 'b5fb83b8357bd83dbd2e01766e436666') in 0.585883 seconds 
========================================================================
Received Prepare
Registering precompiled user dll's ...
Registered in 0.001316 seconds.
Begin MonoManager ReloadAssembly
Native extension for WindowsStandalone target not found
Refreshing native plugins compatible for Editor in 0.37 ms, found 5 plugins.
Preloading 0 native plugins for Editor in 0.00 ms.
Mono: successfully reloaded assembly
- Completed reload, in  0.620 seconds
Domain Reload Profiling:
	ReloadAssembly (621ms)
		BeginReloadAssembly (65ms)
			ExecutionOrderSort (0ms)
			DisableScriptedObjects (2ms)
			BackupInstance (0ms)
			ReleaseScriptingObjects (0ms)
			CreateAndSetChildDomain (21ms)
		EndReloadAssembly (528ms)
			LoadAssemblies (47ms)
			RebuildTransferFunctionScriptingTraits (0ms)
			SetupTypeCache (130ms)
			ReleaseScriptCaches (1ms)
			RebuildScriptCaches (30ms)
			SetupLoadedEditorAssemblies (249ms)
				LogAssemblyErrors (0ms)
				InitializePlatformSupportModulesInManaged (3ms)
				SetLoadedEditorAssemblies (0ms)
				RefreshPlugins (0ms)
				BeforeProcessingInitializeOnLoad (44ms)
				ProcessInitializeOnLoadAttributes (193ms)
				ProcessInitializeOnLoadMethodAttributes (7ms)
				AfterProcessingInitializeOnLoad (2ms)
				EditorAssembliesLoaded (0ms)
			ExecutionOrderSort2 (0ms)
			AwakeInstancesAfterBackupRestoration (1ms)
Platform modules already initialized, skipping
Switching build target platform(19) subTarget(0) extendedPlatform(0) -> platform(13) subTarget(537395200) extendedPlatform(0)
Refreshing native plugins compatible for Editor in 0.38 ms, found 5 plugins.
Preloading 0 native plugins for Editor in 0.00 ms.
Unloading 2373 Unused Serialized files (Serialized files now loaded: 0)
System memory in use before: 120.5 MB.
System memory in use after: 120.8 MB.

Unloading 21 unused Assets to reduce memory usage. Loaded Objects now: 2974.
Total: 1.991200 ms (FindLiveObjects: 0.115200 ms CreateObjectMapping: 0.032800 ms MarkObjects: 1.824700 ms  DeleteObjects: 0.017800 ms)

AssetImportParameters requested are different than current active one (requested -> active):
  custom:framework-win-MediaFoundation: 216162199b28c13a410421893ffa2e32 -> 
  custom:video-decoder-ogg-theora: a1e56fd34408186e4bbccfd4996cb3dc -> 
  custom:container-muxer-webm: aa71ff27fc2769a1b78a27578f13a17b -> 
  custom:container-demuxer-webm: 4f35f7cbe854078d1ac9338744f61a02 -> 
  custom:container-demuxer-ogg: 62fdf1f143b41e24485cea50d1cbac27 -> 
  custom:video-encoder-webm-vp8: eb34c28f22e8b96e1ab97ce403110664 -> 
  custom:video-codec-MediaFoundation-h265: 746d11721c4dcdbdad8f713fa42b33f4 -> 
  custom:video-decoder-webm-vp8: 9c59270c3fd7afecdb556c50c9e8de78 -> 
  custom:graphics/normal-map-encoding: 01000000000000000000000000000000 -> 02000000000000000000000000000000
  custom:audio-decoder-ogg-vorbis: bf7c407c2cedff20999df2af8eb42d56 -> 
  custom:audio-encoder-webm-vorbis: bf7c407c2cedff20999df2af8eb42d56 -> 
========================================================================
Received Prepare
Registering precompiled user dll's ...
Registered in 0.001440 seconds.
Begin MonoManager ReloadAssembly
Native extension for WindowsStandalone target not found
Refreshing native plugins compatible for Editor in 0.40 ms, found 5 plugins.
Preloading 0 native plugins for Editor in 0.00 ms.
Mono: successfully reloaded assembly
- Completed reload, in  0.615 seconds
Domain Reload Profiling:
	ReloadAssembly (615ms)
		BeginReloadAssembly (63ms)
			ExecutionOrderSort (0ms)
			DisableScriptedObjects (2ms)
			BackupInstance (0ms)
			ReleaseScriptingObjects (0ms)
			CreateAndSetChildDomain (20ms)
		EndReloadAssembly (523ms)
			LoadAssemblies (46ms)
			RebuildTransferFunctionScriptingTraits (0ms)
			SetupTypeCache (131ms)
			ReleaseScriptCaches (1ms)
			RebuildScriptCaches (28ms)
			SetupLoadedEditorAssemblies (245ms)
				LogAssemblyErrors (0ms)
				InitializePlatformSupportModulesInManaged (3ms)
				SetLoadedEditorAssemblies (0ms)
				RefreshPlugins (0ms)
				BeforeProcessingInitializeOnLoad (44ms)
				ProcessInitializeOnLoadAttributes (186ms)
				ProcessInitializeOnLoadMethodAttributes (9ms)
				AfterProcessingInitializeOnLoad (2ms)
				EditorAssembliesLoaded (0ms)
			ExecutionOrderSort2 (0ms)
			AwakeInstancesAfterBackupRestoration (1ms)
Platform modules already initialized, skipping
Switching build target platform(19) subTarget(0) extendedPlatform(0) -> platform(13) subTarget(537395200) extendedPlatform(0)
Refreshing native plugins compatible for Editor in 0.39 ms, found 5 plugins.
Preloading 0 native plugins for Editor in 0.00 ms.
Unloading 2373 Unused Serialized files (Serialized files now loaded: 0)
System memory in use before: 120.5 MB.
System memory in use after: 120.8 MB.

Unloading 20 unused Assets to reduce memory usage. Loaded Objects now: 2977.
Total: 1.862200 ms (FindLiveObjects: 0.111600 ms CreateObjectMapping: 0.032800 ms MarkObjects: 1.700000 ms  DeleteObjects: 0.017300 ms)

AssetImportParameters requested are different than current active one (requested -> active):
  custom:framework-win-MediaFoundation: 216162199b28c13a410421893ffa2e32 -> 
  custom:video-decoder-ogg-theora: a1e56fd34408186e4bbccfd4996cb3dc -> 
  custom:container-muxer-webm: aa71ff27fc2769a1b78a27578f13a17b -> 
  custom:container-demuxer-webm: 4f35f7cbe854078d1ac9338744f61a02 -> 
  custom:container-demuxer-ogg: 62fdf1f143b41e24485cea50d1cbac27 -> 
  custom:video-encoder-webm-vp8: eb34c28f22e8b96e1ab97ce403110664 -> 
  custom:video-codec-MediaFoundation-h265: 746d11721c4dcdbdad8f713fa42b33f4 -> 
  custom:video-decoder-webm-vp8: 9c59270c3fd7afecdb556c50c9e8de78 -> 
  custom:graphics/normal-map-encoding: 01000000000000000000000000000000 -> 02000000000000000000000000000000
  custom:audio-decoder-ogg-vorbis: bf7c407c2cedff20999df2af8eb42d56 -> 
  custom:audio-encoder-webm-vorbis: bf7c407c2cedff20999df2af8eb42d56 -> 
========================================================================
Received Import Request.
  Time since last request: 186.546042 seconds.
  path: Assets/CandyTheme/Prefabs/Tracks/Path-1.prefab
  artifactKey: Guid(039477fd177868049b64a6250a022b65) Importer(815301076,1909f56bfc062723c751e8b465ee728b)
Start importing Assets/CandyTheme/Prefabs/Tracks/Path-1.prefab using Guid(039477fd177868049b64a6250a022b65) Importer(815301076,1909f56bfc062723c751e8b465ee728b) Tried select unknown importer for id '-2' '00000000000000000000000000000000'
 -> (artifact id: 'c6badcfd221aba2f135cdec8ce904507') in 0.597130 seconds 
========================================================================
Received Import Request.
  Time since last request: 288.085838 seconds.
  path: Assets/CandyTheme/Prefabs/Tracks/Path-3.prefab
  artifactKey: Guid(da1c5253ed119e54ca38c2e8c23e9942) Importer(815301076,1909f56bfc062723c751e8b465ee728b)
Start importing Assets/CandyTheme/Prefabs/Tracks/Path-3.prefab using Guid(da1c5253ed119e54ca38c2e8c23e9942) Importer(815301076,1909f56bfc062723c751e8b465ee728b) Tried select unknown importer for id '-2' '00000000000000000000000000000000'
 -> (artifact id: '9b51844622b7158687ea3d56423c48ce') in 0.633317 seconds 
========================================================================
Received Prepare
Registering precompiled user dll's ...
Registered in 0.001090 seconds.
Begin MonoManager ReloadAssembly
Native extension for WindowsStandalone target not found
Refreshing native plugins compatible for Editor in 0.48 ms, found 5 plugins.
Preloading 0 native plugins for Editor in 0.00 ms.
Mono: successfully reloaded assembly
- Completed reload, in  0.649 seconds
Domain Reload Profiling:
	ReloadAssembly (649ms)
		BeginReloadAssembly (67ms)
			ExecutionOrderSort (0ms)
			DisableScriptedObjects (2ms)
			BackupInstance (0ms)
			ReleaseScriptingObjects (0ms)
			CreateAndSetChildDomain (22ms)
		EndReloadAssembly (553ms)
			LoadAssemblies (49ms)
			RebuildTransferFunctionScriptingTraits (0ms)
			SetupTypeCache (134ms)
			ReleaseScriptCaches (1ms)
			RebuildScriptCaches (30ms)
			SetupLoadedEditorAssemblies (262ms)
				LogAssemblyErrors (0ms)
				InitializePlatformSupportModulesInManaged (3ms)
				SetLoadedEditorAssemblies (0ms)
				RefreshPlugins (1ms)
				BeforeProcessingInitializeOnLoad (46ms)
				ProcessInitializeOnLoadAttributes (202ms)
				ProcessInitializeOnLoadMethodAttributes (9ms)
				AfterProcessingInitializeOnLoad (3ms)
				EditorAssembliesLoaded (0ms)
			ExecutionOrderSort2 (0ms)
			AwakeInstancesAfterBackupRestoration (1ms)
Platform modules already initialized, skipping
Switching build target platform(19) subTarget(0) extendedPlatform(0) -> platform(13) subTarget(537395200) extendedPlatform(0)
Refreshing native plugins compatible for Editor in 0.39 ms, found 5 plugins.
Preloading 0 native plugins for Editor in 0.00 ms.
Unloading 2373 Unused Serialized files (Serialized files now loaded: 0)
System memory in use before: 120.5 MB.
System memory in use after: 120.8 MB.

Unloading 21 unused Assets to reduce memory usage. Loaded Objects now: 2981.
Total: 1.957500 ms (FindLiveObjects: 0.110700 ms CreateObjectMapping: 0.032100 ms MarkObjects: 1.784600 ms  DeleteObjects: 0.029300 ms)

AssetImportParameters requested are different than current active one (requested -> active):
  custom:framework-win-MediaFoundation: 216162199b28c13a410421893ffa2e32 -> 
  custom:video-decoder-ogg-theora: a1e56fd34408186e4bbccfd4996cb3dc -> 
  custom:container-muxer-webm: aa71ff27fc2769a1b78a27578f13a17b -> 
  custom:container-demuxer-webm: 4f35f7cbe854078d1ac9338744f61a02 -> 
  custom:container-demuxer-ogg: 62fdf1f143b41e24485cea50d1cbac27 -> 
  custom:video-encoder-webm-vp8: eb34c28f22e8b96e1ab97ce403110664 -> 
  custom:video-codec-MediaFoundation-h265: 746d11721c4dcdbdad8f713fa42b33f4 -> 
  custom:video-decoder-webm-vp8: 9c59270c3fd7afecdb556c50c9e8de78 -> 
  custom:graphics/normal-map-encoding: 01000000000000000000000000000000 -> 02000000000000000000000000000000
  custom:audio-decoder-ogg-vorbis: bf7c407c2cedff20999df2af8eb42d56 -> 
  custom:audio-encoder-webm-vorbis: bf7c407c2cedff20999df2af8eb42d56 -> 
========================================================================
Received Prepare
Registering precompiled user dll's ...
Registered in 0.001056 seconds.
Begin MonoManager ReloadAssembly
Native extension for WindowsStandalone target not found
Refreshing native plugins compatible for Editor in 0.37 ms, found 5 plugins.
Preloading 0 native plugins for Editor in 0.00 ms.
Mono: successfully reloaded assembly
- Completed reload, in  0.635 seconds
Domain Reload Profiling:
	ReloadAssembly (635ms)
		BeginReloadAssembly (68ms)
			ExecutionOrderSort (0ms)
			DisableScriptedObjects (2ms)
			BackupInstance (0ms)
			ReleaseScriptingObjects (0ms)
			CreateAndSetChildDomain (21ms)
		EndReloadAssembly (537ms)
			LoadAssemblies (51ms)
			RebuildTransferFunctionScriptingTraits (0ms)
			SetupTypeCache (132ms)
			ReleaseScriptCaches (1ms)
			RebuildScriptCaches (29ms)
			SetupLoadedEditorAssemblies (249ms)
				LogAssemblyErrors (0ms)
				InitializePlatformSupportModulesInManaged (3ms)
				SetLoadedEditorAssemblies (0ms)
				RefreshPlugins (0ms)
				BeforeProcessingInitializeOnLoad (45ms)
				ProcessInitializeOnLoadAttributes (192ms)
				ProcessInitializeOnLoadMethodAttributes (6ms)
				AfterProcessingInitializeOnLoad (2ms)
				EditorAssembliesLoaded (0ms)
			ExecutionOrderSort2 (0ms)
			AwakeInstancesAfterBackupRestoration (1ms)
Platform modules already initialized, skipping
Switching build target platform(19) subTarget(0) extendedPlatform(0) -> platform(13) subTarget(537395200) extendedPlatform(0)
Refreshing native plugins compatible for Editor in 0.39 ms, found 5 plugins.
Preloading 0 native plugins for Editor in 0.00 ms.
Unloading 2373 Unused Serialized files (Serialized files now loaded: 0)
System memory in use before: 120.5 MB.
System memory in use after: 120.7 MB.

Unloading 20 unused Assets to reduce memory usage. Loaded Objects now: 2984.
Total: 2.050200 ms (FindLiveObjects: 0.128900 ms CreateObjectMapping: 0.041700 ms MarkObjects: 1.860300 ms  DeleteObjects: 0.018600 ms)

AssetImportParameters requested are different than current active one (requested -> active):
  custom:framework-win-MediaFoundation: 216162199b28c13a410421893ffa2e32 -> 
  custom:video-decoder-ogg-theora: a1e56fd34408186e4bbccfd4996cb3dc -> 
  custom:container-muxer-webm: aa71ff27fc2769a1b78a27578f13a17b -> 
  custom:container-demuxer-webm: 4f35f7cbe854078d1ac9338744f61a02 -> 
  custom:container-demuxer-ogg: 62fdf1f143b41e24485cea50d1cbac27 -> 
  custom:video-encoder-webm-vp8: eb34c28f22e8b96e1ab97ce403110664 -> 
  custom:video-codec-MediaFoundation-h265: 746d11721c4dcdbdad8f713fa42b33f4 -> 
  custom:video-decoder-webm-vp8: 9c59270c3fd7afecdb556c50c9e8de78 -> 
  custom:graphics/normal-map-encoding: 01000000000000000000000000000000 -> 02000000000000000000000000000000
  custom:audio-decoder-ogg-vorbis: bf7c407c2cedff20999df2af8eb42d56 -> 
  custom:audio-encoder-webm-vorbis: bf7c407c2cedff20999df2af8eb42d56 -> 
========================================================================
Received Prepare
Registering precompiled user dll's ...
Registered in 0.001076 seconds.
Begin MonoManager ReloadAssembly
Native extension for WindowsStandalone target not found
Refreshing native plugins compatible for Editor in 0.37 ms, found 5 plugins.
Preloading 0 native plugins for Editor in 0.00 ms.
Mono: successfully reloaded assembly
- Completed reload, in  0.632 seconds
Domain Reload Profiling:
	ReloadAssembly (633ms)
		BeginReloadAssembly (66ms)
			ExecutionOrderSort (0ms)
			DisableScriptedObjects (3ms)
			BackupInstance (0ms)
			ReleaseScriptingObjects (0ms)
			CreateAndSetChildDomain (21ms)
		EndReloadAssembly (537ms)
			LoadAssemblies (48ms)
			RebuildTransferFunctionScriptingTraits (0ms)
			SetupTypeCache (135ms)
			ReleaseScriptCaches (1ms)
			RebuildScriptCaches (29ms)
			SetupLoadedEditorAssemblies (247ms)
				LogAssemblyErrors (0ms)
				InitializePlatformSupportModulesInManaged (3ms)
				SetLoadedEditorAssemblies (0ms)
				RefreshPlugins (0ms)
				BeforeProcessingInitializeOnLoad (44ms)
				ProcessInitializeOnLoadAttributes (190ms)
				ProcessInitializeOnLoadMethodAttributes (7ms)
				AfterProcessingInitializeOnLoad (2ms)
				EditorAssembliesLoaded (0ms)
			ExecutionOrderSort2 (0ms)
			AwakeInstancesAfterBackupRestoration (1ms)
Platform modules already initialized, skipping
Switching build target platform(19) subTarget(0) extendedPlatform(0) -> platform(13) subTarget(537395200) extendedPlatform(0)
Refreshing native plugins compatible for Editor in 0.39 ms, found 5 plugins.
Preloading 0 native plugins for Editor in 0.00 ms.
Unloading 2373 Unused Serialized files (Serialized files now loaded: 0)
System memory in use before: 120.6 MB.
System memory in use after: 120.8 MB.

Unloading 20 unused Assets to reduce memory usage. Loaded Objects now: 2987.
Total: 1.952800 ms (FindLiveObjects: 0.100400 ms CreateObjectMapping: 0.037200 ms MarkObjects: 1.792400 ms  DeleteObjects: 0.022300 ms)

AssetImportParameters requested are different than current active one (requested -> active):
  custom:framework-win-MediaFoundation: 216162199b28c13a410421893ffa2e32 -> 
  custom:video-decoder-ogg-theora: a1e56fd34408186e4bbccfd4996cb3dc -> 
  custom:container-muxer-webm: aa71ff27fc2769a1b78a27578f13a17b -> 
  custom:container-demuxer-webm: 4f35f7cbe854078d1ac9338744f61a02 -> 
  custom:container-demuxer-ogg: 62fdf1f143b41e24485cea50d1cbac27 -> 
  custom:video-encoder-webm-vp8: eb34c28f22e8b96e1ab97ce403110664 -> 
  custom:video-codec-MediaFoundation-h265: 746d11721c4dcdbdad8f713fa42b33f4 -> 
  custom:video-decoder-webm-vp8: 9c59270c3fd7afecdb556c50c9e8de78 -> 
  custom:graphics/normal-map-encoding: 01000000000000000000000000000000 -> 02000000000000000000000000000000
  custom:audio-decoder-ogg-vorbis: bf7c407c2cedff20999df2af8eb42d56 -> 
  custom:audio-encoder-webm-vorbis: bf7c407c2cedff20999df2af8eb42d56 -> 
========================================================================
Received Import Request.
  Time since last request: 499.529044 seconds.
  path: Assets/New Lighting Settings.lighting
  artifactKey: Guid(2ad5d1df667e2d444bee8638eb00eaf5) Importer(815301076,1909f56bfc062723c751e8b465ee728b)
Start importing Assets/New Lighting Settings.lighting using Guid(2ad5d1df667e2d444bee8638eb00eaf5) Importer(815301076,1909f56bfc062723c751e8b465ee728b)  -> (artifact id: '67efc070ae14f1f4bee2cb78709dbc0b') in 0.051983 seconds 
========================================================================
Received Import Request.
  Time since last request: 32.578708 seconds.
  path: Assets/CandyTheme/Prefabs/Tracks/Path-1.prefab
  artifactKey: Guid(039477fd177868049b64a6250a022b65) Importer(815301076,1909f56bfc062723c751e8b465ee728b)
Start importing Assets/CandyTheme/Prefabs/Tracks/Path-1.prefab using Guid(039477fd177868049b64a6250a022b65) Importer(815301076,1909f56bfc062723c751e8b465ee728b) Tried select unknown importer for id '-2' '00000000000000000000000000000000'
 -> (artifact id: 'a5ae687b1dad4d35049a5bae8cadbe87') in 0.593889 seconds 
========================================================================
Received Import Request.
  Time since last request: 11.038883 seconds.
  path: Assets/CandyTheme/Prefabs/StaticVehicles/Train_Blue.prefab
  artifactKey: Guid(94fc938f36cfed34f91c3d9eaf3b2eb6) Importer(815301076,1909f56bfc062723c751e8b465ee728b)
Start importing Assets/CandyTheme/Prefabs/StaticVehicles/Train_Blue.prefab using Guid(94fc938f36cfed34f91c3d9eaf3b2eb6) Importer(815301076,1909f56bfc062723c751e8b465ee728b)  -> (artifact id: '4aedd5d85620aba82972cf682827d17a') in 0.048417 seconds 
========================================================================
Received Prepare
Registering precompiled user dll's ...
Registered in 0.001353 seconds.
Begin MonoManager ReloadAssembly
Native extension for WindowsStandalone target not found
Refreshing native plugins compatible for Editor in 0.38 ms, found 5 plugins.
Preloading 0 native plugins for Editor in 0.00 ms.
Mono: successfully reloaded assembly
- Completed reload, in  0.647 seconds
Domain Reload Profiling:
	ReloadAssembly (647ms)
		BeginReloadAssembly (63ms)
			ExecutionOrderSort (0ms)
			DisableScriptedObjects (2ms)
			BackupInstance (0ms)
			ReleaseScriptingObjects (0ms)
			CreateAndSetChildDomain (20ms)
		EndReloadAssembly (555ms)
			LoadAssemblies (45ms)
			RebuildTransferFunctionScriptingTraits (0ms)
			SetupTypeCache (131ms)
			ReleaseScriptCaches (1ms)
			RebuildScriptCaches (29ms)
			SetupLoadedEditorAssemblies (265ms)
				LogAssemblyErrors (0ms)
				InitializePlatformSupportModulesInManaged (3ms)
				SetLoadedEditorAssemblies (0ms)
				RefreshPlugins (0ms)
				BeforeProcessingInitializeOnLoad (47ms)
				ProcessInitializeOnLoadAttributes (205ms)
				ProcessInitializeOnLoadMethodAttributes (7ms)
				AfterProcessingInitializeOnLoad (2ms)
				EditorAssembliesLoaded (0ms)
			ExecutionOrderSort2 (0ms)
			AwakeInstancesAfterBackupRestoration (1ms)
Platform modules already initialized, skipping
Switching build target platform(19) subTarget(0) extendedPlatform(0) -> platform(13) subTarget(537395200) extendedPlatform(0)
Refreshing native plugins compatible for Editor in 0.39 ms, found 5 plugins.
Preloading 0 native plugins for Editor in 0.00 ms.
Unloading 2373 Unused Serialized files (Serialized files now loaded: 0)
System memory in use before: 120.6 MB.
System memory in use after: 120.8 MB.

Unloading 21 unused Assets to reduce memory usage. Loaded Objects now: 2991.
Total: 1.926800 ms (FindLiveObjects: 0.109800 ms CreateObjectMapping: 0.034000 ms MarkObjects: 1.761800 ms  DeleteObjects: 0.020600 ms)

AssetImportParameters requested are different than current active one (requested -> active):
  custom:framework-win-MediaFoundation: 216162199b28c13a410421893ffa2e32 -> 
  custom:video-decoder-ogg-theora: a1e56fd34408186e4bbccfd4996cb3dc -> 
  custom:container-muxer-webm: aa71ff27fc2769a1b78a27578f13a17b -> 
  custom:container-demuxer-webm: 4f35f7cbe854078d1ac9338744f61a02 -> 
  custom:container-demuxer-ogg: 62fdf1f143b41e24485cea50d1cbac27 -> 
  custom:video-encoder-webm-vp8: eb34c28f22e8b96e1ab97ce403110664 -> 
  custom:video-codec-MediaFoundation-h265: 746d11721c4dcdbdad8f713fa42b33f4 -> 
  custom:video-decoder-webm-vp8: 9c59270c3fd7afecdb556c50c9e8de78 -> 
  custom:graphics/normal-map-encoding: 01000000000000000000000000000000 -> 02000000000000000000000000000000
  custom:audio-decoder-ogg-vorbis: bf7c407c2cedff20999df2af8eb42d56 -> 
  custom:audio-encoder-webm-vorbis: bf7c407c2cedff20999df2af8eb42d56 -> 
========================================================================
Received Import Request.
  Time since last request: 14.075683 seconds.
  path: Assets/CandyTheme/Prefabs/Tracks/Path-1.prefab
  artifactKey: Guid(039477fd177868049b64a6250a022b65) Importer(815301076,1909f56bfc062723c751e8b465ee728b)
Start importing Assets/CandyTheme/Prefabs/Tracks/Path-1.prefab using Guid(039477fd177868049b64a6250a022b65) Importer(815301076,1909f56bfc062723c751e8b465ee728b) Tried select unknown importer for id '-2' '00000000000000000000000000000000'
 -> (artifact id: '98c614004fab80d536db2c331c2ae423') in 0.588818 seconds 
========================================================================
Received Import Request.
  Time since last request: 0.501361 seconds.
  path: Assets/CandyTheme/Prefabs/Tracks/Path-1.prefab
  artifactKey: Guid(039477fd177868049b64a6250a022b65) Importer(815301076,1909f56bfc062723c751e8b465ee728b)
Start importing Assets/CandyTheme/Prefabs/Tracks/Path-1.prefab using Guid(039477fd177868049b64a6250a022b65) Importer(815301076,1909f56bfc062723c751e8b465ee728b) Tried select unknown importer for id '-2' '00000000000000000000000000000000'
 -> (artifact id: '5b37aff4d060e231bbe9ad43849dfddb') in 0.549063 seconds 
========================================================================
Received Import Request.
  Time since last request: 1.943492 seconds.
  path: Assets/CandyTheme/Prefabs/Tracks/Path-1.prefab
  artifactKey: Guid(039477fd177868049b64a6250a022b65) Importer(815301076,1909f56bfc062723c751e8b465ee728b)
Start importing Assets/CandyTheme/Prefabs/Tracks/Path-1.prefab using Guid(039477fd177868049b64a6250a022b65) Importer(815301076,1909f56bfc062723c751e8b465ee728b) Tried select unknown importer for id '-2' '00000000000000000000000000000000'
 -> (artifact id: 'c9d456b9b736487a68e5bfcf4efe45be') in 0.721867 seconds 
========================================================================
Received Import Request.
  Time since last request: 1.539383 seconds.
  path: Assets/CandyTheme/Prefabs/Tracks/Path-1.prefab
  artifactKey: Guid(039477fd177868049b64a6250a022b65) Importer(815301076,1909f56bfc062723c751e8b465ee728b)
Start importing Assets/CandyTheme/Prefabs/Tracks/Path-1.prefab using Guid(039477fd177868049b64a6250a022b65) Importer(815301076,1909f56bfc062723c751e8b465ee728b) Tried select unknown importer for id '-2' '00000000000000000000000000000000'
 -> (artifact id: '8e3fcc8f1dab6dea8670a765b2bfd577') in 0.672332 seconds 
========================================================================
Received Prepare
Registering precompiled user dll's ...
Registered in 0.001177 seconds.
Begin MonoManager ReloadAssembly
Native extension for WindowsStandalone target not found
Refreshing native plugins compatible for Editor in 0.36 ms, found 5 plugins.
Preloading 0 native plugins for Editor in 0.00 ms.
Mono: successfully reloaded assembly
- Completed reload, in  0.624 seconds
Domain Reload Profiling:
	ReloadAssembly (625ms)
		BeginReloadAssembly (63ms)
			ExecutionOrderSort (0ms)
			DisableScriptedObjects (2ms)
			BackupInstance (0ms)
			ReleaseScriptingObjects (0ms)
			CreateAndSetChildDomain (20ms)
		EndReloadAssembly (532ms)
			LoadAssemblies (47ms)
			RebuildTransferFunctionScriptingTraits (0ms)
			SetupTypeCache (130ms)
			ReleaseScriptCaches (1ms)
			RebuildScriptCaches (29ms)
			SetupLoadedEditorAssemblies (245ms)
				LogAssemblyErrors (0ms)
				InitializePlatformSupportModulesInManaged (3ms)
				SetLoadedEditorAssemblies (0ms)
				RefreshPlugins (0ms)
				BeforeProcessingInitializeOnLoad (45ms)
				ProcessInitializeOnLoadAttributes (189ms)
				ProcessInitializeOnLoadMethodAttributes (6ms)
				AfterProcessingInitializeOnLoad (2ms)
				EditorAssembliesLoaded (0ms)
			ExecutionOrderSort2 (0ms)
			AwakeInstancesAfterBackupRestoration (1ms)
Platform modules already initialized, skipping
Switching build target platform(19) subTarget(0) extendedPlatform(0) -> platform(13) subTarget(537395200) extendedPlatform(0)
Refreshing native plugins compatible for Editor in 0.39 ms, found 5 plugins.
Preloading 0 native plugins for Editor in 0.00 ms.
Unloading 2373 Unused Serialized files (Serialized files now loaded: 0)
System memory in use before: 120.6 MB.
System memory in use after: 120.8 MB.

Unloading 21 unused Assets to reduce memory usage. Loaded Objects now: 2995.
Total: 2.092500 ms (FindLiveObjects: 0.108600 ms CreateObjectMapping: 0.035700 ms MarkObjects: 1.926800 ms  DeleteObjects: 0.020800 ms)

AssetImportParameters requested are different than current active one (requested -> active):
  custom:framework-win-MediaFoundation: 216162199b28c13a410421893ffa2e32 -> 
  custom:video-decoder-ogg-theora: a1e56fd34408186e4bbccfd4996cb3dc -> 
  custom:container-muxer-webm: aa71ff27fc2769a1b78a27578f13a17b -> 
  custom:container-demuxer-webm: 4f35f7cbe854078d1ac9338744f61a02 -> 
  custom:container-demuxer-ogg: 62fdf1f143b41e24485cea50d1cbac27 -> 
  custom:video-encoder-webm-vp8: eb34c28f22e8b96e1ab97ce403110664 -> 
  custom:video-codec-MediaFoundation-h265: 746d11721c4dcdbdad8f713fa42b33f4 -> 
  custom:video-decoder-webm-vp8: 9c59270c3fd7afecdb556c50c9e8de78 -> 
  custom:graphics/normal-map-encoding: 01000000000000000000000000000000 -> 02000000000000000000000000000000
  custom:audio-decoder-ogg-vorbis: bf7c407c2cedff20999df2af8eb42d56 -> 
  custom:audio-encoder-webm-vorbis: bf7c407c2cedff20999df2af8eb42d56 -> 
========================================================================
Received Import Request.
  Time since last request: 129.933875 seconds.
  path: Assets/CandyTheme/Prefabs/Trains/Train_Purple.prefab
  artifactKey: Guid(4b35baea5bdf958498b7bb68d53d0a19) Importer(815301076,1909f56bfc062723c751e8b465ee728b)
Start importing Assets/CandyTheme/Prefabs/Trains/Train_Purple.prefab using Guid(4b35baea5bdf958498b7bb68d53d0a19) Importer(815301076,1909f56bfc062723c751e8b465ee728b)  -> (artifact id: '404ae9ba381409fd0ff81bf4b4101119') in 0.069830 seconds 
========================================================================
Received Prepare
Registering precompiled user dll's ...
Registered in 0.001086 seconds.
Begin MonoManager ReloadAssembly
Native extension for WindowsStandalone target not found
Refreshing native plugins compatible for Editor in 0.38 ms, found 5 plugins.
Preloading 0 native plugins for Editor in 0.00 ms.
Mono: successfully reloaded assembly
- Completed reload, in  0.634 seconds
Domain Reload Profiling:
	ReloadAssembly (635ms)
		BeginReloadAssembly (64ms)
			ExecutionOrderSort (0ms)
			DisableScriptedObjects (2ms)
			BackupInstance (0ms)
			ReleaseScriptingObjects (0ms)
			CreateAndSetChildDomain (20ms)
		EndReloadAssembly (542ms)
			LoadAssemblies (48ms)
			RebuildTransferFunctionScriptingTraits (0ms)
			SetupTypeCache (129ms)
			ReleaseScriptCaches (1ms)
			RebuildScriptCaches (28ms)
			SetupLoadedEditorAssemblies (254ms)
				LogAssemblyErrors (0ms)
				InitializePlatformSupportModulesInManaged (3ms)
				SetLoadedEditorAssemblies (0ms)
				RefreshPlugins (0ms)
				BeforeProcessingInitializeOnLoad (45ms)
				ProcessInitializeOnLoadAttributes (196ms)
				ProcessInitializeOnLoadMethodAttributes (7ms)
				AfterProcessingInitializeOnLoad (2ms)
				EditorAssembliesLoaded (0ms)
			ExecutionOrderSort2 (0ms)
			AwakeInstancesAfterBackupRestoration (1ms)
Platform modules already initialized, skipping
Switching build target platform(19) subTarget(0) extendedPlatform(0) -> platform(13) subTarget(537395200) extendedPlatform(0)
Refreshing native plugins compatible for Editor in 0.38 ms, found 5 plugins.
Preloading 0 native plugins for Editor in 0.00 ms.
Unloading 2373 Unused Serialized files (Serialized files now loaded: 0)
System memory in use before: 120.6 MB.
System memory in use after: 120.8 MB.

Unloading 20 unused Assets to reduce memory usage. Loaded Objects now: 2999.
Total: 1.973400 ms (FindLiveObjects: 0.114600 ms CreateObjectMapping: 0.039100 ms MarkObjects: 1.802000 ms  DeleteObjects: 0.017000 ms)

AssetImportParameters requested are different than current active one (requested -> active):
  custom:framework-win-MediaFoundation: 216162199b28c13a410421893ffa2e32 -> 
  custom:video-decoder-ogg-theora: a1e56fd34408186e4bbccfd4996cb3dc -> 
  custom:container-muxer-webm: aa71ff27fc2769a1b78a27578f13a17b -> 
  custom:container-demuxer-webm: 4f35f7cbe854078d1ac9338744f61a02 -> 
  custom:container-demuxer-ogg: 62fdf1f143b41e24485cea50d1cbac27 -> 
  custom:video-encoder-webm-vp8: eb34c28f22e8b96e1ab97ce403110664 -> 
  custom:video-codec-MediaFoundation-h265: 746d11721c4dcdbdad8f713fa42b33f4 -> 
  custom:video-decoder-webm-vp8: 9c59270c3fd7afecdb556c50c9e8de78 -> 
  custom:graphics/normal-map-encoding: 01000000000000000000000000000000 -> 02000000000000000000000000000000
  custom:audio-decoder-ogg-vorbis: bf7c407c2cedff20999df2af8eb42d56 -> 
  custom:audio-encoder-webm-vorbis: bf7c407c2cedff20999df2af8eb42d56 -> 
========================================================================
Received Prepare
Registering precompiled user dll's ...
Registered in 0.001133 seconds.
Begin MonoManager ReloadAssembly
Native extension for WindowsStandalone target not found
Refreshing native plugins compatible for Editor in 0.77 ms, found 5 plugins.
Preloading 0 native plugins for Editor in 0.00 ms.
Mono: successfully reloaded assembly
- Completed reload, in  1.157 seconds
Domain Reload Profiling:
	ReloadAssembly (1157ms)
		BeginReloadAssembly (105ms)
			ExecutionOrderSort (0ms)
			DisableScriptedObjects (4ms)
			BackupInstance (0ms)
			ReleaseScriptingObjects (0ms)
			CreateAndSetChildDomain (33ms)
		EndReloadAssembly (1004ms)
			LoadAssemblies (91ms)
			RebuildTransferFunctionScriptingTraits (0ms)
			SetupTypeCache (227ms)
			ReleaseScriptCaches (2ms)
			RebuildScriptCaches (62ms)
			SetupLoadedEditorAssemblies (447ms)
				LogAssemblyErrors (0ms)
				InitializePlatformSupportModulesInManaged (4ms)
				SetLoadedEditorAssemblies (0ms)
				RefreshPlugins (1ms)
				BeforeProcessingInitializeOnLoad (77ms)
				ProcessInitializeOnLoadAttributes (348ms)
				ProcessInitializeOnLoadMethodAttributes (12ms)
				AfterProcessingInitializeOnLoad (5ms)
				EditorAssembliesLoaded (0ms)
			ExecutionOrderSort2 (0ms)
			AwakeInstancesAfterBackupRestoration (1ms)
Platform modules already initialized, skipping
Switching build target platform(19) subTarget(0) extendedPlatform(0) -> platform(13) subTarget(537395200) extendedPlatform(0)
Refreshing native plugins compatible for Editor in 0.76 ms, found 5 plugins.
Preloading 0 native plugins for Editor in 0.00 ms.
Unloading 2373 Unused Serialized files (Serialized files now loaded: 0)
System memory in use before: 120.5 MB.
System memory in use after: 120.7 MB.

Unloading 20 unused Assets to reduce memory usage. Loaded Objects now: 3002.
Total: 3.125200 ms (FindLiveObjects: 0.187100 ms CreateObjectMapping: 0.059000 ms MarkObjects: 2.855700 ms  DeleteObjects: 0.022500 ms)

AssetImportParameters requested are different than current active one (requested -> active):
  custom:framework-win-MediaFoundation: 216162199b28c13a410421893ffa2e32 -> 
  custom:video-decoder-ogg-theora: a1e56fd34408186e4bbccfd4996cb3dc -> 
  custom:container-muxer-webm: aa71ff27fc2769a1b78a27578f13a17b -> 
  custom:container-demuxer-webm: 4f35f7cbe854078d1ac9338744f61a02 -> 
  custom:container-demuxer-ogg: 62fdf1f143b41e24485cea50d1cbac27 -> 
  custom:video-encoder-webm-vp8: eb34c28f22e8b96e1ab97ce403110664 -> 
  custom:video-codec-MediaFoundation-h265: 746d11721c4dcdbdad8f713fa42b33f4 -> 
  custom:video-decoder-webm-vp8: 9c59270c3fd7afecdb556c50c9e8de78 -> 
  custom:graphics/normal-map-encoding: 01000000000000000000000000000000 -> 02000000000000000000000000000000
  custom:audio-decoder-ogg-vorbis: bf7c407c2cedff20999df2af8eb42d56 -> 
  custom:audio-encoder-webm-vorbis: bf7c407c2cedff20999df2af8eb42d56 -> 
========================================================================
Received Import Request.
  Time since last request: 2300.999021 seconds.
  path: ProjectSettings/TagManager.asset
  artifactKey: Guid(00000000000000003000000000000000) Importer(815301076,1909f56bfc062723c751e8b465ee728b)
Start importing ProjectSettings/TagManager.asset using Guid(00000000000000003000000000000000) Importer(815301076,1909f56bfc062723c751e8b465ee728b)  -> (artifact id: '38706d0da932e61800ca5d4baaa12089') in 0.022775 seconds 
========================================================================
Received Import Request.
  Time since last request: 231.518277 seconds.
  path: Assets/Scripts/Coin.cs
  artifactKey: Guid(98962c95952f993438f911f08c22138c) Importer(815301076,1909f56bfc062723c751e8b465ee728b)
Start importing Assets/Scripts/Coin.cs using Guid(98962c95952f993438f911f08c22138c) Importer(815301076,1909f56bfc062723c751e8b465ee728b)  -> (artifact id: 'f8a9470423d1eda7dbfe2b921411027d') in 0.002754 seconds 
========================================================================
Received Prepare
Registering precompiled user dll's ...
Registered in 0.001102 seconds.
Begin MonoManager ReloadAssembly
Native extension for WindowsStandalone target not found
Refreshing native plugins compatible for Editor in 0.49 ms, found 5 plugins.
Preloading 0 native plugins for Editor in 0.00 ms.
Mono: successfully reloaded assembly
- Completed reload, in  0.656 seconds
Domain Reload Profiling:
	ReloadAssembly (656ms)
		BeginReloadAssembly (65ms)
			ExecutionOrderSort (0ms)
			DisableScriptedObjects (2ms)
			BackupInstance (0ms)
			ReleaseScriptingObjects (0ms)
			CreateAndSetChildDomain (21ms)
		EndReloadAssembly (562ms)
			LoadAssemblies (47ms)
			RebuildTransferFunctionScriptingTraits (0ms)
			SetupTypeCache (137ms)
			ReleaseScriptCaches (1ms)
			RebuildScriptCaches (30ms)
			SetupLoadedEditorAssemblies (254ms)
				LogAssemblyErrors (0ms)
				InitializePlatformSupportModulesInManaged (3ms)
				SetLoadedEditorAssemblies (0ms)
				RefreshPlugins (1ms)
				BeforeProcessingInitializeOnLoad (46ms)
				ProcessInitializeOnLoadAttributes (196ms)
				ProcessInitializeOnLoadMethodAttributes (7ms)
				AfterProcessingInitializeOnLoad (2ms)
				EditorAssembliesLoaded (0ms)
			ExecutionOrderSort2 (0ms)
			AwakeInstancesAfterBackupRestoration (1ms)
Platform modules already initialized, skipping
Switching build target platform(19) subTarget(0) extendedPlatform(0) -> platform(13) subTarget(537395200) extendedPlatform(0)
Refreshing native plugins compatible for Editor in 0.39 ms, found 5 plugins.
Preloading 0 native plugins for Editor in 0.00 ms.
Unloading 2374 Unused Serialized files (Serialized files now loaded: 0)
System memory in use before: 120.6 MB.
System memory in use after: 120.8 MB.

Unloading 21 unused Assets to reduce memory usage. Loaded Objects now: 3006.
Total: 2.029100 ms (FindLiveObjects: 0.124400 ms CreateObjectMapping: 0.031800 ms MarkObjects: 1.847700 ms  DeleteObjects: 0.024500 ms)

AssetImportParameters requested are different than current active one (requested -> active):
  custom:framework-win-MediaFoundation: 216162199b28c13a410421893ffa2e32 -> 
  custom:video-decoder-ogg-theora: a1e56fd34408186e4bbccfd4996cb3dc -> 
  custom:container-muxer-webm: aa71ff27fc2769a1b78a27578f13a17b -> 
  custom:container-demuxer-webm: 4f35f7cbe854078d1ac9338744f61a02 -> 
  custom:container-demuxer-ogg: 62fdf1f143b41e24485cea50d1cbac27 -> 
  custom:video-encoder-webm-vp8: eb34c28f22e8b96e1ab97ce403110664 -> 
  custom:video-codec-MediaFoundation-h265: 746d11721c4dcdbdad8f713fa42b33f4 -> 
  custom:video-decoder-webm-vp8: 9c59270c3fd7afecdb556c50c9e8de78 -> 
  custom:graphics/normal-map-encoding: 01000000000000000000000000000000 -> 02000000000000000000000000000000
  custom:audio-decoder-ogg-vorbis: bf7c407c2cedff20999df2af8eb42d56 -> 
  custom:audio-encoder-webm-vorbis: bf7c407c2cedff20999df2af8eb42d56 -> 
========================================================================
Received Prepare
Registering precompiled user dll's ...
Registered in 0.002233 seconds.
Begin MonoManager ReloadAssembly
Native extension for WindowsStandalone target not found
Refreshing native plugins compatible for Editor in 0.74 ms, found 5 plugins.
Preloading 0 native plugins for Editor in 0.00 ms.
Mono: successfully reloaded assembly
- Completed reload, in  1.116 seconds
Domain Reload Profiling:
	ReloadAssembly (1116ms)
		BeginReloadAssembly (128ms)
			ExecutionOrderSort (0ms)
			DisableScriptedObjects (5ms)
			BackupInstance (0ms)
			ReleaseScriptingObjects (0ms)
			CreateAndSetChildDomain (44ms)
		EndReloadAssembly (932ms)
			LoadAssemblies (102ms)
			RebuildTransferFunctionScriptingTraits (0ms)
			SetupTypeCache (258ms)
			ReleaseScriptCaches (2ms)
			RebuildScriptCaches (62ms)
			SetupLoadedEditorAssemblies (401ms)
				LogAssemblyErrors (0ms)
				InitializePlatformSupportModulesInManaged (5ms)
				SetLoadedEditorAssemblies (0ms)
				RefreshPlugins (1ms)
				BeforeProcessingInitializeOnLoad (81ms)
				ProcessInitializeOnLoadAttributes (305ms)
				ProcessInitializeOnLoadMethodAttributes (7ms)
				AfterProcessingInitializeOnLoad (2ms)
				EditorAssembliesLoaded (0ms)
			ExecutionOrderSort2 (0ms)
			AwakeInstancesAfterBackupRestoration (1ms)
Platform modules already initialized, skipping
Switching build target platform(19) subTarget(0) extendedPlatform(0) -> platform(13) subTarget(537395200) extendedPlatform(0)
Refreshing native plugins compatible for Editor in 0.72 ms, found 5 plugins.
Preloading 0 native plugins for Editor in 0.00 ms.
Unloading 2374 Unused Serialized files (Serialized files now loaded: 0)
System memory in use before: 120.6 MB.
System memory in use after: 120.8 MB.

Unloading 20 unused Assets to reduce memory usage. Loaded Objects now: 3009.
Total: 3.012400 ms (FindLiveObjects: 0.205600 ms CreateObjectMapping: 0.062000 ms MarkObjects: 2.711300 ms  DeleteObjects: 0.032500 ms)

AssetImportParameters requested are different than current active one (requested -> active):
  custom:framework-win-MediaFoundation: 216162199b28c13a410421893ffa2e32 -> 
  custom:video-decoder-ogg-theora: a1e56fd34408186e4bbccfd4996cb3dc -> 
  custom:container-muxer-webm: aa71ff27fc2769a1b78a27578f13a17b -> 
  custom:container-demuxer-webm: 4f35f7cbe854078d1ac9338744f61a02 -> 
  custom:container-demuxer-ogg: 62fdf1f143b41e24485cea50d1cbac27 -> 
  custom:video-encoder-webm-vp8: eb34c28f22e8b96e1ab97ce403110664 -> 
  custom:video-codec-MediaFoundation-h265: 746d11721c4dcdbdad8f713fa42b33f4 -> 
  custom:video-decoder-webm-vp8: 9c59270c3fd7afecdb556c50c9e8de78 -> 
  custom:graphics/normal-map-encoding: 01000000000000000000000000000000 -> 02000000000000000000000000000000
  custom:audio-decoder-ogg-vorbis: bf7c407c2cedff20999df2af8eb42d56 -> 
  custom:audio-encoder-webm-vorbis: bf7c407c2cedff20999df2af8eb42d56 -> 
========================================================================
Received Import Request.
  Time since last request: 436.472890 seconds.
  path: ProjectSettings/TagManager.asset
  artifactKey: Guid(00000000000000003000000000000000) Importer(815301076,1909f56bfc062723c751e8b465ee728b)
Start importing ProjectSettings/TagManager.asset using Guid(00000000000000003000000000000000) Importer(815301076,1909f56bfc062723c751e8b465ee728b)  -> (artifact id: 'f044c59bd314de900ff47f38299f61cb') in 0.025580 seconds 
========================================================================
Received Import Request.
  Time since last request: 21.957793 seconds.
  path: Assets/CandyTheme/Prefabs/Obstacles/Obstacle_Barrier.prefab
  artifactKey: Guid(c2ad12767b3515146a97d26ccc7b67c0) Importer(815301076,1909f56bfc062723c751e8b465ee728b)
Start importing Assets/CandyTheme/Prefabs/Obstacles/Obstacle_Barrier.prefab using Guid(c2ad12767b3515146a97d26ccc7b67c0) Importer(815301076,1909f56bfc062723c751e8b465ee728b)  -> (artifact id: '866903c2419b120eda5635367807e465') in 0.067998 seconds 
========================================================================
Received Import Request.
  Time since last request: 2.341499 seconds.
  path: Assets/CandyTheme/Prefabs/Obstacles/Obstacle_Block.prefab
  artifactKey: Guid(d5c735c3a0a735a4e95f0a8bab16af74) Importer(815301076,1909f56bfc062723c751e8b465ee728b)
Start importing Assets/CandyTheme/Prefabs/Obstacles/Obstacle_Block.prefab using Guid(d5c735c3a0a735a4e95f0a8bab16af74) Importer(815301076,1909f56bfc062723c751e8b465ee728b)  -> (artifact id: 'f8006fd29483556d9a1b7d6602c7d6e4') in 0.021923 seconds 
========================================================================
Received Import Request.
  Time since last request: 15.223177 seconds.
  path: Assets/CandyTheme/Prefabs/Obstacles/Obstacle_Wooden_Box.prefab
  artifactKey: Guid(803a8d36a34992447bb2d92bbdcd5fb7) Importer(815301076,1909f56bfc062723c751e8b465ee728b)
Start importing Assets/CandyTheme/Prefabs/Obstacles/Obstacle_Wooden_Box.prefab using Guid(803a8d36a34992447bb2d92bbdcd5fb7) Importer(815301076,1909f56bfc062723c751e8b465ee728b)  -> (artifact id: 'ff165d2c8c6855d8e0013eeb6c4d4cdb') in 0.063452 seconds 
========================================================================
Received Import Request.
  Time since last request: 5.844167 seconds.
  path: Assets/CandyTheme/Prefabs/Obstacles/Obstacle_Block.prefab
  artifactKey: Guid(d5c735c3a0a735a4e95f0a8bab16af74) Importer(815301076,1909f56bfc062723c751e8b465ee728b)
Start importing Assets/CandyTheme/Prefabs/Obstacles/Obstacle_Block.prefab using Guid(d5c735c3a0a735a4e95f0a8bab16af74) Importer(815301076,1909f56bfc062723c751e8b465ee728b)  -> (artifact id: '2a6039d9d34a943ea0f42b5ea33d0464') in 0.016888 seconds 
========================================================================
Received Import Request.
  Time since last request: 5.885110 seconds.
  path: Assets/CandyTheme/Prefabs/Obstacles/Obstacle_Block.prefab
  artifactKey: Guid(d5c735c3a0a735a4e95f0a8bab16af74) Importer(815301076,1909f56bfc062723c751e8b465ee728b)
Start importing Assets/CandyTheme/Prefabs/Obstacles/Obstacle_Block.prefab using Guid(d5c735c3a0a735a4e95f0a8bab16af74) Importer(815301076,1909f56bfc062723c751e8b465ee728b)  -> (artifact id: '59595a90bf61ae8d4ca095790ba348f1') in 0.037569 seconds 
========================================================================
Received Import Request.
  Time since last request: 1.417899 seconds.
  path: Assets/CandyTheme/Prefabs/Obstacles/Obstacle_Barrier.prefab
  artifactKey: Guid(c2ad12767b3515146a97d26ccc7b67c0) Importer(815301076,1909f56bfc062723c751e8b465ee728b)
Start importing Assets/CandyTheme/Prefabs/Obstacles/Obstacle_Barrier.prefab using Guid(c2ad12767b3515146a97d26ccc7b67c0) Importer(815301076,1909f56bfc062723c751e8b465ee728b)  -> (artifact id: 'bc2ffb32954ffb447ba18978a9b7dee9') in 0.017197 seconds 
========================================================================
Received Import Request.
  Time since last request: 23.472012 seconds.
  path: Assets/CandyTheme/Prefabs/Obstacles/Obstacle_Block_Slide.prefab
  artifactKey: Guid(20027ff246790e144be13679b5a03a0e) Importer(815301076,1909f56bfc062723c751e8b465ee728b)
Start importing Assets/CandyTheme/Prefabs/Obstacles/Obstacle_Block_Slide.prefab using Guid(20027ff246790e144be13679b5a03a0e) Importer(815301076,1909f56bfc062723c751e8b465ee728b)  -> (artifact id: 'd24313e01a9ce4d13ee9e19c628bda5e') in 0.014840 seconds 
========================================================================
Received Import Request.
  Time since last request: 4.825490 seconds.
  path: Assets/CandyTheme/Prefabs/Obstacles/Obstacle_Car.prefab
  artifactKey: Guid(e76bc6d0967f891479abc7b782a45110) Importer(815301076,1909f56bfc062723c751e8b465ee728b)
Start importing Assets/CandyTheme/Prefabs/Obstacles/Obstacle_Car.prefab using Guid(e76bc6d0967f891479abc7b782a45110) Importer(815301076,1909f56bfc062723c751e8b465ee728b)  -> (artifact id: 'eeb3277451dd445b7654e78e8af6a023') in 0.017714 seconds 
========================================================================
Received Import Request.
  Time since last request: 6.906418 seconds.
  path: Assets/CandyTheme/Prefabs/Obstacles/Obstacle_Jump.prefab
  artifactKey: Guid(6b1c5eb2d39558340b272d059aa76d82) Importer(815301076,1909f56bfc062723c751e8b465ee728b)
Start importing Assets/CandyTheme/Prefabs/Obstacles/Obstacle_Jump.prefab using Guid(6b1c5eb2d39558340b272d059aa76d82) Importer(815301076,1909f56bfc062723c751e8b465ee728b)  -> (artifact id: '95390431fb650b840f4c57e240176dbd') in 0.015661 seconds 
========================================================================
Received Import Request.
  Time since last request: 4.678037 seconds.
  path: Assets/CandyTheme/Prefabs/Obstacles/Obstacle_Slide.prefab
  artifactKey: Guid(2f38a45f6e7bf0a4e93839d7b3550d3e) Importer(815301076,1909f56bfc062723c751e8b465ee728b)
Start importing Assets/CandyTheme/Prefabs/Obstacles/Obstacle_Slide.prefab using Guid(2f38a45f6e7bf0a4e93839d7b3550d3e) Importer(815301076,1909f56bfc062723c751e8b465ee728b)  -> (artifact id: 'ef26079d362cf728783374484ecafbec') in 0.015222 seconds 
========================================================================
Received Import Request.
  Time since last request: 6.087411 seconds.
  path: Assets/CandyTheme/Prefabs/Obstacles/Obstacle_Wooden_Box.prefab
  artifactKey: Guid(803a8d36a34992447bb2d92bbdcd5fb7) Importer(815301076,1909f56bfc062723c751e8b465ee728b)
Start importing Assets/CandyTheme/Prefabs/Obstacles/Obstacle_Wooden_Box.prefab using Guid(803a8d36a34992447bb2d92bbdcd5fb7) Importer(815301076,1909f56bfc062723c751e8b465ee728b)  -> (artifact id: '3d3fb9571960c522ba024234f71ee85a') in 0.055256 seconds 
========================================================================
Received Import Request.
  Time since last request: 5.874427 seconds.
  path: Assets/CandyTheme/Prefabs/Trains/Train_Blue.prefab
  artifactKey: Guid(d9deda75f95774b45a4b4a82bafb96c2) Importer(815301076,1909f56bfc062723c751e8b465ee728b)
Start importing Assets/CandyTheme/Prefabs/Trains/Train_Blue.prefab using Guid(d9deda75f95774b45a4b4a82bafb96c2) Importer(815301076,1909f56bfc062723c751e8b465ee728b)  -> (artifact id: 'f3006953c54fd1f30bbb5c3fc49681fd') in 0.059983 seconds 
========================================================================
Received Import Request.
  Time since last request: 9.130364 seconds.
  path: Assets/CandyTheme/Prefabs/Trains/Train_Blue.prefab
  artifactKey: Guid(d9deda75f95774b45a4b4a82bafb96c2) Importer(815301076,1909f56bfc062723c751e8b465ee728b)
Start importing Assets/CandyTheme/Prefabs/Trains/Train_Blue.prefab using Guid(d9deda75f95774b45a4b4a82bafb96c2) Importer(815301076,1909f56bfc062723c751e8b465ee728b)  -> (artifact id: 'c78b0aeadc86ed96d5256ad3bd4e8cec') in 0.032752 seconds 
========================================================================
Received Import Request.
  Time since last request: 6.473498 seconds.
  path: Assets/CandyTheme/Prefabs/Trains/Train_Green.prefab
  artifactKey: Guid(c27fb4a4fc196ae4488ebb37594db6d3) Importer(815301076,1909f56bfc062723c751e8b465ee728b)
Start importing Assets/CandyTheme/Prefabs/Trains/Train_Green.prefab using Guid(c27fb4a4fc196ae4488ebb37594db6d3) Importer(815301076,1909f56bfc062723c751e8b465ee728b)  -> (artifact id: '4a390d2ad574e652a927c3655d280891') in 0.049626 seconds 
========================================================================
Received Import Request.
  Time since last request: 4.163071 seconds.
  path: Assets/CandyTheme/Prefabs/Trains/Train_Purple.prefab
  artifactKey: Guid(4b35baea5bdf958498b7bb68d53d0a19) Importer(815301076,1909f56bfc062723c751e8b465ee728b)
Start importing Assets/CandyTheme/Prefabs/Trains/Train_Purple.prefab using Guid(4b35baea5bdf958498b7bb68d53d0a19) Importer(815301076,1909f56bfc062723c751e8b465ee728b)  -> (artifact id: 'e282354ef7ded3f3e8643b6449a98c53') in 0.036525 seconds 
========================================================================
Received Import Request.
  Time since last request: 6.570901 seconds.
  path: Assets/CandyTheme/Prefabs/Trains/Train_Yellow.prefab
  artifactKey: Guid(b9f4783bc50433148ac79be004712c37) Importer(815301076,1909f56bfc062723c751e8b465ee728b)
Start importing Assets/CandyTheme/Prefabs/Trains/Train_Yellow.prefab using Guid(b9f4783bc50433148ac79be004712c37) Importer(815301076,1909f56bfc062723c751e8b465ee728b)  -> (artifact id: '4ba53e615c93a41d4a28c76550ea160b') in 0.026829 seconds 
========================================================================
Received Import Request.
  Time since last request: 88.526559 seconds.
  path: Assets/Scripts/RotateChildern.cs
  artifactKey: Guid(5d44f0613c9018c4fa5ff245ec4b745a) Importer(815301076,1909f56bfc062723c751e8b465ee728b)
Start importing Assets/Scripts/RotateChildern.cs using Guid(5d44f0613c9018c4fa5ff245ec4b745a) Importer(815301076,1909f56bfc062723c751e8b465ee728b)  -> (artifact id: 'dd5f09943d696d521c6386064939793c') in 0.009806 seconds 
========================================================================
Received Prepare
Registering precompiled user dll's ...
Registered in 0.001151 seconds.
Begin MonoManager ReloadAssembly
Native extension for WindowsStandalone target not found
Refreshing native plugins compatible for Editor in 0.41 ms, found 5 plugins.
Preloading 0 native plugins for Editor in 0.00 ms.
Mono: successfully reloaded assembly
- Completed reload, in  0.674 seconds
Domain Reload Profiling:
	ReloadAssembly (675ms)
		BeginReloadAssembly (68ms)
			ExecutionOrderSort (0ms)
			DisableScriptedObjects (3ms)
			BackupInstance (0ms)
			ReleaseScriptingObjects (0ms)
			CreateAndSetChildDomain (24ms)
		EndReloadAssembly (577ms)
			LoadAssemblies (47ms)
			RebuildTransferFunctionScriptingTraits (0ms)
			SetupTypeCache (136ms)
			ReleaseScriptCaches (1ms)
			RebuildScriptCaches (30ms)
			SetupLoadedEditorAssemblies (263ms)
				LogAssemblyErrors (0ms)
				InitializePlatformSupportModulesInManaged (3ms)
				SetLoadedEditorAssemblies (0ms)
				RefreshPlugins (0ms)
				BeforeProcessingInitializeOnLoad (45ms)
				ProcessInitializeOnLoadAttributes (205ms)
				ProcessInitializeOnLoadMethodAttributes (7ms)
				AfterProcessingInitializeOnLoad (2ms)
				EditorAssembliesLoaded (0ms)
			ExecutionOrderSort2 (0ms)
			AwakeInstancesAfterBackupRestoration (1ms)
Platform modules already initialized, skipping
Switching build target platform(19) subTarget(0) extendedPlatform(0) -> platform(13) subTarget(537395200) extendedPlatform(0)
Refreshing native plugins compatible for Editor in 0.42 ms, found 5 plugins.
Preloading 0 native plugins for Editor in 0.00 ms.
Unloading 2375 Unused Serialized files (Serialized files now loaded: 0)
System memory in use before: 120.6 MB.
System memory in use after: 120.9 MB.

Unloading 21 unused Assets to reduce memory usage. Loaded Objects now: 3014.
Total: 2.245800 ms (FindLiveObjects: 0.147200 ms CreateObjectMapping: 0.047300 ms MarkObjects: 2.030600 ms  DeleteObjects: 0.020100 ms)

AssetImportParameters requested are different than current active one (requested -> active):
  custom:framework-win-MediaFoundation: 216162199b28c13a410421893ffa2e32 -> 
  custom:video-decoder-ogg-theora: a1e56fd34408186e4bbccfd4996cb3dc -> 
  custom:container-muxer-webm: aa71ff27fc2769a1b78a27578f13a17b -> 
  custom:container-demuxer-webm: 4f35f7cbe854078d1ac9338744f61a02 -> 
  custom:container-demuxer-ogg: 62fdf1f143b41e24485cea50d1cbac27 -> 
  custom:video-encoder-webm-vp8: eb34c28f22e8b96e1ab97ce403110664 -> 
  custom:video-codec-MediaFoundation-h265: 746d11721c4dcdbdad8f713fa42b33f4 -> 
  custom:video-decoder-webm-vp8: 9c59270c3fd7afecdb556c50c9e8de78 -> 
  custom:graphics/normal-map-encoding: 01000000000000000000000000000000 -> 02000000000000000000000000000000
  custom:audio-decoder-ogg-vorbis: bf7c407c2cedff20999df2af8eb42d56 -> 
  custom:audio-encoder-webm-vorbis: bf7c407c2cedff20999df2af8eb42d56 -> 
========================================================================
Received Import Request.
  Time since last request: 9.344291 seconds.
  path: Assets/Scripts/RotateChildern.cs
  artifactKey: Guid(5d44f0613c9018c4fa5ff245ec4b745a) Importer(815301076,1909f56bfc062723c751e8b465ee728b)
Start importing Assets/Scripts/RotateChildern.cs using Guid(5d44f0613c9018c4fa5ff245ec4b745a) Importer(815301076,1909f56bfc062723c751e8b465ee728b)  -> (artifact id: '74a9a5747f89dba9434d44b318e7872a') in 0.003530 seconds 
========================================================================
Received Prepare
Registering precompiled user dll's ...
Registered in 0.002203 seconds.
Begin MonoManager ReloadAssembly
Native extension for WindowsStandalone target not found
Refreshing native plugins compatible for Editor in 0.73 ms, found 5 plugins.
Preloading 0 native plugins for Editor in 0.00 ms.
Mono: successfully reloaded assembly
- Completed reload, in  1.135 seconds
Domain Reload Profiling:
	ReloadAssembly (1135ms)
		BeginReloadAssembly (93ms)
			ExecutionOrderSort (0ms)
			DisableScriptedObjects (4ms)
			BackupInstance (0ms)
			ReleaseScriptingObjects (0ms)
			CreateAndSetChildDomain (21ms)
		EndReloadAssembly (995ms)
			LoadAssemblies (88ms)
			RebuildTransferFunctionScriptingTraits (0ms)
			SetupTypeCache (216ms)
			ReleaseScriptCaches (2ms)
			RebuildScriptCaches (60ms)
			SetupLoadedEditorAssemblies (443ms)
				LogAssemblyErrors (0ms)
				InitializePlatformSupportModulesInManaged (5ms)
				SetLoadedEditorAssemblies (0ms)
				RefreshPlugins (1ms)
				BeforeProcessingInitializeOnLoad (81ms)
				ProcessInitializeOnLoadAttributes (340ms)
				ProcessInitializeOnLoadMethodAttributes (11ms)
				AfterProcessingInitializeOnLoad (5ms)
				EditorAssembliesLoaded (0ms)
			ExecutionOrderSort2 (0ms)
			AwakeInstancesAfterBackupRestoration (1ms)
Platform modules already initialized, skipping
Switching build target platform(19) subTarget(0) extendedPlatform(0) -> platform(13) subTarget(537395200) extendedPlatform(0)
Refreshing native plugins compatible for Editor in 0.74 ms, found 5 plugins.
Preloading 0 native plugins for Editor in 0.00 ms.
Unloading 2375 Unused Serialized files (Serialized files now loaded: 0)
System memory in use before: 120.6 MB.
System memory in use after: 120.9 MB.

Unloading 20 unused Assets to reduce memory usage. Loaded Objects now: 3017.
Total: 2.625800 ms (FindLiveObjects: 0.210700 ms CreateObjectMapping: 0.061600 ms MarkObjects: 2.332500 ms  DeleteObjects: 0.020300 ms)

AssetImportParameters requested are different than current active one (requested -> active):
  custom:framework-win-MediaFoundation: 216162199b28c13a410421893ffa2e32 -> 
  custom:video-decoder-ogg-theora: a1e56fd34408186e4bbccfd4996cb3dc -> 
  custom:container-muxer-webm: aa71ff27fc2769a1b78a27578f13a17b -> 
  custom:container-demuxer-webm: 4f35f7cbe854078d1ac9338744f61a02 -> 
  custom:container-demuxer-ogg: 62fdf1f143b41e24485cea50d1cbac27 -> 
  custom:video-encoder-webm-vp8: eb34c28f22e8b96e1ab97ce403110664 -> 
  custom:video-codec-MediaFoundation-h265: 746d11721c4dcdbdad8f713fa42b33f4 -> 
  custom:video-decoder-webm-vp8: 9c59270c3fd7afecdb556c50c9e8de78 -> 
  custom:graphics/normal-map-encoding: 01000000000000000000000000000000 -> 02000000000000000000000000000000
  custom:audio-decoder-ogg-vorbis: bf7c407c2cedff20999df2af8eb42d56 -> 
  custom:audio-encoder-webm-vorbis: bf7c407c2cedff20999df2af8eb42d56 -> 
========================================================================
Received Import Request.
  Time since last request: 109.851628 seconds.
  path: Assets/Scripts/CollectablesManager.cs
  artifactKey: Guid(adcf1702df89bd44498f7d39608279f4) Importer(815301076,1909f56bfc062723c751e8b465ee728b)
Start importing Assets/Scripts/CollectablesManager.cs using Guid(adcf1702df89bd44498f7d39608279f4) Importer(815301076,1909f56bfc062723c751e8b465ee728b)  -> (artifact id: '37c59fe957477c7dce03fd2c103d8191') in 0.008820 seconds 
========================================================================
Received Prepare
Registering precompiled user dll's ...
Registered in 0.001199 seconds.
Begin MonoManager ReloadAssembly
Native extension for WindowsStandalone target not found
Refreshing native plugins compatible for Editor in 0.43 ms, found 5 plugins.
Preloading 0 native plugins for Editor in 0.00 ms.
Mono: successfully reloaded assembly
- Completed reload, in  0.655 seconds
Domain Reload Profiling:
	ReloadAssembly (655ms)
		BeginReloadAssembly (63ms)
			ExecutionOrderSort (0ms)
			DisableScriptedObjects (2ms)
			BackupInstance (0ms)
			ReleaseScriptingObjects (0ms)
			CreateAndSetChildDomain (18ms)
		EndReloadAssembly (563ms)
			LoadAssemblies (46ms)
			RebuildTransferFunctionScriptingTraits (0ms)
			SetupTypeCache (137ms)
			ReleaseScriptCaches (1ms)
			RebuildScriptCaches (30ms)
			SetupLoadedEditorAssemblies (252ms)
				LogAssemblyErrors (0ms)
				InitializePlatformSupportModulesInManaged (3ms)
				SetLoadedEditorAssemblies (0ms)
				RefreshPlugins (0ms)
				BeforeProcessingInitializeOnLoad (45ms)
				ProcessInitializeOnLoadAttributes (194ms)
				ProcessInitializeOnLoadMethodAttributes (7ms)
				AfterProcessingInitializeOnLoad (2ms)
				EditorAssembliesLoaded (0ms)
			ExecutionOrderSort2 (0ms)
			AwakeInstancesAfterBackupRestoration (1ms)
Platform modules already initialized, skipping
Switching build target platform(19) subTarget(0) extendedPlatform(0) -> platform(13) subTarget(537395200) extendedPlatform(0)
Refreshing native plugins compatible for Editor in 0.43 ms, found 5 plugins.
Preloading 0 native plugins for Editor in 0.00 ms.
Unloading 2376 Unused Serialized files (Serialized files now loaded: 0)
System memory in use before: 120.6 MB.
System memory in use after: 120.8 MB.

Unloading 20 unused Assets to reduce memory usage. Loaded Objects now: 3021.
Total: 1.921000 ms (FindLiveObjects: 0.117400 ms CreateObjectMapping: 0.032200 ms MarkObjects: 1.747100 ms  DeleteObjects: 0.023500 ms)

AssetImportParameters requested are different than current active one (requested -> active):
  custom:framework-win-MediaFoundation: 216162199b28c13a410421893ffa2e32 -> 
  custom:video-decoder-ogg-theora: a1e56fd34408186e4bbccfd4996cb3dc -> 
  custom:container-muxer-webm: aa71ff27fc2769a1b78a27578f13a17b -> 
  custom:container-demuxer-webm: 4f35f7cbe854078d1ac9338744f61a02 -> 
  custom:container-demuxer-ogg: 62fdf1f143b41e24485cea50d1cbac27 -> 
  custom:video-encoder-webm-vp8: eb34c28f22e8b96e1ab97ce403110664 -> 
  custom:video-codec-MediaFoundation-h265: 746d11721c4dcdbdad8f713fa42b33f4 -> 
  custom:video-decoder-webm-vp8: 9c59270c3fd7afecdb556c50c9e8de78 -> 
  custom:graphics/normal-map-encoding: 01000000000000000000000000000000 -> 02000000000000000000000000000000
  custom:audio-decoder-ogg-vorbis: bf7c407c2cedff20999df2af8eb42d56 -> 
  custom:audio-encoder-webm-vorbis: bf7c407c2cedff20999df2af8eb42d56 -> 
========================================================================
Received Prepare
Registering precompiled user dll's ...
Registered in 0.002230 seconds.
Begin MonoManager ReloadAssembly
Native extension for WindowsStandalone target not found
Refreshing native plugins compatible for Editor in 0.91 ms, found 5 plugins.
Preloading 0 native plugins for Editor in 0.00 ms.
Mono: successfully reloaded assembly
- Completed reload, in  1.215 seconds
Domain Reload Profiling:
	ReloadAssembly (1215ms)
		BeginReloadAssembly (98ms)
			ExecutionOrderSort (0ms)
			DisableScriptedObjects (5ms)
			BackupInstance (0ms)
			ReleaseScriptingObjects (0ms)
			CreateAndSetChildDomain (24ms)
		EndReloadAssembly (1068ms)
			LoadAssemblies (90ms)
			RebuildTransferFunctionScriptingTraits (0ms)
			SetupTypeCache (224ms)
			ReleaseScriptCaches (1ms)
			RebuildScriptCaches (56ms)
			SetupLoadedEditorAssemblies (483ms)
				LogAssemblyErrors (0ms)
				InitializePlatformSupportModulesInManaged (5ms)
				SetLoadedEditorAssemblies (0ms)
				RefreshPlugins (1ms)
				BeforeProcessingInitializeOnLoad (93ms)
				ProcessInitializeOnLoadAttributes (365ms)
				ProcessInitializeOnLoadMethodAttributes (13ms)
				AfterProcessingInitializeOnLoad (5ms)
				EditorAssembliesLoaded (0ms)
			ExecutionOrderSort2 (0ms)
			AwakeInstancesAfterBackupRestoration (2ms)
Platform modules already initialized, skipping
Switching build target platform(19) subTarget(0) extendedPlatform(0) -> platform(13) subTarget(537395200) extendedPlatform(0)
Refreshing native plugins compatible for Editor in 0.71 ms, found 5 plugins.
Preloading 0 native plugins for Editor in 0.00 ms.
Unloading 2376 Unused Serialized files (Serialized files now loaded: 0)
System memory in use before: 120.7 MB.
System memory in use after: 120.9 MB.

Unloading 20 unused Assets to reduce memory usage. Loaded Objects now: 3024.
Total: 2.584800 ms (FindLiveObjects: 0.193800 ms CreateObjectMapping: 0.060700 ms MarkObjects: 2.308500 ms  DeleteObjects: 0.021100 ms)

AssetImportParameters requested are different than current active one (requested -> active):
  custom:framework-win-MediaFoundation: 216162199b28c13a410421893ffa2e32 -> 
  custom:video-decoder-ogg-theora: a1e56fd34408186e4bbccfd4996cb3dc -> 
  custom:container-muxer-webm: aa71ff27fc2769a1b78a27578f13a17b -> 
  custom:container-demuxer-webm: 4f35f7cbe854078d1ac9338744f61a02 -> 
  custom:container-demuxer-ogg: 62fdf1f143b41e24485cea50d1cbac27 -> 
  custom:video-encoder-webm-vp8: eb34c28f22e8b96e1ab97ce403110664 -> 
  custom:video-codec-MediaFoundation-h265: 746d11721c4dcdbdad8f713fa42b33f4 -> 
  custom:video-decoder-webm-vp8: 9c59270c3fd7afecdb556c50c9e8de78 -> 
  custom:graphics/normal-map-encoding: 01000000000000000000000000000000 -> 02000000000000000000000000000000
  custom:audio-decoder-ogg-vorbis: bf7c407c2cedff20999df2af8eb42d56 -> 
  custom:audio-encoder-webm-vorbis: bf7c407c2cedff20999df2af8eb42d56 -> 
========================================================================
Received Import Request.
  Time since last request: 504.993828 seconds.
  path: Assets/Prefabs
  artifactKey: Guid(c39f754ad84130b44a41767cfb192c39) Importer(815301076,1909f56bfc062723c751e8b465ee728b)
Start importing Assets/Prefabs using Guid(c39f754ad84130b44a41767cfb192c39) Importer(815301076,1909f56bfc062723c751e8b465ee728b)  -> (artifact id: '3d16f23ea8b6998d67308774e55291e4') in 0.011983 seconds 
========================================================================
Received Import Request.
  Time since last request: 11.701363 seconds.
  path: Assets/Prefabs/Collectables
  artifactKey: Guid(3101c5b574920714ebd35e21ab3a6301) Importer(815301076,1909f56bfc062723c751e8b465ee728b)
Start importing Assets/Prefabs/Collectables using Guid(3101c5b574920714ebd35e21ab3a6301) Importer(815301076,1909f56bfc062723c751e8b465ee728b)  -> (artifact id: '21ba83d76e039aeb0943ba3b5317d8ba') in 0.001669 seconds 
========================================================================
Received Import Request.
  Time since last request: 3.118384 seconds.
  path: Assets/Prefabs/Collectables/Coin.prefab
  artifactKey: Guid(1cb05e334b7d19448a56a1c0ec851383) Importer(815301076,1909f56bfc062723c751e8b465ee728b)
Start importing Assets/Prefabs/Collectables/Coin.prefab using Guid(1cb05e334b7d19448a56a1c0ec851383) Importer(815301076,1909f56bfc062723c751e8b465ee728b)  -> (artifact id: '73adfa3649518fe7cd5c65701b2becf8') in 0.052466 seconds 
========================================================================
Received Prepare
Registering precompiled user dll's ...
Registered in 0.001248 seconds.
Begin MonoManager ReloadAssembly
Native extension for WindowsStandalone target not found
Refreshing native plugins compatible for Editor in 0.41 ms, found 5 plugins.
Preloading 0 native plugins for Editor in 0.00 ms.
Mono: successfully reloaded assembly
- Completed reload, in  0.696 seconds
Domain Reload Profiling:
	ReloadAssembly (696ms)
		BeginReloadAssembly (67ms)
			ExecutionOrderSort (0ms)
			DisableScriptedObjects (2ms)
			BackupInstance (0ms)
			ReleaseScriptingObjects (0ms)
			CreateAndSetChildDomain (21ms)
		EndReloadAssembly (601ms)
			LoadAssemblies (49ms)
			RebuildTransferFunctionScriptingTraits (0ms)
			SetupTypeCache (139ms)
			ReleaseScriptCaches (1ms)
			RebuildScriptCaches (31ms)
			SetupLoadedEditorAssemblies (274ms)
				LogAssemblyErrors (0ms)
				InitializePlatformSupportModulesInManaged (3ms)
				SetLoadedEditorAssemblies (0ms)
				RefreshPlugins (0ms)
				BeforeProcessingInitializeOnLoad (50ms)
				ProcessInitializeOnLoadAttributes (208ms)
				ProcessInitializeOnLoadMethodAttributes (10ms)
				AfterProcessingInitializeOnLoad (3ms)
				EditorAssembliesLoaded (0ms)
			ExecutionOrderSort2 (0ms)
			AwakeInstancesAfterBackupRestoration (1ms)
Platform modules already initialized, skipping
Switching build target platform(19) subTarget(0) extendedPlatform(0) -> platform(13) subTarget(537395200) extendedPlatform(0)
Refreshing native plugins compatible for Editor in 0.39 ms, found 5 plugins.
Preloading 0 native plugins for Editor in 0.00 ms.
Unloading 2376 Unused Serialized files (Serialized files now loaded: 0)
System memory in use before: 120.7 MB.
System memory in use after: 120.9 MB.

Unloading 20 unused Assets to reduce memory usage. Loaded Objects now: 3028.
Total: 2.011100 ms (FindLiveObjects: 0.108800 ms CreateObjectMapping: 0.033900 ms MarkObjects: 1.850800 ms  DeleteObjects: 0.016900 ms)

AssetImportParameters requested are different than current active one (requested -> active):
  custom:framework-win-MediaFoundation: 216162199b28c13a410421893ffa2e32 -> 
  custom:video-decoder-ogg-theora: a1e56fd34408186e4bbccfd4996cb3dc -> 
  custom:container-muxer-webm: aa71ff27fc2769a1b78a27578f13a17b -> 
  custom:container-demuxer-webm: 4f35f7cbe854078d1ac9338744f61a02 -> 
  custom:container-demuxer-ogg: 62fdf1f143b41e24485cea50d1cbac27 -> 
  custom:video-encoder-webm-vp8: eb34c28f22e8b96e1ab97ce403110664 -> 
  custom:video-codec-MediaFoundation-h265: 746d11721c4dcdbdad8f713fa42b33f4 -> 
  custom:video-decoder-webm-vp8: 9c59270c3fd7afecdb556c50c9e8de78 -> 
  custom:graphics/normal-map-encoding: 01000000000000000000000000000000 -> 02000000000000000000000000000000
  custom:audio-decoder-ogg-vorbis: bf7c407c2cedff20999df2af8eb42d56 -> 
  custom:audio-encoder-webm-vorbis: bf7c407c2cedff20999df2af8eb42d56 -> 
========================================================================
Received Prepare
Registering precompiled user dll's ...
Registered in 0.002962 seconds.
Begin MonoManager ReloadAssembly
Native extension for WindowsStandalone target not found
Refreshing native plugins compatible for Editor in 0.72 ms, found 5 plugins.
Preloading 0 native plugins for Editor in 0.00 ms.
Mono: successfully reloaded assembly
- Completed reload, in  1.239 seconds
Domain Reload Profiling:
	ReloadAssembly (1239ms)
		BeginReloadAssembly (115ms)
			ExecutionOrderSort (0ms)
			DisableScriptedObjects (5ms)
			BackupInstance (0ms)
			ReleaseScriptingObjects (0ms)
			CreateAndSetChildDomain (38ms)
		EndReloadAssembly (1071ms)
			LoadAssemblies (95ms)
			RebuildTransferFunctionScriptingTraits (0ms)
			SetupTypeCache (251ms)
			ReleaseScriptCaches (2ms)
			RebuildScriptCaches (56ms)
			SetupLoadedEditorAssemblies (460ms)
				LogAssemblyErrors (0ms)
				InitializePlatformSupportModulesInManaged (5ms)
				SetLoadedEditorAssemblies (0ms)
				RefreshPlugins (1ms)
				BeforeProcessingInitializeOnLoad (93ms)
				ProcessInitializeOnLoadAttributes (346ms)
				ProcessInitializeOnLoadMethodAttributes (12ms)
				AfterProcessingInitializeOnLoad (4ms)
				EditorAssembliesLoaded (0ms)
			ExecutionOrderSort2 (0ms)
			AwakeInstancesAfterBackupRestoration (2ms)
Platform modules already initialized, skipping
Switching build target platform(19) subTarget(0) extendedPlatform(0) -> platform(13) subTarget(537395200) extendedPlatform(0)
Refreshing native plugins compatible for Editor in 0.71 ms, found 5 plugins.
Preloading 0 native plugins for Editor in 0.00 ms.
Unloading 2376 Unused Serialized files (Serialized files now loaded: 0)
System memory in use before: 120.7 MB.
System memory in use after: 120.9 MB.

Unloading 20 unused Assets to reduce memory usage. Loaded Objects now: 3031.
Total: 2.619700 ms (FindLiveObjects: 0.140600 ms CreateObjectMapping: 0.036500 ms MarkObjects: 2.413300 ms  DeleteObjects: 0.028800 ms)

AssetImportParameters requested are different than current active one (requested -> active):
  custom:framework-win-MediaFoundation: 216162199b28c13a410421893ffa2e32 -> 
  custom:video-decoder-ogg-theora: a1e56fd34408186e4bbccfd4996cb3dc -> 
  custom:container-muxer-webm: aa71ff27fc2769a1b78a27578f13a17b -> 
  custom:container-demuxer-webm: 4f35f7cbe854078d1ac9338744f61a02 -> 
  custom:container-demuxer-ogg: 62fdf1f143b41e24485cea50d1cbac27 -> 
  custom:video-encoder-webm-vp8: eb34c28f22e8b96e1ab97ce403110664 -> 
  custom:video-codec-MediaFoundation-h265: 746d11721c4dcdbdad8f713fa42b33f4 -> 
  custom:video-decoder-webm-vp8: 9c59270c3fd7afecdb556c50c9e8de78 -> 
  custom:graphics/normal-map-encoding: 01000000000000000000000000000000 -> 02000000000000000000000000000000
  custom:audio-decoder-ogg-vorbis: bf7c407c2cedff20999df2af8eb42d56 -> 
  custom:audio-encoder-webm-vorbis: bf7c407c2cedff20999df2af8eb42d56 -> 
========================================================================
Received Prepare
Registering precompiled user dll's ...
Registered in 0.001120 seconds.
Begin MonoManager ReloadAssembly
Native extension for WindowsStandalone target not found
Refreshing native plugins compatible for Editor in 0.42 ms, found 5 plugins.
Preloading 0 native plugins for Editor in 0.00 ms.
Mono: successfully reloaded assembly
- Completed reload, in  0.731 seconds
Domain Reload Profiling:
	ReloadAssembly (731ms)
		BeginReloadAssembly (71ms)
			ExecutionOrderSort (0ms)
			DisableScriptedObjects (3ms)
			BackupInstance (0ms)
			ReleaseScriptingObjects (0ms)
			CreateAndSetChildDomain (24ms)
		EndReloadAssembly (627ms)
			LoadAssemblies (50ms)
			RebuildTransferFunctionScriptingTraits (0ms)
			SetupTypeCache (146ms)
			ReleaseScriptCaches (2ms)
			RebuildScriptCaches (33ms)
			SetupLoadedEditorAssemblies (280ms)
				LogAssemblyErrors (0ms)
				InitializePlatformSupportModulesInManaged (3ms)
				SetLoadedEditorAssemblies (0ms)
				RefreshPlugins (0ms)
				BeforeProcessingInitializeOnLoad (49ms)
				ProcessInitializeOnLoadAttributes (218ms)
				ProcessInitializeOnLoadMethodAttributes (7ms)
				AfterProcessingInitializeOnLoad (2ms)
				EditorAssembliesLoaded (0ms)
			ExecutionOrderSort2 (0ms)
			AwakeInstancesAfterBackupRestoration (1ms)
Platform modules already initialized, skipping
Switching build target platform(19) subTarget(0) extendedPlatform(0) -> platform(13) subTarget(537395200) extendedPlatform(0)
Refreshing native plugins compatible for Editor in 0.39 ms, found 5 plugins.
Preloading 0 native plugins for Editor in 0.00 ms.
Unloading 2376 Unused Serialized files (Serialized files now loaded: 0)
System memory in use before: 120.7 MB.
System memory in use after: 120.9 MB.

Unloading 20 unused Assets to reduce memory usage. Loaded Objects now: 3034.
Total: 2.256900 ms (FindLiveObjects: 0.139400 ms CreateObjectMapping: 0.043900 ms MarkObjects: 2.041100 ms  DeleteObjects: 0.031500 ms)

AssetImportParameters requested are different than current active one (requested -> active):
  custom:framework-win-MediaFoundation: 216162199b28c13a410421893ffa2e32 -> 
  custom:video-decoder-ogg-theora: a1e56fd34408186e4bbccfd4996cb3dc -> 
  custom:container-muxer-webm: aa71ff27fc2769a1b78a27578f13a17b -> 
  custom:container-demuxer-webm: 4f35f7cbe854078d1ac9338744f61a02 -> 
  custom:container-demuxer-ogg: 62fdf1f143b41e24485cea50d1cbac27 -> 
  custom:video-encoder-webm-vp8: eb34c28f22e8b96e1ab97ce403110664 -> 
  custom:video-codec-MediaFoundation-h265: 746d11721c4dcdbdad8f713fa42b33f4 -> 
  custom:video-decoder-webm-vp8: 9c59270c3fd7afecdb556c50c9e8de78 -> 
  custom:graphics/normal-map-encoding: 01000000000000000000000000000000 -> 02000000000000000000000000000000
  custom:audio-decoder-ogg-vorbis: bf7c407c2cedff20999df2af8eb42d56 -> 
  custom:audio-encoder-webm-vorbis: bf7c407c2cedff20999df2af8eb42d56 -> 
========================================================================
Received Prepare
Registering precompiled user dll's ...
Registered in 0.002763 seconds.
Begin MonoManager ReloadAssembly
Native extension for WindowsStandalone target not found
Refreshing native plugins compatible for Editor in 0.76 ms, found 5 plugins.
Preloading 0 native plugins for Editor in 0.00 ms.
Mono: successfully reloaded assembly
- Completed reload, in  1.304 seconds
Domain Reload Profiling:
	ReloadAssembly (1304ms)
		BeginReloadAssembly (117ms)
			ExecutionOrderSort (0ms)
			DisableScriptedObjects (6ms)
			BackupInstance (0ms)
			ReleaseScriptingObjects (0ms)
			CreateAndSetChildDomain (35ms)
		EndReloadAssembly (1132ms)
			LoadAssemblies (95ms)
			RebuildTransferFunctionScriptingTraits (0ms)
			SetupTypeCache (238ms)
			ReleaseScriptCaches (2ms)
			RebuildScriptCaches (60ms)
			SetupLoadedEditorAssemblies (471ms)
				LogAssemblyErrors (0ms)
				InitializePlatformSupportModulesInManaged (5ms)
				SetLoadedEditorAssemblies (0ms)
				RefreshPlugins (1ms)
				BeforeProcessingInitializeOnLoad (85ms)
				ProcessInitializeOnLoadAttributes (360ms)
				ProcessInitializeOnLoadMethodAttributes (13ms)
				AfterProcessingInitializeOnLoad (6ms)
				EditorAssembliesLoaded (0ms)
			ExecutionOrderSort2 (0ms)
			AwakeInstancesAfterBackupRestoration (2ms)
Platform modules already initialized, skipping
Switching build target platform(19) subTarget(0) extendedPlatform(0) -> platform(13) subTarget(537395200) extendedPlatform(0)
Refreshing native plugins compatible for Editor in 0.73 ms, found 5 plugins.
Preloading 0 native plugins for Editor in 0.00 ms.
Unloading 2376 Unused Serialized files (Serialized files now loaded: 0)
System memory in use before: 120.6 MB.
System memory in use after: 120.8 MB.

Unloading 20 unused Assets to reduce memory usage. Loaded Objects now: 3037.
Total: 3.577400 ms (FindLiveObjects: 0.201400 ms CreateObjectMapping: 0.059400 ms MarkObjects: 3.291600 ms  DeleteObjects: 0.023600 ms)

AssetImportParameters requested are different than current active one (requested -> active):
  custom:framework-win-MediaFoundation: 216162199b28c13a410421893ffa2e32 -> 
  custom:video-decoder-ogg-theora: a1e56fd34408186e4bbccfd4996cb3dc -> 
  custom:container-muxer-webm: aa71ff27fc2769a1b78a27578f13a17b -> 
  custom:container-demuxer-webm: 4f35f7cbe854078d1ac9338744f61a02 -> 
  custom:container-demuxer-ogg: 62fdf1f143b41e24485cea50d1cbac27 -> 
  custom:video-encoder-webm-vp8: eb34c28f22e8b96e1ab97ce403110664 -> 
  custom:video-codec-MediaFoundation-h265: 746d11721c4dcdbdad8f713fa42b33f4 -> 
  custom:video-decoder-webm-vp8: 9c59270c3fd7afecdb556c50c9e8de78 -> 
  custom:graphics/normal-map-encoding: 01000000000000000000000000000000 -> 02000000000000000000000000000000
  custom:audio-decoder-ogg-vorbis: bf7c407c2cedff20999df2af8eb42d56 -> 
  custom:audio-encoder-webm-vorbis: bf7c407c2cedff20999df2af8eb42d56 -> 
========================================================================
Received Prepare
Registering precompiled user dll's ...
Registered in 0.002158 seconds.
Begin MonoManager ReloadAssembly
Native extension for WindowsStandalone target not found
Refreshing native plugins compatible for Editor in 0.76 ms, found 5 plugins.
Preloading 0 native plugins for Editor in 0.00 ms.
Mono: successfully reloaded assembly
- Completed reload, in  1.226 seconds
Domain Reload Profiling:
	ReloadAssembly (1226ms)
		BeginReloadAssembly (106ms)
			ExecutionOrderSort (0ms)
			DisableScriptedObjects (4ms)
			BackupInstance (0ms)
			ReleaseScriptingObjects (0ms)
			CreateAndSetChildDomain (30ms)
		EndReloadAssembly (1067ms)
			LoadAssemblies (94ms)
			RebuildTransferFunctionScriptingTraits (0ms)
			SetupTypeCache (243ms)
			ReleaseScriptCaches (1ms)
			RebuildScriptCaches (55ms)
			SetupLoadedEditorAssemblies (456ms)
				LogAssemblyErrors (0ms)
				InitializePlatformSupportModulesInManaged (4ms)
				SetLoadedEditorAssemblies (0ms)
				RefreshPlugins (1ms)
				BeforeProcessingInitializeOnLoad (82ms)
				ProcessInitializeOnLoadAttributes (349ms)
				ProcessInitializeOnLoadMethodAttributes (14ms)
				AfterProcessingInitializeOnLoad (5ms)
				EditorAssembliesLoaded (0ms)
			ExecutionOrderSort2 (0ms)
			AwakeInstancesAfterBackupRestoration (2ms)
Platform modules already initialized, skipping
Switching build target platform(19) subTarget(0) extendedPlatform(0) -> platform(13) subTarget(537395200) extendedPlatform(0)
Refreshing native plugins compatible for Editor in 0.75 ms, found 5 plugins.
Preloading 0 native plugins for Editor in 0.00 ms.
Unloading 2376 Unused Serialized files (Serialized files now loaded: 0)
System memory in use before: 120.7 MB.
System memory in use after: 120.9 MB.

Unloading 20 unused Assets to reduce memory usage. Loaded Objects now: 3040.
Total: 6.170700 ms (FindLiveObjects: 0.345900 ms CreateObjectMapping: 0.108800 ms MarkObjects: 5.681800 ms  DeleteObjects: 0.033300 ms)

AssetImportParameters requested are different than current active one (requested -> active):
  custom:framework-win-MediaFoundation: 216162199b28c13a410421893ffa2e32 -> 
  custom:video-decoder-ogg-theora: a1e56fd34408186e4bbccfd4996cb3dc -> 
  custom:container-muxer-webm: aa71ff27fc2769a1b78a27578f13a17b -> 
  custom:container-demuxer-webm: 4f35f7cbe854078d1ac9338744f61a02 -> 
  custom:container-demuxer-ogg: 62fdf1f143b41e24485cea50d1cbac27 -> 
  custom:video-encoder-webm-vp8: eb34c28f22e8b96e1ab97ce403110664 -> 
  custom:video-codec-MediaFoundation-h265: 746d11721c4dcdbdad8f713fa42b33f4 -> 
  custom:video-decoder-webm-vp8: 9c59270c3fd7afecdb556c50c9e8de78 -> 
  custom:graphics/normal-map-encoding: 01000000000000000000000000000000 -> 02000000000000000000000000000000
  custom:audio-decoder-ogg-vorbis: bf7c407c2cedff20999df2af8eb42d56 -> 
  custom:audio-encoder-webm-vorbis: bf7c407c2cedff20999df2af8eb42d56 -> 
========================================================================
Received Import Request.
  Time since last request: 1076.690898 seconds.
  path: Assets/Scripts/New Folder
  artifactKey: Guid(f9c161f858304e54fab8b779d6ddc596) Importer(815301076,1909f56bfc062723c751e8b465ee728b)
Start importing Assets/Scripts/New Folder using Guid(f9c161f858304e54fab8b779d6ddc596) Importer(815301076,1909f56bfc062723c751e8b465ee728b)  -> (artifact id: 'd4506b9ada14bca494f9483cb78a3a26') in 0.011586 seconds 
========================================================================
Received Import Request.
  Time since last request: 12.089782 seconds.
  path: Assets/Scripts/ArrangeCoins.cs
  artifactKey: Guid(d665c234eafbc8c40be715c130b85030) Importer(815301076,1909f56bfc062723c751e8b465ee728b)
Start importing Assets/Scripts/ArrangeCoins.cs using Guid(d665c234eafbc8c40be715c130b85030) Importer(815301076,1909f56bfc062723c751e8b465ee728b)  -> (artifact id: '98517fb5d53c89d421fff6309b795020') in 0.006227 seconds 
========================================================================
Received Prepare
Registering precompiled user dll's ...
Registered in 0.001145 seconds.
Begin MonoManager ReloadAssembly
Native extension for WindowsStandalone target not found
Refreshing native plugins compatible for Editor in 0.40 ms, found 5 plugins.
Preloading 0 native plugins for Editor in 0.00 ms.
Mono: successfully reloaded assembly
- Completed reload, in  0.687 seconds
Domain Reload Profiling:
	ReloadAssembly (687ms)
		BeginReloadAssembly (65ms)
			ExecutionOrderSort (0ms)
			DisableScriptedObjects (2ms)
			BackupInstance (0ms)
			ReleaseScriptingObjects (0ms)
			CreateAndSetChildDomain (20ms)
		EndReloadAssembly (591ms)
			LoadAssemblies (45ms)
			RebuildTransferFunctionScriptingTraits (0ms)
			SetupTypeCache (135ms)
			ReleaseScriptCaches (1ms)
			RebuildScriptCaches (30ms)
			SetupLoadedEditorAssemblies (261ms)
				LogAssemblyErrors (0ms)
				InitializePlatformSupportModulesInManaged (3ms)
				SetLoadedEditorAssemblies (0ms)
				RefreshPlugins (0ms)
				BeforeProcessingInitializeOnLoad (46ms)
				ProcessInitializeOnLoadAttributes (202ms)
				ProcessInitializeOnLoadMethodAttributes (7ms)
				AfterProcessingInitializeOnLoad (2ms)
				EditorAssembliesLoaded (0ms)
			ExecutionOrderSort2 (0ms)
			AwakeInstancesAfterBackupRestoration (1ms)
Platform modules already initialized, skipping
Switching build target platform(19) subTarget(0) extendedPlatform(0) -> platform(13) subTarget(537395200) extendedPlatform(0)
Refreshing native plugins compatible for Editor in 0.39 ms, found 5 plugins.
Preloading 0 native plugins for Editor in 0.00 ms.
Unloading 2377 Unused Serialized files (Serialized files now loaded: 0)
System memory in use before: 120.7 MB.
System memory in use after: 121.0 MB.

Unloading 20 unused Assets to reduce memory usage. Loaded Objects now: 3044.
Total: 2.088500 ms (FindLiveObjects: 0.140800 ms CreateObjectMapping: 0.037900 ms MarkObjects: 1.892200 ms  DeleteObjects: 0.016900 ms)

AssetImportParameters requested are different than current active one (requested -> active):
  custom:framework-win-MediaFoundation: 216162199b28c13a410421893ffa2e32 -> 
  custom:video-decoder-ogg-theora: a1e56fd34408186e4bbccfd4996cb3dc -> 
  custom:container-muxer-webm: aa71ff27fc2769a1b78a27578f13a17b -> 
  custom:container-demuxer-webm: 4f35f7cbe854078d1ac9338744f61a02 -> 
  custom:container-demuxer-ogg: 62fdf1f143b41e24485cea50d1cbac27 -> 
  custom:video-encoder-webm-vp8: eb34c28f22e8b96e1ab97ce403110664 -> 
  custom:video-codec-MediaFoundation-h265: 746d11721c4dcdbdad8f713fa42b33f4 -> 
  custom:video-decoder-webm-vp8: 9c59270c3fd7afecdb556c50c9e8de78 -> 
  custom:graphics/normal-map-encoding: 01000000000000000000000000000000 -> 02000000000000000000000000000000
  custom:audio-decoder-ogg-vorbis: bf7c407c2cedff20999df2af8eb42d56 -> 
  custom:audio-encoder-webm-vorbis: bf7c407c2cedff20999df2af8eb42d56 -> 
========================================================================
Received Import Request.
  Time since last request: 40.556653 seconds.
  path: Assets/Scripts/ArrangeCoins.cs
  artifactKey: Guid(d665c234eafbc8c40be715c130b85030) Importer(815301076,1909f56bfc062723c751e8b465ee728b)
Start importing Assets/Scripts/ArrangeCoins.cs using Guid(d665c234eafbc8c40be715c130b85030) Importer(815301076,1909f56bfc062723c751e8b465ee728b)  -> (artifact id: 'fd67e58b617630597c07ec6b25d502c7') in 0.004963 seconds 
========================================================================
Received Prepare
Registering precompiled user dll's ...
Registered in 0.002064 seconds.
Begin MonoManager ReloadAssembly
Native extension for WindowsStandalone target not found
Refreshing native plugins compatible for Editor in 0.98 ms, found 5 plugins.
Preloading 0 native plugins for Editor in 0.00 ms.
Mono: successfully reloaded assembly
- Completed reload, in  1.233 seconds
Domain Reload Profiling:
	ReloadAssembly (1234ms)
		BeginReloadAssembly (108ms)
			ExecutionOrderSort (0ms)
			DisableScriptedObjects (4ms)
			BackupInstance (0ms)
			ReleaseScriptingObjects (0ms)
			CreateAndSetChildDomain (35ms)
		EndReloadAssembly (1077ms)
			LoadAssemblies (85ms)
			RebuildTransferFunctionScriptingTraits (0ms)
			SetupTypeCache (233ms)
			ReleaseScriptCaches (2ms)
			RebuildScriptCaches (57ms)
			SetupLoadedEditorAssemblies (457ms)
				LogAssemblyErrors (0ms)
				InitializePlatformSupportModulesInManaged (4ms)
				SetLoadedEditorAssemblies (0ms)
				RefreshPlugins (1ms)
				BeforeProcessingInitializeOnLoad (81ms)
				ProcessInitializeOnLoadAttributes (351ms)
				ProcessInitializeOnLoadMethodAttributes (14ms)
				AfterProcessingInitializeOnLoad (6ms)
				EditorAssembliesLoaded (0ms)
			ExecutionOrderSort2 (0ms)
			AwakeInstancesAfterBackupRestoration (2ms)
Platform modules already initialized, skipping
Switching build target platform(19) subTarget(0) extendedPlatform(0) -> platform(13) subTarget(537395200) extendedPlatform(0)
Refreshing native plugins compatible for Editor in 0.72 ms, found 5 plugins.
Preloading 0 native plugins for Editor in 0.00 ms.
Unloading 2377 Unused Serialized files (Serialized files now loaded: 0)
System memory in use before: 120.7 MB.
System memory in use after: 121.0 MB.

Unloading 20 unused Assets to reduce memory usage. Loaded Objects now: 3047.
Total: 2.592000 ms (FindLiveObjects: 0.200600 ms CreateObjectMapping: 0.069500 ms MarkObjects: 2.301500 ms  DeleteObjects: 0.019500 ms)

AssetImportParameters requested are different than current active one (requested -> active):
  custom:framework-win-MediaFoundation: 216162199b28c13a410421893ffa2e32 -> 
  custom:video-decoder-ogg-theora: a1e56fd34408186e4bbccfd4996cb3dc -> 
  custom:container-muxer-webm: aa71ff27fc2769a1b78a27578f13a17b -> 
  custom:container-demuxer-webm: 4f35f7cbe854078d1ac9338744f61a02 -> 
  custom:container-demuxer-ogg: 62fdf1f143b41e24485cea50d1cbac27 -> 
  custom:video-encoder-webm-vp8: eb34c28f22e8b96e1ab97ce403110664 -> 
  custom:video-codec-MediaFoundation-h265: 746d11721c4dcdbdad8f713fa42b33f4 -> 
  custom:video-decoder-webm-vp8: 9c59270c3fd7afecdb556c50c9e8de78 -> 
  custom:graphics/normal-map-encoding: 01000000000000000000000000000000 -> 02000000000000000000000000000000
  custom:audio-decoder-ogg-vorbis: bf7c407c2cedff20999df2af8eb42d56 -> 
  custom:audio-encoder-webm-vorbis: bf7c407c2cedff20999df2af8eb42d56 -> 
========================================================================
Received Prepare
Registering precompiled user dll's ...
Registered in 0.002037 seconds.
Begin MonoManager ReloadAssembly
Native extension for WindowsStandalone target not found
Refreshing native plugins compatible for Editor in 0.74 ms, found 5 plugins.
Preloading 0 native plugins for Editor in 0.00 ms.
Mono: successfully reloaded assembly
- Completed reload, in  1.273 seconds
Domain Reload Profiling:
	ReloadAssembly (1273ms)
		BeginReloadAssembly (115ms)
			ExecutionOrderSort (0ms)
			DisableScriptedObjects (5ms)
			BackupInstance (0ms)
			ReleaseScriptingObjects (0ms)
			CreateAndSetChildDomain (31ms)
		EndReloadAssembly (1097ms)
			LoadAssemblies (98ms)
			RebuildTransferFunctionScriptingTraits (0ms)
			SetupTypeCache (240ms)
			ReleaseScriptCaches (2ms)
			RebuildScriptCaches (64ms)
			SetupLoadedEditorAssemblies (460ms)
				LogAssemblyErrors (0ms)
				InitializePlatformSupportModulesInManaged (5ms)
				SetLoadedEditorAssemblies (1ms)
				RefreshPlugins (1ms)
				BeforeProcessingInitializeOnLoad (90ms)
				ProcessInitializeOnLoadAttributes (345ms)
				ProcessInitializeOnLoadMethodAttributes (11ms)
				AfterProcessingInitializeOnLoad (7ms)
				EditorAssembliesLoaded (0ms)
			ExecutionOrderSort2 (0ms)
			AwakeInstancesAfterBackupRestoration (2ms)
Platform modules already initialized, skipping
Switching build target platform(19) subTarget(0) extendedPlatform(0) -> platform(13) subTarget(537395200) extendedPlatform(0)
Refreshing native plugins compatible for Editor in 1.18 ms, found 5 plugins.
Preloading 0 native plugins for Editor in 0.00 ms.
Unloading 2377 Unused Serialized files (Serialized files now loaded: 0)
System memory in use before: 120.7 MB.
System memory in use after: 121.0 MB.

Unloading 20 unused Assets to reduce memory usage. Loaded Objects now: 3050.
Total: 3.073700 ms (FindLiveObjects: 0.207800 ms CreateObjectMapping: 0.063600 ms MarkObjects: 2.780800 ms  DeleteObjects: 0.020300 ms)

AssetImportParameters requested are different than current active one (requested -> active):
  custom:framework-win-MediaFoundation: 216162199b28c13a410421893ffa2e32 -> 
  custom:video-decoder-ogg-theora: a1e56fd34408186e4bbccfd4996cb3dc -> 
  custom:container-muxer-webm: aa71ff27fc2769a1b78a27578f13a17b -> 
  custom:container-demuxer-webm: 4f35f7cbe854078d1ac9338744f61a02 -> 
  custom:container-demuxer-ogg: 62fdf1f143b41e24485cea50d1cbac27 -> 
  custom:video-encoder-webm-vp8: eb34c28f22e8b96e1ab97ce403110664 -> 
  custom:video-codec-MediaFoundation-h265: 746d11721c4dcdbdad8f713fa42b33f4 -> 
  custom:video-decoder-webm-vp8: 9c59270c3fd7afecdb556c50c9e8de78 -> 
  custom:graphics/normal-map-encoding: 01000000000000000000000000000000 -> 02000000000000000000000000000000
  custom:audio-decoder-ogg-vorbis: bf7c407c2cedff20999df2af8eb42d56 -> 
  custom:audio-encoder-webm-vorbis: bf7c407c2cedff20999df2af8eb42d56 -> 
========================================================================
Received Prepare
Registering precompiled user dll's ...
Registered in 0.001167 seconds.
Begin MonoManager ReloadAssembly
Native extension for WindowsStandalone target not found
Refreshing native plugins compatible for Editor in 0.40 ms, found 5 plugins.
Preloading 0 native plugins for Editor in 0.00 ms.
Mono: successfully reloaded assembly
- Completed reload, in  0.687 seconds
Domain Reload Profiling:
	ReloadAssembly (688ms)
		BeginReloadAssembly (62ms)
			ExecutionOrderSort (0ms)
			DisableScriptedObjects (2ms)
			BackupInstance (0ms)
			ReleaseScriptingObjects (0ms)
			CreateAndSetChildDomain (18ms)
		EndReloadAssembly (597ms)
			LoadAssemblies (46ms)
			RebuildTransferFunctionScriptingTraits (0ms)
			SetupTypeCache (135ms)
			ReleaseScriptCaches (1ms)
			RebuildScriptCaches (31ms)
			SetupLoadedEditorAssemblies (261ms)
				LogAssemblyErrors (0ms)
				InitializePlatformSupportModulesInManaged (3ms)
				SetLoadedEditorAssemblies (0ms)
				RefreshPlugins (0ms)
				BeforeProcessingInitializeOnLoad (46ms)
				ProcessInitializeOnLoadAttributes (201ms)
				ProcessInitializeOnLoadMethodAttributes (7ms)
				AfterProcessingInitializeOnLoad (2ms)
				EditorAssembliesLoaded (0ms)
			ExecutionOrderSort2 (0ms)
			AwakeInstancesAfterBackupRestoration (1ms)
Platform modules already initialized, skipping
Switching build target platform(19) subTarget(0) extendedPlatform(0) -> platform(13) subTarget(537395200) extendedPlatform(0)
Refreshing native plugins compatible for Editor in 0.41 ms, found 5 plugins.
Preloading 0 native plugins for Editor in 0.00 ms.
Unloading 2377 Unused Serialized files (Serialized files now loaded: 0)
System memory in use before: 120.7 MB.
System memory in use after: 120.9 MB.

Unloading 20 unused Assets to reduce memory usage. Loaded Objects now: 3053.
Total: 1.966500 ms (FindLiveObjects: 0.146400 ms CreateObjectMapping: 0.047700 ms MarkObjects: 1.753400 ms  DeleteObjects: 0.018100 ms)

AssetImportParameters requested are different than current active one (requested -> active):
  custom:framework-win-MediaFoundation: 216162199b28c13a410421893ffa2e32 -> 
  custom:video-decoder-ogg-theora: a1e56fd34408186e4bbccfd4996cb3dc -> 
  custom:container-muxer-webm: aa71ff27fc2769a1b78a27578f13a17b -> 
  custom:container-demuxer-webm: 4f35f7cbe854078d1ac9338744f61a02 -> 
  custom:container-demuxer-ogg: 62fdf1f143b41e24485cea50d1cbac27 -> 
  custom:video-encoder-webm-vp8: eb34c28f22e8b96e1ab97ce403110664 -> 
  custom:video-codec-MediaFoundation-h265: 746d11721c4dcdbdad8f713fa42b33f4 -> 
  custom:video-decoder-webm-vp8: 9c59270c3fd7afecdb556c50c9e8de78 -> 
  custom:graphics/normal-map-encoding: 01000000000000000000000000000000 -> 02000000000000000000000000000000
  custom:audio-decoder-ogg-vorbis: bf7c407c2cedff20999df2af8eb42d56 -> 
  custom:audio-encoder-webm-vorbis: bf7c407c2cedff20999df2af8eb42d56 -> 
========================================================================
Received Prepare
Registering precompiled user dll's ...
Registered in 0.002198 seconds.
Begin MonoManager ReloadAssembly
Native extension for WindowsStandalone target not found
Refreshing native plugins compatible for Editor in 0.74 ms, found 5 plugins.
Preloading 0 native plugins for Editor in 0.00 ms.
Mono: successfully reloaded assembly
- Completed reload, in  1.125 seconds
Domain Reload Profiling:
	ReloadAssembly (1125ms)
		BeginReloadAssembly (99ms)
			ExecutionOrderSort (0ms)
			DisableScriptedObjects (4ms)
			BackupInstance (0ms)
			ReleaseScriptingObjects (0ms)
			CreateAndSetChildDomain (35ms)
		EndReloadAssembly (975ms)
			LoadAssemblies (70ms)
			RebuildTransferFunctionScriptingTraits (0ms)
			SetupTypeCache (252ms)
			ReleaseScriptCaches (2ms)
			RebuildScriptCaches (63ms)
			SetupLoadedEditorAssemblies (415ms)
				LogAssemblyErrors (0ms)
				InitializePlatformSupportModulesInManaged (5ms)
				SetLoadedEditorAssemblies (0ms)
				RefreshPlugins (1ms)
				BeforeProcessingInitializeOnLoad (84ms)
				ProcessInitializeOnLoadAttributes (315ms)
				ProcessInitializeOnLoadMethodAttributes (7ms)
				AfterProcessingInitializeOnLoad (2ms)
				EditorAssembliesLoaded (0ms)
			ExecutionOrderSort2 (0ms)
			AwakeInstancesAfterBackupRestoration (1ms)
Platform modules already initialized, skipping
Switching build target platform(19) subTarget(0) extendedPlatform(0) -> platform(13) subTarget(537395200) extendedPlatform(0)
Refreshing native plugins compatible for Editor in 0.72 ms, found 5 plugins.
Preloading 0 native plugins for Editor in 0.00 ms.
Unloading 2377 Unused Serialized files (Serialized files now loaded: 0)
System memory in use before: 120.8 MB.
System memory in use after: 121.0 MB.

Unloading 20 unused Assets to reduce memory usage. Loaded Objects now: 3056.
Total: 2.681200 ms (FindLiveObjects: 0.214000 ms CreateObjectMapping: 0.085700 ms MarkObjects: 2.360100 ms  DeleteObjects: 0.020700 ms)

AssetImportParameters requested are different than current active one (requested -> active):
  custom:framework-win-MediaFoundation: 216162199b28c13a410421893ffa2e32 -> 
  custom:video-decoder-ogg-theora: a1e56fd34408186e4bbccfd4996cb3dc -> 
  custom:container-muxer-webm: aa71ff27fc2769a1b78a27578f13a17b -> 
  custom:container-demuxer-webm: 4f35f7cbe854078d1ac9338744f61a02 -> 
  custom:container-demuxer-ogg: 62fdf1f143b41e24485cea50d1cbac27 -> 
  custom:video-encoder-webm-vp8: eb34c28f22e8b96e1ab97ce403110664 -> 
  custom:video-codec-MediaFoundation-h265: 746d11721c4dcdbdad8f713fa42b33f4 -> 
  custom:video-decoder-webm-vp8: 9c59270c3fd7afecdb556c50c9e8de78 -> 
  custom:graphics/normal-map-encoding: 01000000000000000000000000000000 -> 02000000000000000000000000000000
  custom:audio-decoder-ogg-vorbis: bf7c407c2cedff20999df2af8eb42d56 -> 
  custom:audio-encoder-webm-vorbis: bf7c407c2cedff20999df2af8eb42d56 -> 
========================================================================
Received Prepare
Registering precompiled user dll's ...
Registered in 0.002465 seconds.
Begin MonoManager ReloadAssembly
Native extension for WindowsStandalone target not found
Refreshing native plugins compatible for Editor in 0.74 ms, found 5 plugins.
Preloading 0 native plugins for Editor in 0.00 ms.
Mono: successfully reloaded assembly
- Completed reload, in  1.201 seconds
Domain Reload Profiling:
	ReloadAssembly (1201ms)
		BeginReloadAssembly (86ms)
			ExecutionOrderSort (0ms)
			DisableScriptedObjects (4ms)
			BackupInstance (0ms)
			ReleaseScriptingObjects (0ms)
			CreateAndSetChildDomain (18ms)
		EndReloadAssembly (1067ms)
			LoadAssemblies (85ms)
			RebuildTransferFunctionScriptingTraits (0ms)
			SetupTypeCache (200ms)
			ReleaseScriptCaches (2ms)
			RebuildScriptCaches (60ms)
			SetupLoadedEditorAssemblies (458ms)
				LogAssemblyErrors (0ms)
				InitializePlatformSupportModulesInManaged (4ms)
				SetLoadedEditorAssemblies (0ms)
				RefreshPlugins (1ms)
				BeforeProcessingInitializeOnLoad (82ms)
				ProcessInitializeOnLoadAttributes (354ms)
				ProcessInitializeOnLoadMethodAttributes (12ms)
				AfterProcessingInitializeOnLoad (5ms)
				EditorAssembliesLoaded (1ms)
			ExecutionOrderSort2 (0ms)
			AwakeInstancesAfterBackupRestoration (2ms)
Platform modules already initialized, skipping
Switching build target platform(19) subTarget(0) extendedPlatform(0) -> platform(13) subTarget(537395200) extendedPlatform(0)
Refreshing native plugins compatible for Editor in 0.72 ms, found 5 plugins.
Preloading 0 native plugins for Editor in 0.00 ms.
Unloading 2377 Unused Serialized files (Serialized files now loaded: 0)
System memory in use before: 120.8 MB.
System memory in use after: 121.0 MB.

Unloading 20 unused Assets to reduce memory usage. Loaded Objects now: 3059.
Total: 2.589800 ms (FindLiveObjects: 0.195500 ms CreateObjectMapping: 0.074900 ms MarkObjects: 2.298500 ms  DeleteObjects: 0.020300 ms)

AssetImportParameters requested are different than current active one (requested -> active):
  custom:framework-win-MediaFoundation: 216162199b28c13a410421893ffa2e32 -> 
  custom:video-decoder-ogg-theora: a1e56fd34408186e4bbccfd4996cb3dc -> 
  custom:container-muxer-webm: aa71ff27fc2769a1b78a27578f13a17b -> 
  custom:container-demuxer-webm: 4f35f7cbe854078d1ac9338744f61a02 -> 
  custom:container-demuxer-ogg: 62fdf1f143b41e24485cea50d1cbac27 -> 
  custom:video-encoder-webm-vp8: eb34c28f22e8b96e1ab97ce403110664 -> 
  custom:video-codec-MediaFoundation-h265: 746d11721c4dcdbdad8f713fa42b33f4 -> 
  custom:video-decoder-webm-vp8: 9c59270c3fd7afecdb556c50c9e8de78 -> 
  custom:graphics/normal-map-encoding: 01000000000000000000000000000000 -> 02000000000000000000000000000000
  custom:audio-decoder-ogg-vorbis: bf7c407c2cedff20999df2af8eb42d56 -> 
  custom:audio-encoder-webm-vorbis: bf7c407c2cedff20999df2af8eb42d56 -> 
========================================================================
Received Prepare
Registering precompiled user dll's ...
Registered in 0.002894 seconds.
Begin MonoManager ReloadAssembly
Native extension for WindowsStandalone target not found
Refreshing native plugins compatible for Editor in 0.74 ms, found 5 plugins.
Preloading 0 native plugins for Editor in 0.00 ms.
Mono: successfully reloaded assembly
- Completed reload, in  1.322 seconds
Domain Reload Profiling:
	ReloadAssembly (1322ms)
		BeginReloadAssembly (101ms)
			ExecutionOrderSort (0ms)
			DisableScriptedObjects (4ms)
			BackupInstance (0ms)
			ReleaseScriptingObjects (0ms)
			CreateAndSetChildDomain (29ms)
		EndReloadAssembly (1172ms)
			LoadAssemblies (89ms)
			RebuildTransferFunctionScriptingTraits (0ms)
			SetupTypeCache (237ms)
			ReleaseScriptCaches (2ms)
			RebuildScriptCaches (57ms)
			SetupLoadedEditorAssemblies (509ms)
				LogAssemblyErrors (0ms)
				InitializePlatformSupportModulesInManaged (4ms)
				SetLoadedEditorAssemblies (1ms)
				RefreshPlugins (1ms)
				BeforeProcessingInitializeOnLoad (88ms)
				ProcessInitializeOnLoadAttributes (398ms)
				ProcessInitializeOnLoadMethodAttributes (12ms)
				AfterProcessingInitializeOnLoad (4ms)
				EditorAssembliesLoaded (0ms)
			ExecutionOrderSort2 (0ms)
			AwakeInstancesAfterBackupRestoration (2ms)
Platform modules already initialized, skipping
Switching build target platform(19) subTarget(0) extendedPlatform(0) -> platform(13) subTarget(537395200) extendedPlatform(0)
Refreshing native plugins compatible for Editor in 0.74 ms, found 5 plugins.
Preloading 0 native plugins for Editor in 0.00 ms.
Unloading 2377 Unused Serialized files (Serialized files now loaded: 0)
System memory in use before: 120.8 MB.
System memory in use after: 121.0 MB.

Unloading 20 unused Assets to reduce memory usage. Loaded Objects now: 3062.
Total: 2.654000 ms (FindLiveObjects: 0.239200 ms CreateObjectMapping: 0.070400 ms MarkObjects: 2.312600 ms  DeleteObjects: 0.030900 ms)

AssetImportParameters requested are different than current active one (requested -> active):
  custom:framework-win-MediaFoundation: 216162199b28c13a410421893ffa2e32 -> 
  custom:video-decoder-ogg-theora: a1e56fd34408186e4bbccfd4996cb3dc -> 
  custom:container-muxer-webm: aa71ff27fc2769a1b78a27578f13a17b -> 
  custom:container-demuxer-webm: 4f35f7cbe854078d1ac9338744f61a02 -> 
  custom:container-demuxer-ogg: 62fdf1f143b41e24485cea50d1cbac27 -> 
  custom:video-encoder-webm-vp8: eb34c28f22e8b96e1ab97ce403110664 -> 
  custom:video-codec-MediaFoundation-h265: 746d11721c4dcdbdad8f713fa42b33f4 -> 
  custom:video-decoder-webm-vp8: 9c59270c3fd7afecdb556c50c9e8de78 -> 
  custom:graphics/normal-map-encoding: 01000000000000000000000000000000 -> 02000000000000000000000000000000
  custom:audio-decoder-ogg-vorbis: bf7c407c2cedff20999df2af8eb42d56 -> 
  custom:audio-encoder-webm-vorbis: bf7c407c2cedff20999df2af8eb42d56 -> 
========================================================================
Received Import Request.
  Time since last request: 447.960665 seconds.
  path: Assets/Prefabs/Collectables/Coin.prefab
  artifactKey: Guid(1cb05e334b7d19448a56a1c0ec851383) Importer(815301076,1909f56bfc062723c751e8b465ee728b)
Start importing Assets/Prefabs/Collectables/Coin.prefab using Guid(1cb05e334b7d19448a56a1c0ec851383) Importer(815301076,1909f56bfc062723c751e8b465ee728b)  -> (artifact id: '647d230fdfb083d016e333be548e87a5') in 0.111363 seconds 
========================================================================
Received Prepare
Registering precompiled user dll's ...
Registered in 0.002310 seconds.
Begin MonoManager ReloadAssembly
Native extension for WindowsStandalone target not found
Refreshing native plugins compatible for Editor in 0.93 ms, found 5 plugins.
Preloading 0 native plugins for Editor in 0.00 ms.
Mono: successfully reloaded assembly
- Completed reload, in  1.290 seconds
Domain Reload Profiling:
	ReloadAssembly (1290ms)
		BeginReloadAssembly (99ms)
			ExecutionOrderSort (0ms)
			DisableScriptedObjects (4ms)
			BackupInstance (0ms)
			ReleaseScriptingObjects (0ms)
			CreateAndSetChildDomain (37ms)
		EndReloadAssembly (1161ms)
			LoadAssemblies (82ms)
			RebuildTransferFunctionScriptingTraits (0ms)
			SetupTypeCache (243ms)
			ReleaseScriptCaches (2ms)
			RebuildScriptCaches (71ms)
			SetupLoadedEditorAssemblies (479ms)
				LogAssemblyErrors (0ms)
				InitializePlatformSupportModulesInManaged (6ms)
				SetLoadedEditorAssemblies (1ms)
				RefreshPlugins (1ms)
				BeforeProcessingInitializeOnLoad (95ms)
				ProcessInitializeOnLoadAttributes (360ms)
				ProcessInitializeOnLoadMethodAttributes (12ms)
				AfterProcessingInitializeOnLoad (5ms)
				EditorAssembliesLoaded (0ms)
			ExecutionOrderSort2 (0ms)
			AwakeInstancesAfterBackupRestoration (2ms)
Platform modules already initialized, skipping
Switching build target platform(19) subTarget(0) extendedPlatform(0) -> platform(13) subTarget(537395200) extendedPlatform(0)
Refreshing native plugins compatible for Editor in 0.73 ms, found 5 plugins.
Preloading 0 native plugins for Editor in 0.00 ms.
Unloading 2377 Unused Serialized files (Serialized files now loaded: 0)
System memory in use before: 120.8 MB.
System memory in use after: 121.0 MB.

Unloading 20 unused Assets to reduce memory usage. Loaded Objects now: 3066.
Total: 2.713200 ms (FindLiveObjects: 0.201700 ms CreateObjectMapping: 0.062400 ms MarkObjects: 2.426200 ms  DeleteObjects: 0.022000 ms)

AssetImportParameters requested are different than current active one (requested -> active):
  custom:framework-win-MediaFoundation: 216162199b28c13a410421893ffa2e32 -> 
  custom:video-decoder-ogg-theora: a1e56fd34408186e4bbccfd4996cb3dc -> 
  custom:container-muxer-webm: aa71ff27fc2769a1b78a27578f13a17b -> 
  custom:container-demuxer-webm: 4f35f7cbe854078d1ac9338744f61a02 -> 
  custom:container-demuxer-ogg: 62fdf1f143b41e24485cea50d1cbac27 -> 
  custom:video-encoder-webm-vp8: eb34c28f22e8b96e1ab97ce403110664 -> 
  custom:video-codec-MediaFoundation-h265: 746d11721c4dcdbdad8f713fa42b33f4 -> 
  custom:video-decoder-webm-vp8: 9c59270c3fd7afecdb556c50c9e8de78 -> 
  custom:graphics/normal-map-encoding: 01000000000000000000000000000000 -> 02000000000000000000000000000000
  custom:audio-decoder-ogg-vorbis: bf7c407c2cedff20999df2af8eb42d56 -> 
  custom:audio-encoder-webm-vorbis: bf7c407c2cedff20999df2af8eb42d56 -> 
========================================================================
Received Prepare
Registering precompiled user dll's ...
Registered in 0.002093 seconds.
Begin MonoManager ReloadAssembly
Native extension for WindowsStandalone target not found
Refreshing native plugins compatible for Editor in 5.79 ms, found 5 plugins.
Preloading 0 native plugins for Editor in 0.00 ms.
Mono: successfully reloaded assembly
- Completed reload, in  1.446 seconds
Domain Reload Profiling:
	ReloadAssembly (1447ms)
		BeginReloadAssembly (119ms)
			ExecutionOrderSort (0ms)
			DisableScriptedObjects (4ms)
			BackupInstance (0ms)
			ReleaseScriptingObjects (0ms)
			CreateAndSetChildDomain (42ms)
		EndReloadAssembly (1272ms)
			LoadAssemblies (94ms)
			RebuildTransferFunctionScriptingTraits (0ms)
			SetupTypeCache (245ms)
			ReleaseScriptCaches (2ms)
			RebuildScriptCaches (59ms)
			SetupLoadedEditorAssemblies (582ms)
				LogAssemblyErrors (0ms)
				InitializePlatformSupportModulesInManaged (10ms)
				SetLoadedEditorAssemblies (1ms)
				RefreshPlugins (6ms)
				BeforeProcessingInitializeOnLoad (138ms)
				ProcessInitializeOnLoadAttributes (402ms)
				ProcessInitializeOnLoadMethodAttributes (17ms)
				AfterProcessingInitializeOnLoad (8ms)
				EditorAssembliesLoaded (0ms)
			ExecutionOrderSort2 (0ms)
			AwakeInstancesAfterBackupRestoration (2ms)
Platform modules already initialized, skipping
Switching build target platform(19) subTarget(0) extendedPlatform(0) -> platform(13) subTarget(537395200) extendedPlatform(0)
Refreshing native plugins compatible for Editor in 0.99 ms, found 5 plugins.
Preloading 0 native plugins for Editor in 0.00 ms.
Unloading 2377 Unused Serialized files (Serialized files now loaded: 0)
System memory in use before: 120.7 MB.
System memory in use after: 120.9 MB.

Unloading 20 unused Assets to reduce memory usage. Loaded Objects now: 3069.
Total: 3.353900 ms (FindLiveObjects: 0.222900 ms CreateObjectMapping: 0.061700 ms MarkObjects: 3.047700 ms  DeleteObjects: 0.020800 ms)

AssetImportParameters requested are different than current active one (requested -> active):
  custom:framework-win-MediaFoundation: 216162199b28c13a410421893ffa2e32 -> 
  custom:video-decoder-ogg-theora: a1e56fd34408186e4bbccfd4996cb3dc -> 
  custom:container-muxer-webm: aa71ff27fc2769a1b78a27578f13a17b -> 
  custom:container-demuxer-webm: 4f35f7cbe854078d1ac9338744f61a02 -> 
  custom:container-demuxer-ogg: 62fdf1f143b41e24485cea50d1cbac27 -> 
  custom:video-encoder-webm-vp8: eb34c28f22e8b96e1ab97ce403110664 -> 
  custom:video-codec-MediaFoundation-h265: 746d11721c4dcdbdad8f713fa42b33f4 -> 
  custom:video-decoder-webm-vp8: 9c59270c3fd7afecdb556c50c9e8de78 -> 
  custom:graphics/normal-map-encoding: 01000000000000000000000000000000 -> 02000000000000000000000000000000
  custom:audio-decoder-ogg-vorbis: bf7c407c2cedff20999df2af8eb42d56 -> 
  custom:audio-encoder-webm-vorbis: bf7c407c2cedff20999df2af8eb42d56 -> 
========================================================================
Received Prepare
Registering precompiled user dll's ...
Registered in 0.002053 seconds.
Begin MonoManager ReloadAssembly
Native extension for WindowsStandalone target not found
Refreshing native plugins compatible for Editor in 0.72 ms, found 5 plugins.
Preloading 0 native plugins for Editor in 0.00 ms.
Mono: successfully reloaded assembly
- Completed reload, in  1.268 seconds
Domain Reload Profiling:
	ReloadAssembly (1269ms)
		BeginReloadAssembly (107ms)
			ExecutionOrderSort (0ms)
			DisableScriptedObjects (4ms)
			BackupInstance (0ms)
			ReleaseScriptingObjects (0ms)
			CreateAndSetChildDomain (41ms)
		EndReloadAssembly (1120ms)
			LoadAssemblies (77ms)
			RebuildTransferFunctionScriptingTraits (0ms)
			SetupTypeCache (233ms)
			ReleaseScriptCaches (1ms)
			RebuildScriptCaches (57ms)
			SetupLoadedEditorAssemblies (458ms)
				LogAssemblyErrors (0ms)
				InitializePlatformSupportModulesInManaged (4ms)
				SetLoadedEditorAssemblies (0ms)
				RefreshPlugins (1ms)
				BeforeProcessingInitializeOnLoad (82ms)
				ProcessInitializeOnLoadAttributes (354ms)
				ProcessInitializeOnLoadMethodAttributes (11ms)
				AfterProcessingInitializeOnLoad (5ms)
				EditorAssembliesLoaded (0ms)
			ExecutionOrderSort2 (0ms)
			AwakeInstancesAfterBackupRestoration (2ms)
Platform modules already initialized, skipping
Switching build target platform(19) subTarget(0) extendedPlatform(0) -> platform(13) subTarget(537395200) extendedPlatform(0)
Refreshing native plugins compatible for Editor in 0.72 ms, found 5 plugins.
Preloading 0 native plugins for Editor in 0.00 ms.
Unloading 2377 Unused Serialized files (Serialized files now loaded: 0)
System memory in use before: 120.8 MB.
System memory in use after: 121.0 MB.

Unloading 20 unused Assets to reduce memory usage. Loaded Objects now: 3072.
Total: 2.609300 ms (FindLiveObjects: 0.211100 ms CreateObjectMapping: 0.071100 ms MarkObjects: 2.305400 ms  DeleteObjects: 0.020900 ms)

AssetImportParameters requested are different than current active one (requested -> active):
  custom:framework-win-MediaFoundation: 216162199b28c13a410421893ffa2e32 -> 
  custom:video-decoder-ogg-theora: a1e56fd34408186e4bbccfd4996cb3dc -> 
  custom:container-muxer-webm: aa71ff27fc2769a1b78a27578f13a17b -> 
  custom:container-demuxer-webm: 4f35f7cbe854078d1ac9338744f61a02 -> 
  custom:container-demuxer-ogg: 62fdf1f143b41e24485cea50d1cbac27 -> 
  custom:video-encoder-webm-vp8: eb34c28f22e8b96e1ab97ce403110664 -> 
  custom:video-codec-MediaFoundation-h265: 746d11721c4dcdbdad8f713fa42b33f4 -> 
  custom:video-decoder-webm-vp8: 9c59270c3fd7afecdb556c50c9e8de78 -> 
  custom:graphics/normal-map-encoding: 01000000000000000000000000000000 -> 02000000000000000000000000000000
  custom:audio-decoder-ogg-vorbis: bf7c407c2cedff20999df2af8eb42d56 -> 
  custom:audio-encoder-webm-vorbis: bf7c407c2cedff20999df2af8eb42d56 -> 
========================================================================
Received Prepare
Registering precompiled user dll's ...
Registered in 0.001304 seconds.
Begin MonoManager ReloadAssembly
Native extension for WindowsStandalone target not found
Refreshing native plugins compatible for Editor in 0.42 ms, found 5 plugins.
Preloading 0 native plugins for Editor in 0.00 ms.
Mono: successfully reloaded assembly
- Completed reload, in  0.700 seconds
Domain Reload Profiling:
	ReloadAssembly (700ms)
		BeginReloadAssembly (65ms)
			ExecutionOrderSort (0ms)
			DisableScriptedObjects (2ms)
			BackupInstance (0ms)
			ReleaseScriptingObjects (0ms)
			CreateAndSetChildDomain (20ms)
		EndReloadAssembly (606ms)
			LoadAssemblies (46ms)
			RebuildTransferFunctionScriptingTraits (0ms)
			SetupTypeCache (136ms)
			ReleaseScriptCaches (1ms)
			RebuildScriptCaches (30ms)
			SetupLoadedEditorAssemblies (258ms)
				LogAssemblyErrors (0ms)
				InitializePlatformSupportModulesInManaged (3ms)
				SetLoadedEditorAssemblies (0ms)
				RefreshPlugins (0ms)
				BeforeProcessingInitializeOnLoad (46ms)
				ProcessInitializeOnLoadAttributes (199ms)
				ProcessInitializeOnLoadMethodAttributes (7ms)
				AfterProcessingInitializeOnLoad (2ms)
				EditorAssembliesLoaded (0ms)
			ExecutionOrderSort2 (0ms)
			AwakeInstancesAfterBackupRestoration (1ms)
Platform modules already initialized, skipping
Switching build target platform(19) subTarget(0) extendedPlatform(0) -> platform(13) subTarget(537395200) extendedPlatform(0)
Refreshing native plugins compatible for Editor in 0.40 ms, found 5 plugins.
Preloading 0 native plugins for Editor in 0.00 ms.
Unloading 2390 Unused Serialized files (Serialized files now loaded: 0)
System memory in use before: 123.0 MB.
System memory in use after: 122.5 MB.

Unloading 33 unused Assets to reduce memory usage. Loaded Objects now: 3075.
Total: 2.684900 ms (FindLiveObjects: 0.170000 ms CreateObjectMapping: 0.052100 ms MarkObjects: 2.190100 ms  DeleteObjects: 0.271900 ms)

AssetImportParameters requested are different than current active one (requested -> active):
  custom:framework-win-MediaFoundation: 216162199b28c13a410421893ffa2e32 -> 
  custom:video-decoder-ogg-theora: a1e56fd34408186e4bbccfd4996cb3dc -> 
  custom:container-muxer-webm: aa71ff27fc2769a1b78a27578f13a17b -> 
  custom:container-demuxer-webm: 4f35f7cbe854078d1ac9338744f61a02 -> 
  custom:container-demuxer-ogg: 62fdf1f143b41e24485cea50d1cbac27 -> 
  custom:video-encoder-webm-vp8: eb34c28f22e8b96e1ab97ce403110664 -> 
  custom:video-codec-MediaFoundation-h265: 746d11721c4dcdbdad8f713fa42b33f4 -> 
  custom:video-decoder-webm-vp8: 9c59270c3fd7afecdb556c50c9e8de78 -> 
  custom:graphics/normal-map-encoding: 01000000000000000000000000000000 -> 02000000000000000000000000000000
  custom:audio-decoder-ogg-vorbis: bf7c407c2cedff20999df2af8eb42d56 -> 
  custom:audio-encoder-webm-vorbis: bf7c407c2cedff20999df2af8eb42d56 -> 
========================================================================
Received Prepare
Registering precompiled user dll's ...
Registered in 0.002473 seconds.
Begin MonoManager ReloadAssembly
Native extension for WindowsStandalone target not found
Refreshing native plugins compatible for Editor in 0.74 ms, found 5 plugins.
Preloading 0 native plugins for Editor in 0.00 ms.
Mono: successfully reloaded assembly
- Completed reload, in  1.392 seconds
Domain Reload Profiling:
	ReloadAssembly (1392ms)
		BeginReloadAssembly (121ms)
			ExecutionOrderSort (0ms)
			DisableScriptedObjects (5ms)
			BackupInstance (0ms)
			ReleaseScriptingObjects (0ms)
			CreateAndSetChildDomain (36ms)
		EndReloadAssembly (1207ms)
			LoadAssemblies (104ms)
			RebuildTransferFunctionScriptingTraits (0ms)
			SetupTypeCache (255ms)
			ReleaseScriptCaches (2ms)
			RebuildScriptCaches (56ms)
			SetupLoadedEditorAssemblies (487ms)
				LogAssemblyErrors (0ms)
				InitializePlatformSupportModulesInManaged (4ms)
				SetLoadedEditorAssemblies (0ms)
				RefreshPlugins (1ms)
				BeforeProcessingInitializeOnLoad (82ms)
				ProcessInitializeOnLoadAttributes (383ms)
				ProcessInitializeOnLoadMethodAttributes (12ms)
				AfterProcessingInitializeOnLoad (5ms)
				EditorAssembliesLoaded (0ms)
			ExecutionOrderSort2 (0ms)
			AwakeInstancesAfterBackupRestoration (2ms)
Platform modules already initialized, skipping
Switching build target platform(19) subTarget(0) extendedPlatform(0) -> platform(13) subTarget(537395200) extendedPlatform(0)
Refreshing native plugins compatible for Editor in 0.73 ms, found 5 plugins.
Preloading 0 native plugins for Editor in 0.00 ms.
Unloading 2390 Unused Serialized files (Serialized files now loaded: 0)
System memory in use before: 123.0 MB.
System memory in use after: 122.5 MB.

Unloading 33 unused Assets to reduce memory usage. Loaded Objects now: 3078.
Total: 3.454300 ms (FindLiveObjects: 0.517500 ms CreateObjectMapping: 0.138300 ms MarkObjects: 2.377100 ms  DeleteObjects: 0.420700 ms)

AssetImportParameters requested are different than current active one (requested -> active):
  custom:framework-win-MediaFoundation: 216162199b28c13a410421893ffa2e32 -> 
  custom:video-decoder-ogg-theora: a1e56fd34408186e4bbccfd4996cb3dc -> 
  custom:container-muxer-webm: aa71ff27fc2769a1b78a27578f13a17b -> 
  custom:container-demuxer-webm: 4f35f7cbe854078d1ac9338744f61a02 -> 
  custom:container-demuxer-ogg: 62fdf1f143b41e24485cea50d1cbac27 -> 
  custom:video-encoder-webm-vp8: eb34c28f22e8b96e1ab97ce403110664 -> 
  custom:video-codec-MediaFoundation-h265: 746d11721c4dcdbdad8f713fa42b33f4 -> 
  custom:video-decoder-webm-vp8: 9c59270c3fd7afecdb556c50c9e8de78 -> 
  custom:graphics/normal-map-encoding: 01000000000000000000000000000000 -> 02000000000000000000000000000000
  custom:audio-decoder-ogg-vorbis: bf7c407c2cedff20999df2af8eb42d56 -> 
  custom:audio-encoder-webm-vorbis: bf7c407c2cedff20999df2af8eb42d56 -> 
========================================================================
Received Prepare
Registering precompiled user dll's ...
Registered in 0.002429 seconds.
Begin MonoManager ReloadAssembly
Native extension for WindowsStandalone target not found
Refreshing native plugins compatible for Editor in 0.72 ms, found 5 plugins.
Preloading 0 native plugins for Editor in 0.00 ms.
Mono: successfully reloaded assembly
- Completed reload, in  1.308 seconds
Domain Reload Profiling:
	ReloadAssembly (1309ms)
		BeginReloadAssembly (115ms)
			ExecutionOrderSort (0ms)
			DisableScriptedObjects (6ms)
			BackupInstance (0ms)
			ReleaseScriptingObjects (0ms)
			CreateAndSetChildDomain (35ms)
		EndReloadAssembly (1145ms)
			LoadAssemblies (89ms)
			RebuildTransferFunctionScriptingTraits (0ms)
			SetupTypeCache (263ms)
			ReleaseScriptCaches (2ms)
			RebuildScriptCaches (67ms)
			SetupLoadedEditorAssemblies (461ms)
				LogAssemblyErrors (0ms)
				InitializePlatformSupportModulesInManaged (4ms)
				SetLoadedEditorAssemblies (1ms)
				RefreshPlugins (1ms)
				BeforeProcessingInitializeOnLoad (82ms)
				ProcessInitializeOnLoadAttributes (357ms)
				ProcessInitializeOnLoadMethodAttributes (12ms)
				AfterProcessingInitializeOnLoad (4ms)
				EditorAssembliesLoaded (0ms)
			ExecutionOrderSort2 (0ms)
			AwakeInstancesAfterBackupRestoration (2ms)
Platform modules already initialized, skipping
Switching build target platform(19) subTarget(0) extendedPlatform(0) -> platform(13) subTarget(537395200) extendedPlatform(0)
Refreshing native plugins compatible for Editor in 0.77 ms, found 5 plugins.
Preloading 0 native plugins for Editor in 0.00 ms.
Unloading 2390 Unused Serialized files (Serialized files now loaded: 0)
System memory in use before: 123.0 MB.
System memory in use after: 122.5 MB.

Unloading 33 unused Assets to reduce memory usage. Loaded Objects now: 3081.
Total: 3.715700 ms (FindLiveObjects: 0.230100 ms CreateObjectMapping: 0.060700 ms MarkObjects: 2.970100 ms  DeleteObjects: 0.453700 ms)

AssetImportParameters requested are different than current active one (requested -> active):
  custom:framework-win-MediaFoundation: 216162199b28c13a410421893ffa2e32 -> 
  custom:video-decoder-ogg-theora: a1e56fd34408186e4bbccfd4996cb3dc -> 
  custom:container-muxer-webm: aa71ff27fc2769a1b78a27578f13a17b -> 
  custom:container-demuxer-webm: 4f35f7cbe854078d1ac9338744f61a02 -> 
  custom:container-demuxer-ogg: 62fdf1f143b41e24485cea50d1cbac27 -> 
  custom:video-encoder-webm-vp8: eb34c28f22e8b96e1ab97ce403110664 -> 
  custom:video-codec-MediaFoundation-h265: 746d11721c4dcdbdad8f713fa42b33f4 -> 
  custom:video-decoder-webm-vp8: 9c59270c3fd7afecdb556c50c9e8de78 -> 
  custom:graphics/normal-map-encoding: 01000000000000000000000000000000 -> 02000000000000000000000000000000
  custom:audio-decoder-ogg-vorbis: bf7c407c2cedff20999df2af8eb42d56 -> 
  custom:audio-encoder-webm-vorbis: bf7c407c2cedff20999df2af8eb42d56 -> 
========================================================================
Received Prepare
Registering precompiled user dll's ...
Registered in 0.001139 seconds.
Begin MonoManager ReloadAssembly
Native extension for WindowsStandalone target not found
Refreshing native plugins compatible for Editor in 0.75 ms, found 5 plugins.
Preloading 0 native plugins for Editor in 0.00 ms.
Mono: successfully reloaded assembly
- Completed reload, in  1.238 seconds
Domain Reload Profiling:
	ReloadAssembly (1238ms)
		BeginReloadAssembly (69ms)
			ExecutionOrderSort (0ms)
			DisableScriptedObjects (4ms)
			BackupInstance (0ms)
			ReleaseScriptingObjects (0ms)
			CreateAndSetChildDomain (20ms)
		EndReloadAssembly (1129ms)
			LoadAssemblies (71ms)
			RebuildTransferFunctionScriptingTraits (0ms)
			SetupTypeCache (233ms)
			ReleaseScriptCaches (2ms)
			RebuildScriptCaches (58ms)
			SetupLoadedEditorAssemblies (456ms)
				LogAssemblyErrors (0ms)
				InitializePlatformSupportModulesInManaged (5ms)
				SetLoadedEditorAssemblies (0ms)
				RefreshPlugins (1ms)
				BeforeProcessingInitializeOnLoad (82ms)
				ProcessInitializeOnLoadAttributes (351ms)
				ProcessInitializeOnLoadMethodAttributes (12ms)
				AfterProcessingInitializeOnLoad (5ms)
				EditorAssembliesLoaded (0ms)
			ExecutionOrderSort2 (0ms)
			AwakeInstancesAfterBackupRestoration (2ms)
Platform modules already initialized, skipping
Switching build target platform(19) subTarget(0) extendedPlatform(0) -> platform(13) subTarget(537395200) extendedPlatform(0)
Refreshing native plugins compatible for Editor in 0.71 ms, found 5 plugins.
Preloading 0 native plugins for Editor in 0.00 ms.
Unloading 2390 Unused Serialized files (Serialized files now loaded: 0)
System memory in use before: 122.9 MB.
System memory in use after: 122.4 MB.

Unloading 33 unused Assets to reduce memory usage. Loaded Objects now: 3084.
Total: 2.615300 ms (FindLiveObjects: 0.137700 ms CreateObjectMapping: 0.039400 ms MarkObjects: 2.162700 ms  DeleteObjects: 0.274900 ms)

AssetImportParameters requested are different than current active one (requested -> active):
  custom:framework-win-MediaFoundation: 216162199b28c13a410421893ffa2e32 -> 
  custom:video-decoder-ogg-theora: a1e56fd34408186e4bbccfd4996cb3dc -> 
  custom:container-muxer-webm: aa71ff27fc2769a1b78a27578f13a17b -> 
  custom:container-demuxer-webm: 4f35f7cbe854078d1ac9338744f61a02 -> 
  custom:container-demuxer-ogg: 62fdf1f143b41e24485cea50d1cbac27 -> 
  custom:video-encoder-webm-vp8: eb34c28f22e8b96e1ab97ce403110664 -> 
  custom:video-codec-MediaFoundation-h265: 746d11721c4dcdbdad8f713fa42b33f4 -> 
  custom:video-decoder-webm-vp8: 9c59270c3fd7afecdb556c50c9e8de78 -> 
  custom:graphics/normal-map-encoding: 01000000000000000000000000000000 -> 02000000000000000000000000000000
  custom:audio-decoder-ogg-vorbis: bf7c407c2cedff20999df2af8eb42d56 -> 
  custom:audio-encoder-webm-vorbis: bf7c407c2cedff20999df2af8eb42d56 -> 
========================================================================
Received Prepare
Registering precompiled user dll's ...
Registered in 0.002360 seconds.
Begin MonoManager ReloadAssembly
Native extension for WindowsStandalone target not found
Refreshing native plugins compatible for Editor in 0.76 ms, found 5 plugins.
Preloading 0 native plugins for Editor in 0.00 ms.
Mono: successfully reloaded assembly
- Completed reload, in  1.262 seconds
Domain Reload Profiling:
	ReloadAssembly (1262ms)
		BeginReloadAssembly (68ms)
			ExecutionOrderSort (0ms)
			DisableScriptedObjects (5ms)
			BackupInstance (0ms)
			ReleaseScriptingObjects (0ms)
			CreateAndSetChildDomain (19ms)
		EndReloadAssembly (1165ms)
			LoadAssemblies (52ms)
			RebuildTransferFunctionScriptingTraits (0ms)
			SetupTypeCache (249ms)
			ReleaseScriptCaches (1ms)
			RebuildScriptCaches (51ms)
			SetupLoadedEditorAssemblies (478ms)
				LogAssemblyErrors (0ms)
				InitializePlatformSupportModulesInManaged (4ms)
				SetLoadedEditorAssemblies (0ms)
				RefreshPlugins (1ms)
				BeforeProcessingInitializeOnLoad (91ms)
				ProcessInitializeOnLoadAttributes (364ms)
				ProcessInitializeOnLoadMethodAttributes (11ms)
				AfterProcessingInitializeOnLoad (6ms)
				EditorAssembliesLoaded (0ms)
			ExecutionOrderSort2 (0ms)
			AwakeInstancesAfterBackupRestoration (2ms)
Platform modules already initialized, skipping
Switching build target platform(19) subTarget(0) extendedPlatform(0) -> platform(13) subTarget(537395200) extendedPlatform(0)
Refreshing native plugins compatible for Editor in 0.71 ms, found 5 plugins.
Preloading 0 native plugins for Editor in 0.00 ms.
Unloading 2390 Unused Serialized files (Serialized files now loaded: 0)
System memory in use before: 123.0 MB.
System memory in use after: 122.5 MB.

Unloading 33 unused Assets to reduce memory usage. Loaded Objects now: 3087.
Total: 3.181200 ms (FindLiveObjects: 0.332900 ms CreateObjectMapping: 0.088800 ms MarkObjects: 2.334800 ms  DeleteObjects: 0.423600 ms)

AssetImportParameters requested are different than current active one (requested -> active):
  custom:framework-win-MediaFoundation: 216162199b28c13a410421893ffa2e32 -> 
  custom:video-decoder-ogg-theora: a1e56fd34408186e4bbccfd4996cb3dc -> 
  custom:container-muxer-webm: aa71ff27fc2769a1b78a27578f13a17b -> 
  custom:container-demuxer-webm: 4f35f7cbe854078d1ac9338744f61a02 -> 
  custom:container-demuxer-ogg: 62fdf1f143b41e24485cea50d1cbac27 -> 
  custom:video-encoder-webm-vp8: eb34c28f22e8b96e1ab97ce403110664 -> 
  custom:video-codec-MediaFoundation-h265: 746d11721c4dcdbdad8f713fa42b33f4 -> 
  custom:video-decoder-webm-vp8: 9c59270c3fd7afecdb556c50c9e8de78 -> 
  custom:graphics/normal-map-encoding: 01000000000000000000000000000000 -> 02000000000000000000000000000000
  custom:audio-decoder-ogg-vorbis: bf7c407c2cedff20999df2af8eb42d56 -> 
  custom:audio-encoder-webm-vorbis: bf7c407c2cedff20999df2af8eb42d56 -> 
========================================================================
Received Prepare
Registering precompiled user dll's ...
Registered in 0.002363 seconds.
Begin MonoManager ReloadAssembly
Native extension for WindowsStandalone target not found
Refreshing native plugins compatible for Editor in 0.77 ms, found 5 plugins.
Preloading 0 native plugins for Editor in 0.00 ms.
Mono: successfully reloaded assembly
- Completed reload, in  1.285 seconds
Domain Reload Profiling:
	ReloadAssembly (1285ms)
		BeginReloadAssembly (99ms)
			ExecutionOrderSort (0ms)
			DisableScriptedObjects (5ms)
			BackupInstance (0ms)
			ReleaseScriptingObjects (0ms)
			CreateAndSetChildDomain (24ms)
		EndReloadAssembly (1136ms)
			LoadAssemblies (90ms)
			RebuildTransferFunctionScriptingTraits (0ms)
			SetupTypeCache (234ms)
			ReleaseScriptCaches (1ms)
			RebuildScriptCaches (46ms)
			SetupLoadedEditorAssemblies (468ms)
				LogAssemblyErrors (0ms)
				InitializePlatformSupportModulesInManaged (4ms)
				SetLoadedEditorAssemblies (1ms)
				RefreshPlugins (1ms)
				BeforeProcessingInitializeOnLoad (86ms)
				ProcessInitializeOnLoadAttributes (360ms)
				ProcessInitializeOnLoadMethodAttributes (12ms)
				AfterProcessingInitializeOnLoad (4ms)
				EditorAssembliesLoaded (0ms)
			ExecutionOrderSort2 (0ms)
			AwakeInstancesAfterBackupRestoration (2ms)
Platform modules already initialized, skipping
Switching build target platform(19) subTarget(0) extendedPlatform(0) -> platform(13) subTarget(537395200) extendedPlatform(0)
Refreshing native plugins compatible for Editor in 0.76 ms, found 5 plugins.
Preloading 0 native plugins for Editor in 0.00 ms.
Unloading 2390 Unused Serialized files (Serialized files now loaded: 0)
System memory in use before: 123.0 MB.
System memory in use after: 122.5 MB.

Unloading 33 unused Assets to reduce memory usage. Loaded Objects now: 3090.
Total: 3.027300 ms (FindLiveObjects: 0.208800 ms CreateObjectMapping: 0.060300 ms MarkObjects: 2.350100 ms  DeleteObjects: 0.407400 ms)

AssetImportParameters requested are different than current active one (requested -> active):
  custom:framework-win-MediaFoundation: 216162199b28c13a410421893ffa2e32 -> 
  custom:video-decoder-ogg-theora: a1e56fd34408186e4bbccfd4996cb3dc -> 
  custom:container-muxer-webm: aa71ff27fc2769a1b78a27578f13a17b -> 
  custom:container-demuxer-webm: 4f35f7cbe854078d1ac9338744f61a02 -> 
  custom:container-demuxer-ogg: 62fdf1f143b41e24485cea50d1cbac27 -> 
  custom:video-encoder-webm-vp8: eb34c28f22e8b96e1ab97ce403110664 -> 
  custom:video-codec-MediaFoundation-h265: 746d11721c4dcdbdad8f713fa42b33f4 -> 
  custom:video-decoder-webm-vp8: 9c59270c3fd7afecdb556c50c9e8de78 -> 
  custom:graphics/normal-map-encoding: 01000000000000000000000000000000 -> 02000000000000000000000000000000
  custom:audio-decoder-ogg-vorbis: bf7c407c2cedff20999df2af8eb42d56 -> 
  custom:audio-encoder-webm-vorbis: bf7c407c2cedff20999df2af8eb42d56 -> 
========================================================================
Received Prepare
Registering precompiled user dll's ...
Registered in 0.001077 seconds.
Begin MonoManager ReloadAssembly
Native extension for WindowsStandalone target not found
Refreshing native plugins compatible for Editor in 0.73 ms, found 5 plugins.
Preloading 0 native plugins for Editor in 0.00 ms.
Mono: successfully reloaded assembly
- Completed reload, in  1.274 seconds
Domain Reload Profiling:
	ReloadAssembly (1274ms)
		BeginReloadAssembly (71ms)
			ExecutionOrderSort (0ms)
			DisableScriptedObjects (5ms)
			BackupInstance (0ms)
			ReleaseScriptingObjects (0ms)
			CreateAndSetChildDomain (19ms)
		EndReloadAssembly (1152ms)
			LoadAssemblies (67ms)
			RebuildTransferFunctionScriptingTraits (0ms)
			SetupTypeCache (234ms)
			ReleaseScriptCaches (2ms)
			RebuildScriptCaches (57ms)
			SetupLoadedEditorAssemblies (457ms)
				LogAssemblyErrors (0ms)
				InitializePlatformSupportModulesInManaged (5ms)
				SetLoadedEditorAssemblies (0ms)
				RefreshPlugins (1ms)
				BeforeProcessingInitializeOnLoad (83ms)
				ProcessInitializeOnLoadAttributes (352ms)
				ProcessInitializeOnLoadMethodAttributes (11ms)
				AfterProcessingInitializeOnLoad (4ms)
				EditorAssembliesLoaded (0ms)
			ExecutionOrderSort2 (0ms)
			AwakeInstancesAfterBackupRestoration (2ms)
Platform modules already initialized, skipping
Switching build target platform(19) subTarget(0) extendedPlatform(0) -> platform(13) subTarget(537395200) extendedPlatform(0)
Refreshing native plugins compatible for Editor in 0.75 ms, found 5 plugins.
Preloading 0 native plugins for Editor in 0.00 ms.
Unloading 2390 Unused Serialized files (Serialized files now loaded: 0)
System memory in use before: 123.0 MB.
System memory in use after: 122.6 MB.

Unloading 33 unused Assets to reduce memory usage. Loaded Objects now: 3093.
Total: 2.975600 ms (FindLiveObjects: 0.200800 ms CreateObjectMapping: 0.061800 ms MarkObjects: 2.299100 ms  DeleteObjects: 0.413300 ms)

AssetImportParameters requested are different than current active one (requested -> active):
  custom:framework-win-MediaFoundation: 216162199b28c13a410421893ffa2e32 -> 
  custom:video-decoder-ogg-theora: a1e56fd34408186e4bbccfd4996cb3dc -> 
  custom:container-muxer-webm: aa71ff27fc2769a1b78a27578f13a17b -> 
  custom:container-demuxer-webm: 4f35f7cbe854078d1ac9338744f61a02 -> 
  custom:container-demuxer-ogg: 62fdf1f143b41e24485cea50d1cbac27 -> 
  custom:video-encoder-webm-vp8: eb34c28f22e8b96e1ab97ce403110664 -> 
  custom:video-codec-MediaFoundation-h265: 746d11721c4dcdbdad8f713fa42b33f4 -> 
  custom:video-decoder-webm-vp8: 9c59270c3fd7afecdb556c50c9e8de78 -> 
  custom:graphics/normal-map-encoding: 01000000000000000000000000000000 -> 02000000000000000000000000000000
  custom:audio-decoder-ogg-vorbis: bf7c407c2cedff20999df2af8eb42d56 -> 
  custom:audio-encoder-webm-vorbis: bf7c407c2cedff20999df2af8eb42d56 -> 
========================================================================
Received Prepare
Registering precompiled user dll's ...
Registered in 0.001189 seconds.
Begin MonoManager ReloadAssembly
Native extension for WindowsStandalone target not found
Refreshing native plugins compatible for Editor in 0.43 ms, found 5 plugins.
Preloading 0 native plugins for Editor in 0.00 ms.
Mono: successfully reloaded assembly
- Completed reload, in  0.726 seconds
Domain Reload Profiling:
	ReloadAssembly (726ms)
		BeginReloadAssembly (63ms)
			ExecutionOrderSort (0ms)
			DisableScriptedObjects (2ms)
			BackupInstance (0ms)
			ReleaseScriptingObjects (0ms)
			CreateAndSetChildDomain (18ms)
		EndReloadAssembly (635ms)
			LoadAssemblies (48ms)
			RebuildTransferFunctionScriptingTraits (0ms)
			SetupTypeCache (138ms)
			ReleaseScriptCaches (1ms)
			RebuildScriptCaches (30ms)
			SetupLoadedEditorAssemblies (259ms)
				LogAssemblyErrors (0ms)
				InitializePlatformSupportModulesInManaged (3ms)
				SetLoadedEditorAssemblies (0ms)
				RefreshPlugins (0ms)
				BeforeProcessingInitializeOnLoad (46ms)
				ProcessInitializeOnLoadAttributes (200ms)
				ProcessInitializeOnLoadMethodAttributes (7ms)
				AfterProcessingInitializeOnLoad (3ms)
				EditorAssembliesLoaded (0ms)
			ExecutionOrderSort2 (0ms)
			AwakeInstancesAfterBackupRestoration (1ms)
Platform modules already initialized, skipping
Switching build target platform(19) subTarget(0) extendedPlatform(0) -> platform(13) subTarget(537395200) extendedPlatform(0)
Refreshing native plugins compatible for Editor in 0.38 ms, found 5 plugins.
Preloading 0 native plugins for Editor in 0.00 ms.
Unloading 2390 Unused Serialized files (Serialized files now loaded: 0)
System memory in use before: 123.0 MB.
System memory in use after: 122.6 MB.

Unloading 33 unused Assets to reduce memory usage. Loaded Objects now: 3096.
Total: 2.190600 ms (FindLiveObjects: 0.132800 ms CreateObjectMapping: 0.034600 ms MarkObjects: 1.743400 ms  DeleteObjects: 0.279100 ms)

AssetImportParameters requested are different than current active one (requested -> active):
  custom:framework-win-MediaFoundation: 216162199b28c13a410421893ffa2e32 -> 
  custom:video-decoder-ogg-theora: a1e56fd34408186e4bbccfd4996cb3dc -> 
  custom:container-muxer-webm: aa71ff27fc2769a1b78a27578f13a17b -> 
  custom:container-demuxer-webm: 4f35f7cbe854078d1ac9338744f61a02 -> 
  custom:container-demuxer-ogg: 62fdf1f143b41e24485cea50d1cbac27 -> 
  custom:video-encoder-webm-vp8: eb34c28f22e8b96e1ab97ce403110664 -> 
  custom:video-codec-MediaFoundation-h265: 746d11721c4dcdbdad8f713fa42b33f4 -> 
  custom:video-decoder-webm-vp8: 9c59270c3fd7afecdb556c50c9e8de78 -> 
  custom:graphics/normal-map-encoding: 01000000000000000000000000000000 -> 02000000000000000000000000000000
  custom:audio-decoder-ogg-vorbis: bf7c407c2cedff20999df2af8eb42d56 -> 
  custom:audio-encoder-webm-vorbis: bf7c407c2cedff20999df2af8eb42d56 -> 
========================================================================
Received Prepare
Registering precompiled user dll's ...
Registered in 0.002705 seconds.
Begin MonoManager ReloadAssembly
Native extension for WindowsStandalone target not found
Refreshing native plugins compatible for Editor in 0.73 ms, found 5 plugins.
Preloading 0 native plugins for Editor in 0.00 ms.
Mono: successfully reloaded assembly
- Completed reload, in  1.339 seconds
Domain Reload Profiling:
	ReloadAssembly (1340ms)
		BeginReloadAssembly (106ms)
			ExecutionOrderSort (0ms)
			DisableScriptedObjects (4ms)
			BackupInstance (0ms)
			ReleaseScriptingObjects (0ms)
			CreateAndSetChildDomain (34ms)
		EndReloadAssembly (1179ms)
			LoadAssemblies (95ms)
			RebuildTransferFunctionScriptingTraits (0ms)
			SetupTypeCache (197ms)
			ReleaseScriptCaches (2ms)
			RebuildScriptCaches (64ms)
			SetupLoadedEditorAssemblies (475ms)
				LogAssemblyErrors (0ms)
				InitializePlatformSupportModulesInManaged (4ms)
				SetLoadedEditorAssemblies (0ms)
				RefreshPlugins (1ms)
				BeforeProcessingInitializeOnLoad (86ms)
				ProcessInitializeOnLoadAttributes (367ms)
				ProcessInitializeOnLoadMethodAttributes (12ms)
				AfterProcessingInitializeOnLoad (5ms)
				EditorAssembliesLoaded (0ms)
			ExecutionOrderSort2 (0ms)
			AwakeInstancesAfterBackupRestoration (2ms)
Platform modules already initialized, skipping
Switching build target platform(19) subTarget(0) extendedPlatform(0) -> platform(13) subTarget(537395200) extendedPlatform(0)
Refreshing native plugins compatible for Editor in 0.73 ms, found 5 plugins.
Preloading 0 native plugins for Editor in 0.00 ms.
Unloading 2390 Unused Serialized files (Serialized files now loaded: 0)
System memory in use before: 122.9 MB.
System memory in use after: 122.4 MB.

Unloading 33 unused Assets to reduce memory usage. Loaded Objects now: 3099.
Total: 2.988200 ms (FindLiveObjects: 0.198900 ms CreateObjectMapping: 0.062500 ms MarkObjects: 2.317400 ms  DeleteObjects: 0.408600 ms)

AssetImportParameters requested are different than current active one (requested -> active):
  custom:framework-win-MediaFoundation: 216162199b28c13a410421893ffa2e32 -> 
  custom:video-decoder-ogg-theora: a1e56fd34408186e4bbccfd4996cb3dc -> 
  custom:container-muxer-webm: aa71ff27fc2769a1b78a27578f13a17b -> 
  custom:container-demuxer-webm: 4f35f7cbe854078d1ac9338744f61a02 -> 
  custom:container-demuxer-ogg: 62fdf1f143b41e24485cea50d1cbac27 -> 
  custom:video-encoder-webm-vp8: eb34c28f22e8b96e1ab97ce403110664 -> 
  custom:video-codec-MediaFoundation-h265: 746d11721c4dcdbdad8f713fa42b33f4 -> 
  custom:video-decoder-webm-vp8: 9c59270c3fd7afecdb556c50c9e8de78 -> 
  custom:graphics/normal-map-encoding: 01000000000000000000000000000000 -> 02000000000000000000000000000000
  custom:audio-decoder-ogg-vorbis: bf7c407c2cedff20999df2af8eb42d56 -> 
  custom:audio-encoder-webm-vorbis: bf7c407c2cedff20999df2af8eb42d56 -> 
========================================================================
Received Prepare
Registering precompiled user dll's ...
Registered in 0.002097 seconds.
Begin MonoManager ReloadAssembly
Native extension for WindowsStandalone target not found
Refreshing native plugins compatible for Editor in 0.75 ms, found 5 plugins.
Preloading 0 native plugins for Editor in 0.00 ms.
Mono: successfully reloaded assembly
- Completed reload, in  1.262 seconds
Domain Reload Profiling:
	ReloadAssembly (1262ms)
		BeginReloadAssembly (68ms)
			ExecutionOrderSort (0ms)
			DisableScriptedObjects (4ms)
			BackupInstance (0ms)
			ReleaseScriptingObjects (0ms)
			CreateAndSetChildDomain (18ms)
		EndReloadAssembly (1144ms)
			LoadAssemblies (67ms)
			RebuildTransferFunctionScriptingTraits (0ms)
			SetupTypeCache (220ms)
			ReleaseScriptCaches (2ms)
			RebuildScriptCaches (59ms)
			SetupLoadedEditorAssemblies (465ms)
				LogAssemblyErrors (0ms)
				InitializePlatformSupportModulesInManaged (4ms)
				SetLoadedEditorAssemblies (0ms)
				RefreshPlugins (1ms)
				BeforeProcessingInitializeOnLoad (85ms)
				ProcessInitializeOnLoadAttributes (358ms)
				ProcessInitializeOnLoadMethodAttributes (11ms)
				AfterProcessingInitializeOnLoad (5ms)
				EditorAssembliesLoaded (0ms)
			ExecutionOrderSort2 (0ms)
			AwakeInstancesAfterBackupRestoration (2ms)
Platform modules already initialized, skipping
Switching build target platform(19) subTarget(0) extendedPlatform(0) -> platform(13) subTarget(537395200) extendedPlatform(0)
Refreshing native plugins compatible for Editor in 1.10 ms, found 5 plugins.
Preloading 0 native plugins for Editor in 0.00 ms.
Unloading 2390 Unused Serialized files (Serialized files now loaded: 0)
System memory in use before: 123.0 MB.
System memory in use after: 122.5 MB.

Unloading 33 unused Assets to reduce memory usage. Loaded Objects now: 3102.
Total: 3.983900 ms (FindLiveObjects: 0.203000 ms CreateObjectMapping: 0.062000 ms MarkObjects: 3.237200 ms  DeleteObjects: 0.481000 ms)

AssetImportParameters requested are different than current active one (requested -> active):
  custom:framework-win-MediaFoundation: 216162199b28c13a410421893ffa2e32 -> 
  custom:video-decoder-ogg-theora: a1e56fd34408186e4bbccfd4996cb3dc -> 
  custom:container-muxer-webm: aa71ff27fc2769a1b78a27578f13a17b -> 
  custom:container-demuxer-webm: 4f35f7cbe854078d1ac9338744f61a02 -> 
  custom:container-demuxer-ogg: 62fdf1f143b41e24485cea50d1cbac27 -> 
  custom:video-encoder-webm-vp8: eb34c28f22e8b96e1ab97ce403110664 -> 
  custom:video-codec-MediaFoundation-h265: 746d11721c4dcdbdad8f713fa42b33f4 -> 
  custom:video-decoder-webm-vp8: 9c59270c3fd7afecdb556c50c9e8de78 -> 
  custom:graphics/normal-map-encoding: 01000000000000000000000000000000 -> 02000000000000000000000000000000
  custom:audio-decoder-ogg-vorbis: bf7c407c2cedff20999df2af8eb42d56 -> 
  custom:audio-encoder-webm-vorbis: bf7c407c2cedff20999df2af8eb42d56 -> 
========================================================================
Received Prepare
Registering precompiled user dll's ...
Registered in 0.001079 seconds.
Begin MonoManager ReloadAssembly
Native extension for WindowsStandalone target not found
Refreshing native plugins compatible for Editor in 0.87 ms, found 5 plugins.
Preloading 0 native plugins for Editor in 0.00 ms.
Mono: successfully reloaded assembly
- Completed reload, in  1.444 seconds
Domain Reload Profiling:
	ReloadAssembly (1444ms)
		BeginReloadAssembly (111ms)
			ExecutionOrderSort (0ms)
			DisableScriptedObjects (5ms)
			BackupInstance (0ms)
			ReleaseScriptingObjects (0ms)
			CreateAndSetChildDomain (33ms)
		EndReloadAssembly (1282ms)
			LoadAssemblies (87ms)
			RebuildTransferFunctionScriptingTraits (0ms)
			SetupTypeCache (236ms)
			ReleaseScriptCaches (2ms)
			RebuildScriptCaches (61ms)
			SetupLoadedEditorAssemblies (519ms)
				LogAssemblyErrors (0ms)
				InitializePlatformSupportModulesInManaged (5ms)
				SetLoadedEditorAssemblies (0ms)
				RefreshPlugins (1ms)
				BeforeProcessingInitializeOnLoad (93ms)
				ProcessInitializeOnLoadAttributes (400ms)
				ProcessInitializeOnLoadMethodAttributes (14ms)
				AfterProcessingInitializeOnLoad (5ms)
				EditorAssembliesLoaded (0ms)
			ExecutionOrderSort2 (0ms)
			AwakeInstancesAfterBackupRestoration (2ms)
Platform modules already initialized, skipping
Switching build target platform(19) subTarget(0) extendedPlatform(0) -> platform(13) subTarget(537395200) extendedPlatform(0)
Refreshing native plugins compatible for Editor in 0.94 ms, found 5 plugins.
Preloading 0 native plugins for Editor in 0.00 ms.
Unloading 2390 Unused Serialized files (Serialized files now loaded: 0)
System memory in use before: 123.0 MB.
System memory in use after: 122.5 MB.

Unloading 33 unused Assets to reduce memory usage. Loaded Objects now: 3105.
Total: 3.303500 ms (FindLiveObjects: 0.267000 ms CreateObjectMapping: 0.064900 ms MarkObjects: 2.551500 ms  DeleteObjects: 0.419000 ms)

AssetImportParameters requested are different than current active one (requested -> active):
  custom:framework-win-MediaFoundation: 216162199b28c13a410421893ffa2e32 -> 
  custom:video-decoder-ogg-theora: a1e56fd34408186e4bbccfd4996cb3dc -> 
  custom:container-muxer-webm: aa71ff27fc2769a1b78a27578f13a17b -> 
  custom:container-demuxer-webm: 4f35f7cbe854078d1ac9338744f61a02 -> 
  custom:container-demuxer-ogg: 62fdf1f143b41e24485cea50d1cbac27 -> 
  custom:video-encoder-webm-vp8: eb34c28f22e8b96e1ab97ce403110664 -> 
  custom:video-codec-MediaFoundation-h265: 746d11721c4dcdbdad8f713fa42b33f4 -> 
  custom:video-decoder-webm-vp8: 9c59270c3fd7afecdb556c50c9e8de78 -> 
  custom:graphics/normal-map-encoding: 01000000000000000000000000000000 -> 02000000000000000000000000000000
  custom:audio-decoder-ogg-vorbis: bf7c407c2cedff20999df2af8eb42d56 -> 
  custom:audio-encoder-webm-vorbis: bf7c407c2cedff20999df2af8eb42d56 -> 
========================================================================
Received Prepare
Registering precompiled user dll's ...
Registered in 0.002186 seconds.
Begin MonoManager ReloadAssembly
Native extension for WindowsStandalone target not found
Refreshing native plugins compatible for Editor in 0.74 ms, found 5 plugins.
Preloading 0 native plugins for Editor in 0.00 ms.
Mono: successfully reloaded assembly
- Completed reload, in  1.327 seconds
Domain Reload Profiling:
	ReloadAssembly (1327ms)
		BeginReloadAssembly (120ms)
			ExecutionOrderSort (0ms)
			DisableScriptedObjects (5ms)
			BackupInstance (0ms)
			ReleaseScriptingObjects (0ms)
			CreateAndSetChildDomain (36ms)
		EndReloadAssembly (1150ms)
			LoadAssemblies (94ms)
			RebuildTransferFunctionScriptingTraits (0ms)
			SetupTypeCache (254ms)
			ReleaseScriptCaches (2ms)
			RebuildScriptCaches (63ms)
			SetupLoadedEditorAssemblies (468ms)
				LogAssemblyErrors (0ms)
				InitializePlatformSupportModulesInManaged (4ms)
				SetLoadedEditorAssemblies (0ms)
				RefreshPlugins (1ms)
				BeforeProcessingInitializeOnLoad (88ms)
				ProcessInitializeOnLoadAttributes (357ms)
				ProcessInitializeOnLoadMethodAttributes (12ms)
				AfterProcessingInitializeOnLoad (5ms)
				EditorAssembliesLoaded (0ms)
			ExecutionOrderSort2 (0ms)
			AwakeInstancesAfterBackupRestoration (2ms)
Platform modules already initialized, skipping
Switching build target platform(19) subTarget(0) extendedPlatform(0) -> platform(13) subTarget(537395200) extendedPlatform(0)
Refreshing native plugins compatible for Editor in 0.61 ms, found 5 plugins.
Preloading 0 native plugins for Editor in 0.00 ms.
Unloading 2390 Unused Serialized files (Serialized files now loaded: 0)
System memory in use before: 123.0 MB.
System memory in use after: 122.5 MB.

Unloading 33 unused Assets to reduce memory usage. Loaded Objects now: 3108.
Total: 3.147300 ms (FindLiveObjects: 0.252600 ms CreateObjectMapping: 0.106300 ms MarkObjects: 2.364700 ms  DeleteObjects: 0.422400 ms)

AssetImportParameters requested are different than current active one (requested -> active):
  custom:framework-win-MediaFoundation: 216162199b28c13a410421893ffa2e32 -> 
  custom:video-decoder-ogg-theora: a1e56fd34408186e4bbccfd4996cb3dc -> 
  custom:container-muxer-webm: aa71ff27fc2769a1b78a27578f13a17b -> 
  custom:container-demuxer-webm: 4f35f7cbe854078d1ac9338744f61a02 -> 
  custom:container-demuxer-ogg: 62fdf1f143b41e24485cea50d1cbac27 -> 
  custom:video-encoder-webm-vp8: eb34c28f22e8b96e1ab97ce403110664 -> 
  custom:video-codec-MediaFoundation-h265: 746d11721c4dcdbdad8f713fa42b33f4 -> 
  custom:video-decoder-webm-vp8: 9c59270c3fd7afecdb556c50c9e8de78 -> 
  custom:graphics/normal-map-encoding: 01000000000000000000000000000000 -> 02000000000000000000000000000000
  custom:audio-decoder-ogg-vorbis: bf7c407c2cedff20999df2af8eb42d56 -> 
  custom:audio-encoder-webm-vorbis: bf7c407c2cedff20999df2af8eb42d56 -> 
========================================================================
Received Prepare
Registering precompiled user dll's ...
Registered in 0.002241 seconds.
Begin MonoManager ReloadAssembly
Native extension for WindowsStandalone target not found
Refreshing native plugins compatible for Editor in 0.66 ms, found 5 plugins.
Preloading 0 native plugins for Editor in 0.00 ms.
Mono: successfully reloaded assembly
- Completed reload, in  1.413 seconds
Domain Reload Profiling:
	ReloadAssembly (1414ms)
		BeginReloadAssembly (118ms)
			ExecutionOrderSort (0ms)
			DisableScriptedObjects (4ms)
			BackupInstance (0ms)
			ReleaseScriptingObjects (0ms)
			CreateAndSetChildDomain (39ms)
		EndReloadAssembly (1246ms)
			LoadAssemblies (84ms)
			RebuildTransferFunctionScriptingTraits (0ms)
			SetupTypeCache (242ms)
			ReleaseScriptCaches (2ms)
			RebuildScriptCaches (59ms)
			SetupLoadedEditorAssemblies (487ms)
				LogAssemblyErrors (0ms)
				InitializePlatformSupportModulesInManaged (4ms)
				SetLoadedEditorAssemblies (0ms)
				RefreshPlugins (1ms)
				BeforeProcessingInitializeOnLoad (85ms)
				ProcessInitializeOnLoadAttributes (377ms)
				ProcessInitializeOnLoadMethodAttributes (15ms)
				AfterProcessingInitializeOnLoad (5ms)
				EditorAssembliesLoaded (0ms)
			ExecutionOrderSort2 (0ms)
			AwakeInstancesAfterBackupRestoration (2ms)
Platform modules already initialized, skipping
Switching build target platform(19) subTarget(0) extendedPlatform(0) -> platform(13) subTarget(537395200) extendedPlatform(0)
Refreshing native plugins compatible for Editor in 0.72 ms, found 5 plugins.
Preloading 0 native plugins for Editor in 0.00 ms.
Unloading 2390 Unused Serialized files (Serialized files now loaded: 0)
System memory in use before: 123.0 MB.
System memory in use after: 122.5 MB.

Unloading 33 unused Assets to reduce memory usage. Loaded Objects now: 3111.
Total: 3.026500 ms (FindLiveObjects: 0.202700 ms CreateObjectMapping: 0.069600 ms MarkObjects: 2.341400 ms  DeleteObjects: 0.411900 ms)

AssetImportParameters requested are different than current active one (requested -> active):
  custom:framework-win-MediaFoundation: 216162199b28c13a410421893ffa2e32 -> 
  custom:video-decoder-ogg-theora: a1e56fd34408186e4bbccfd4996cb3dc -> 
  custom:container-muxer-webm: aa71ff27fc2769a1b78a27578f13a17b -> 
  custom:container-demuxer-webm: 4f35f7cbe854078d1ac9338744f61a02 -> 
  custom:container-demuxer-ogg: 62fdf1f143b41e24485cea50d1cbac27 -> 
  custom:video-encoder-webm-vp8: eb34c28f22e8b96e1ab97ce403110664 -> 
  custom:video-codec-MediaFoundation-h265: 746d11721c4dcdbdad8f713fa42b33f4 -> 
  custom:video-decoder-webm-vp8: 9c59270c3fd7afecdb556c50c9e8de78 -> 
  custom:graphics/normal-map-encoding: 01000000000000000000000000000000 -> 02000000000000000000000000000000
  custom:audio-decoder-ogg-vorbis: bf7c407c2cedff20999df2af8eb42d56 -> 
  custom:audio-encoder-webm-vorbis: bf7c407c2cedff20999df2af8eb42d56 -> 
========================================================================
Received Prepare
Registering precompiled user dll's ...
Registered in 0.002367 seconds.
Begin MonoManager ReloadAssembly
Native extension for WindowsStandalone target not found
Refreshing native plugins compatible for Editor in 0.77 ms, found 5 plugins.
Preloading 0 native plugins for Editor in 0.00 ms.
Mono: successfully reloaded assembly
- Completed reload, in  1.320 seconds
Domain Reload Profiling:
	ReloadAssembly (1320ms)
		BeginReloadAssembly (115ms)
			ExecutionOrderSort (0ms)
			DisableScriptedObjects (5ms)
			BackupInstance (0ms)
			ReleaseScriptingObjects (0ms)
			CreateAndSetChildDomain (40ms)
		EndReloadAssembly (1157ms)
			LoadAssemblies (89ms)
			RebuildTransferFunctionScriptingTraits (0ms)
			SetupTypeCache (234ms)
			ReleaseScriptCaches (2ms)
			RebuildScriptCaches (57ms)
			SetupLoadedEditorAssemblies (429ms)
				LogAssemblyErrors (0ms)
				InitializePlatformSupportModulesInManaged (6ms)
				SetLoadedEditorAssemblies (0ms)
				RefreshPlugins (1ms)
				BeforeProcessingInitializeOnLoad (69ms)
				ProcessInitializeOnLoadAttributes (337ms)
				ProcessInitializeOnLoadMethodAttributes (11ms)
				AfterProcessingInitializeOnLoad (5ms)
				EditorAssembliesLoaded (0ms)
			ExecutionOrderSort2 (0ms)
			AwakeInstancesAfterBackupRestoration (2ms)
Platform modules already initialized, skipping
Switching build target platform(19) subTarget(0) extendedPlatform(0) -> platform(13) subTarget(537395200) extendedPlatform(0)
Refreshing native plugins compatible for Editor in 0.72 ms, found 5 plugins.
Preloading 0 native plugins for Editor in 0.00 ms.
Unloading 2390 Unused Serialized files (Serialized files now loaded: 0)
System memory in use before: 122.9 MB.
System memory in use after: 122.4 MB.

Unloading 33 unused Assets to reduce memory usage. Loaded Objects now: 3114.
Total: 3.059900 ms (FindLiveObjects: 0.202900 ms CreateObjectMapping: 0.072800 ms MarkObjects: 2.377200 ms  DeleteObjects: 0.406100 ms)

AssetImportParameters requested are different than current active one (requested -> active):
  custom:framework-win-MediaFoundation: 216162199b28c13a410421893ffa2e32 -> 
  custom:video-decoder-ogg-theora: a1e56fd34408186e4bbccfd4996cb3dc -> 
  custom:container-muxer-webm: aa71ff27fc2769a1b78a27578f13a17b -> 
  custom:container-demuxer-webm: 4f35f7cbe854078d1ac9338744f61a02 -> 
  custom:container-demuxer-ogg: 62fdf1f143b41e24485cea50d1cbac27 -> 
  custom:video-encoder-webm-vp8: eb34c28f22e8b96e1ab97ce403110664 -> 
  custom:video-codec-MediaFoundation-h265: 746d11721c4dcdbdad8f713fa42b33f4 -> 
  custom:video-decoder-webm-vp8: 9c59270c3fd7afecdb556c50c9e8de78 -> 
  custom:graphics/normal-map-encoding: 01000000000000000000000000000000 -> 02000000000000000000000000000000
  custom:audio-decoder-ogg-vorbis: bf7c407c2cedff20999df2af8eb42d56 -> 
  custom:audio-encoder-webm-vorbis: bf7c407c2cedff20999df2af8eb42d56 -> 
========================================================================
Received Prepare
Registering precompiled user dll's ...
Registered in 0.002203 seconds.
Begin MonoManager ReloadAssembly
Native extension for WindowsStandalone target not found
Refreshing native plugins compatible for Editor in 1.20 ms, found 5 plugins.
Preloading 0 native plugins for Editor in 0.00 ms.
Mono: successfully reloaded assembly
- Completed reload, in  1.420 seconds
Domain Reload Profiling:
	ReloadAssembly (1421ms)
		BeginReloadAssembly (105ms)
			ExecutionOrderSort (0ms)
			DisableScriptedObjects (5ms)
			BackupInstance (0ms)
			ReleaseScriptingObjects (0ms)
			CreateAndSetChildDomain (32ms)
		EndReloadAssembly (1263ms)
			LoadAssemblies (97ms)
			RebuildTransferFunctionScriptingTraits (0ms)
			SetupTypeCache (260ms)
			ReleaseScriptCaches (2ms)
			RebuildScriptCaches (59ms)
			SetupLoadedEditorAssemblies (480ms)
				LogAssemblyErrors (0ms)
				InitializePlatformSupportModulesInManaged (4ms)
				SetLoadedEditorAssemblies (0ms)
				RefreshPlugins (1ms)
				BeforeProcessingInitializeOnLoad (92ms)
				ProcessInitializeOnLoadAttributes (365ms)
				ProcessInitializeOnLoadMethodAttributes (11ms)
				AfterProcessingInitializeOnLoad (5ms)
				EditorAssembliesLoaded (0ms)
			ExecutionOrderSort2 (0ms)
			AwakeInstancesAfterBackupRestoration (2ms)
Platform modules already initialized, skipping
Switching build target platform(19) subTarget(0) extendedPlatform(0) -> platform(13) subTarget(537395200) extendedPlatform(0)
Refreshing native plugins compatible for Editor in 0.74 ms, found 5 plugins.
Preloading 0 native plugins for Editor in 0.00 ms.
Unloading 2390 Unused Serialized files (Serialized files now loaded: 0)
System memory in use before: 123.0 MB.
System memory in use after: 122.5 MB.

Unloading 33 unused Assets to reduce memory usage. Loaded Objects now: 3117.
Total: 3.527300 ms (FindLiveObjects: 0.614500 ms CreateObjectMapping: 0.069200 ms MarkObjects: 2.431300 ms  DeleteObjects: 0.411400 ms)

AssetImportParameters requested are different than current active one (requested -> active):
  custom:framework-win-MediaFoundation: 216162199b28c13a410421893ffa2e32 -> 
  custom:video-decoder-ogg-theora: a1e56fd34408186e4bbccfd4996cb3dc -> 
  custom:container-muxer-webm: aa71ff27fc2769a1b78a27578f13a17b -> 
  custom:container-demuxer-webm: 4f35f7cbe854078d1ac9338744f61a02 -> 
  custom:container-demuxer-ogg: 62fdf1f143b41e24485cea50d1cbac27 -> 
  custom:video-encoder-webm-vp8: eb34c28f22e8b96e1ab97ce403110664 -> 
  custom:video-codec-MediaFoundation-h265: 746d11721c4dcdbdad8f713fa42b33f4 -> 
  custom:video-decoder-webm-vp8: 9c59270c3fd7afecdb556c50c9e8de78 -> 
  custom:graphics/normal-map-encoding: 01000000000000000000000000000000 -> 02000000000000000000000000000000
  custom:audio-decoder-ogg-vorbis: bf7c407c2cedff20999df2af8eb42d56 -> 
  custom:audio-encoder-webm-vorbis: bf7c407c2cedff20999df2af8eb42d56 -> 
========================================================================
Received Prepare
Registering precompiled user dll's ...
Registered in 0.002386 seconds.
Begin MonoManager ReloadAssembly
Native extension for WindowsStandalone target not found
Refreshing native plugins compatible for Editor in 0.84 ms, found 5 plugins.
Preloading 0 native plugins for Editor in 0.00 ms.
Mono: successfully reloaded assembly
- Completed reload, in  1.434 seconds
Domain Reload Profiling:
	ReloadAssembly (1435ms)
		BeginReloadAssembly (99ms)
			ExecutionOrderSort (0ms)
			DisableScriptedObjects (5ms)
			BackupInstance (0ms)
			ReleaseScriptingObjects (0ms)
			CreateAndSetChildDomain (24ms)
		EndReloadAssembly (1278ms)
			LoadAssemblies (88ms)
			RebuildTransferFunctionScriptingTraits (0ms)
			SetupTypeCache (252ms)
			ReleaseScriptCaches (2ms)
			RebuildScriptCaches (67ms)
			SetupLoadedEditorAssemblies (504ms)
				LogAssemblyErrors (0ms)
				InitializePlatformSupportModulesInManaged (5ms)
				SetLoadedEditorAssemblies (0ms)
				RefreshPlugins (1ms)
				BeforeProcessingInitializeOnLoad (96ms)
				ProcessInitializeOnLoadAttributes (382ms)
				ProcessInitializeOnLoadMethodAttributes (14ms)
				AfterProcessingInitializeOnLoad (5ms)
				EditorAssembliesLoaded (0ms)
			ExecutionOrderSort2 (0ms)
			AwakeInstancesAfterBackupRestoration (2ms)
Platform modules already initialized, skipping
Switching build target platform(19) subTarget(0) extendedPlatform(0) -> platform(13) subTarget(537395200) extendedPlatform(0)
Refreshing native plugins compatible for Editor in 0.74 ms, found 5 plugins.
Preloading 0 native plugins for Editor in 0.00 ms.
Unloading 2390 Unused Serialized files (Serialized files now loaded: 0)
System memory in use before: 123.0 MB.
System memory in use after: 122.5 MB.

Unloading 33 unused Assets to reduce memory usage. Loaded Objects now: 3120.
Total: 3.183700 ms (FindLiveObjects: 0.219000 ms CreateObjectMapping: 0.061800 ms MarkObjects: 2.477500 ms  DeleteObjects: 0.424600 ms)

AssetImportParameters requested are different than current active one (requested -> active):
  custom:framework-win-MediaFoundation: 216162199b28c13a410421893ffa2e32 -> 
  custom:video-decoder-ogg-theora: a1e56fd34408186e4bbccfd4996cb3dc -> 
  custom:container-muxer-webm: aa71ff27fc2769a1b78a27578f13a17b -> 
  custom:container-demuxer-webm: 4f35f7cbe854078d1ac9338744f61a02 -> 
  custom:container-demuxer-ogg: 62fdf1f143b41e24485cea50d1cbac27 -> 
  custom:video-encoder-webm-vp8: eb34c28f22e8b96e1ab97ce403110664 -> 
  custom:video-codec-MediaFoundation-h265: 746d11721c4dcdbdad8f713fa42b33f4 -> 
  custom:video-decoder-webm-vp8: 9c59270c3fd7afecdb556c50c9e8de78 -> 
  custom:graphics/normal-map-encoding: 01000000000000000000000000000000 -> 02000000000000000000000000000000
  custom:audio-decoder-ogg-vorbis: bf7c407c2cedff20999df2af8eb42d56 -> 
  custom:audio-encoder-webm-vorbis: bf7c407c2cedff20999df2af8eb42d56 -> 
========================================================================
Received Prepare
Registering precompiled user dll's ...
Registered in 0.002345 seconds.
Begin MonoManager ReloadAssembly
Native extension for WindowsStandalone target not found
Refreshing native plugins compatible for Editor in 0.86 ms, found 5 plugins.
Preloading 0 native plugins for Editor in 0.00 ms.
Mono: successfully reloaded assembly
- Completed reload, in  1.463 seconds
Domain Reload Profiling:
	ReloadAssembly (1464ms)
		BeginReloadAssembly (126ms)
			ExecutionOrderSort (0ms)
			DisableScriptedObjects (6ms)
			BackupInstance (0ms)
			ReleaseScriptingObjects (0ms)
			CreateAndSetChildDomain (46ms)
		EndReloadAssembly (1268ms)
			LoadAssemblies (94ms)
			RebuildTransferFunctionScriptingTraits (0ms)
			SetupTypeCache (248ms)
			ReleaseScriptCaches (2ms)
			RebuildScriptCaches (66ms)
			SetupLoadedEditorAssemblies (491ms)
				LogAssemblyErrors (0ms)
				InitializePlatformSupportModulesInManaged (6ms)
				SetLoadedEditorAssemblies (1ms)
				RefreshPlugins (1ms)
				BeforeProcessingInitializeOnLoad (92ms)
				ProcessInitializeOnLoadAttributes (375ms)
				ProcessInitializeOnLoadMethodAttributes (12ms)
				AfterProcessingInitializeOnLoad (5ms)
				EditorAssembliesLoaded (0ms)
			ExecutionOrderSort2 (0ms)
			AwakeInstancesAfterBackupRestoration (2ms)
Platform modules already initialized, skipping
Switching build target platform(19) subTarget(0) extendedPlatform(0) -> platform(13) subTarget(537395200) extendedPlatform(0)
Refreshing native plugins compatible for Editor in 0.74 ms, found 5 plugins.
Preloading 0 native plugins for Editor in 0.00 ms.
Unloading 2390 Unused Serialized files (Serialized files now loaded: 0)
System memory in use before: 123.0 MB.
System memory in use after: 122.5 MB.

Unloading 33 unused Assets to reduce memory usage. Loaded Objects now: 3123.
Total: 2.995400 ms (FindLiveObjects: 0.211600 ms CreateObjectMapping: 0.062000 ms MarkObjects: 2.310800 ms  DeleteObjects: 0.410200 ms)

AssetImportParameters requested are different than current active one (requested -> active):
  custom:framework-win-MediaFoundation: 216162199b28c13a410421893ffa2e32 -> 
  custom:video-decoder-ogg-theora: a1e56fd34408186e4bbccfd4996cb3dc -> 
  custom:container-muxer-webm: aa71ff27fc2769a1b78a27578f13a17b -> 
  custom:container-demuxer-webm: 4f35f7cbe854078d1ac9338744f61a02 -> 
  custom:container-demuxer-ogg: 62fdf1f143b41e24485cea50d1cbac27 -> 
  custom:video-encoder-webm-vp8: eb34c28f22e8b96e1ab97ce403110664 -> 
  custom:video-codec-MediaFoundation-h265: 746d11721c4dcdbdad8f713fa42b33f4 -> 
  custom:video-decoder-webm-vp8: 9c59270c3fd7afecdb556c50c9e8de78 -> 
  custom:graphics/normal-map-encoding: 01000000000000000000000000000000 -> 02000000000000000000000000000000
  custom:audio-decoder-ogg-vorbis: bf7c407c2cedff20999df2af8eb42d56 -> 
  custom:audio-encoder-webm-vorbis: bf7c407c2cedff20999df2af8eb42d56 -> 
========================================================================
Received Prepare
Registering precompiled user dll's ...
Registered in 0.001187 seconds.
Begin MonoManager ReloadAssembly
Native extension for WindowsStandalone target not found
Refreshing native plugins compatible for Editor in 0.74 ms, found 5 plugins.
Preloading 0 native plugins for Editor in 0.00 ms.
Mono: successfully reloaded assembly
- Completed reload, in  1.424 seconds
Domain Reload Profiling:
	ReloadAssembly (1424ms)
		BeginReloadAssembly (116ms)
			ExecutionOrderSort (0ms)
			DisableScriptedObjects (4ms)
			BackupInstance (0ms)
			ReleaseScriptingObjects (0ms)
			CreateAndSetChildDomain (40ms)
		EndReloadAssembly (1270ms)
			LoadAssemblies (97ms)
			RebuildTransferFunctionScriptingTraits (0ms)
			SetupTypeCache (237ms)
			ReleaseScriptCaches (2ms)
			RebuildScriptCaches (55ms)
			SetupLoadedEditorAssemblies (512ms)
				LogAssemblyErrors (0ms)
				InitializePlatformSupportModulesInManaged (4ms)
				SetLoadedEditorAssemblies (0ms)
				RefreshPlugins (1ms)
				BeforeProcessingInitializeOnLoad (87ms)
				ProcessInitializeOnLoadAttributes (399ms)
				ProcessInitializeOnLoadMethodAttributes (14ms)
				AfterProcessingInitializeOnLoad (6ms)
				EditorAssembliesLoaded (0ms)
			ExecutionOrderSort2 (0ms)
			AwakeInstancesAfterBackupRestoration (3ms)
Platform modules already initialized, skipping
Switching build target platform(19) subTarget(0) extendedPlatform(0) -> platform(13) subTarget(537395200) extendedPlatform(0)
Refreshing native plugins compatible for Editor in 0.81 ms, found 5 plugins.
Preloading 0 native plugins for Editor in 0.00 ms.
Unloading 2390 Unused Serialized files (Serialized files now loaded: 0)
System memory in use before: 123.0 MB.
System memory in use after: 122.6 MB.

Unloading 33 unused Assets to reduce memory usage. Loaded Objects now: 3126.
Total: 3.689000 ms (FindLiveObjects: 0.210100 ms CreateObjectMapping: 0.063800 ms MarkObjects: 2.833200 ms  DeleteObjects: 0.580700 ms)

AssetImportParameters requested are different than current active one (requested -> active):
  custom:framework-win-MediaFoundation: 216162199b28c13a410421893ffa2e32 -> 
  custom:video-decoder-ogg-theora: a1e56fd34408186e4bbccfd4996cb3dc -> 
  custom:container-muxer-webm: aa71ff27fc2769a1b78a27578f13a17b -> 
  custom:container-demuxer-webm: 4f35f7cbe854078d1ac9338744f61a02 -> 
  custom:container-demuxer-ogg: 62fdf1f143b41e24485cea50d1cbac27 -> 
  custom:video-encoder-webm-vp8: eb34c28f22e8b96e1ab97ce403110664 -> 
  custom:video-codec-MediaFoundation-h265: 746d11721c4dcdbdad8f713fa42b33f4 -> 
  custom:video-decoder-webm-vp8: 9c59270c3fd7afecdb556c50c9e8de78 -> 
  custom:graphics/normal-map-encoding: 01000000000000000000000000000000 -> 02000000000000000000000000000000
  custom:audio-decoder-ogg-vorbis: bf7c407c2cedff20999df2af8eb42d56 -> 
  custom:audio-encoder-webm-vorbis: bf7c407c2cedff20999df2af8eb42d56 -> 
========================================================================
Received Prepare
Registering precompiled user dll's ...
Registered in 0.002379 seconds.
Begin MonoManager ReloadAssembly
Native extension for WindowsStandalone target not found
Refreshing native plugins compatible for Editor in 0.75 ms, found 5 plugins.
Preloading 0 native plugins for Editor in 0.00 ms.
Mono: successfully reloaded assembly
- Completed reload, in  1.379 seconds
Domain Reload Profiling:
	ReloadAssembly (1379ms)
		BeginReloadAssembly (101ms)
			ExecutionOrderSort (0ms)
			DisableScriptedObjects (7ms)
			BackupInstance (0ms)
			ReleaseScriptingObjects (0ms)
			CreateAndSetChildDomain (32ms)
		EndReloadAssembly (1228ms)
			LoadAssemblies (86ms)
			RebuildTransferFunctionScriptingTraits (0ms)
			SetupTypeCache (198ms)
			ReleaseScriptCaches (1ms)
			RebuildScriptCaches (55ms)
			SetupLoadedEditorAssemblies (476ms)
				LogAssemblyErrors (0ms)
				InitializePlatformSupportModulesInManaged (7ms)
				SetLoadedEditorAssemblies (0ms)
				RefreshPlugins (1ms)
				BeforeProcessingInitializeOnLoad (85ms)
				ProcessInitializeOnLoadAttributes (365ms)
				ProcessInitializeOnLoadMethodAttributes (12ms)
				AfterProcessingInitializeOnLoad (5ms)
				EditorAssembliesLoaded (0ms)
			ExecutionOrderSort2 (0ms)
			AwakeInstancesAfterBackupRestoration (2ms)
Platform modules already initialized, skipping
Switching build target platform(19) subTarget(0) extendedPlatform(0) -> platform(13) subTarget(537395200) extendedPlatform(0)
Refreshing native plugins compatible for Editor in 0.82 ms, found 5 plugins.
Preloading 0 native plugins for Editor in 0.00 ms.
Unloading 2390 Unused Serialized files (Serialized files now loaded: 0)
System memory in use before: 122.9 MB.
System memory in use after: 122.5 MB.

Unloading 33 unused Assets to reduce memory usage. Loaded Objects now: 3129.
Total: 4.309100 ms (FindLiveObjects: 0.342600 ms CreateObjectMapping: 0.061700 ms MarkObjects: 3.237600 ms  DeleteObjects: 0.666400 ms)

AssetImportParameters requested are different than current active one (requested -> active):
  custom:framework-win-MediaFoundation: 216162199b28c13a410421893ffa2e32 -> 
  custom:video-decoder-ogg-theora: a1e56fd34408186e4bbccfd4996cb3dc -> 
  custom:container-muxer-webm: aa71ff27fc2769a1b78a27578f13a17b -> 
  custom:container-demuxer-webm: 4f35f7cbe854078d1ac9338744f61a02 -> 
  custom:container-demuxer-ogg: 62fdf1f143b41e24485cea50d1cbac27 -> 
  custom:video-encoder-webm-vp8: eb34c28f22e8b96e1ab97ce403110664 -> 
  custom:video-codec-MediaFoundation-h265: 746d11721c4dcdbdad8f713fa42b33f4 -> 
  custom:video-decoder-webm-vp8: 9c59270c3fd7afecdb556c50c9e8de78 -> 
  custom:graphics/normal-map-encoding: 01000000000000000000000000000000 -> 02000000000000000000000000000000
  custom:audio-decoder-ogg-vorbis: bf7c407c2cedff20999df2af8eb42d56 -> 
  custom:audio-encoder-webm-vorbis: bf7c407c2cedff20999df2af8eb42d56 -> 
========================================================================
Received Prepare
Registering precompiled user dll's ...
Registered in 0.003221 seconds.
Begin MonoManager ReloadAssembly
Native extension for WindowsStandalone target not found
Refreshing native plugins compatible for Editor in 0.78 ms, found 5 plugins.
Preloading 0 native plugins for Editor in 0.00 ms.
Mono: successfully reloaded assembly
- Completed reload, in  1.362 seconds
Domain Reload Profiling:
	ReloadAssembly (1363ms)
		BeginReloadAssembly (88ms)
			ExecutionOrderSort (0ms)
			DisableScriptedObjects (4ms)
			BackupInstance (0ms)
			ReleaseScriptingObjects (0ms)
			CreateAndSetChildDomain (33ms)
		EndReloadAssembly (1234ms)
			LoadAssemblies (80ms)
			RebuildTransferFunctionScriptingTraits (0ms)
			SetupTypeCache (234ms)
			ReleaseScriptCaches (1ms)
			RebuildScriptCaches (58ms)
			SetupLoadedEditorAssemblies (481ms)
				LogAssemblyErrors (0ms)
				InitializePlatformSupportModulesInManaged (4ms)
				SetLoadedEditorAssemblies (0ms)
				RefreshPlugins (1ms)
				BeforeProcessingInitializeOnLoad (93ms)
				ProcessInitializeOnLoadAttributes (366ms)
				ProcessInitializeOnLoadMethodAttributes (11ms)
				AfterProcessingInitializeOnLoad (5ms)
				EditorAssembliesLoaded (0ms)
			ExecutionOrderSort2 (0ms)
			AwakeInstancesAfterBackupRestoration (2ms)
Platform modules already initialized, skipping
Switching build target platform(19) subTarget(0) extendedPlatform(0) -> platform(13) subTarget(537395200) extendedPlatform(0)
Refreshing native plugins compatible for Editor in 0.73 ms, found 5 plugins.
Preloading 0 native plugins for Editor in 0.00 ms.
Unloading 2390 Unused Serialized files (Serialized files now loaded: 0)
System memory in use before: 123.0 MB.
System memory in use after: 122.6 MB.

Unloading 33 unused Assets to reduce memory usage. Loaded Objects now: 3132.
Total: 3.162500 ms (FindLiveObjects: 0.230100 ms CreateObjectMapping: 0.071800 ms MarkObjects: 2.437200 ms  DeleteObjects: 0.422500 ms)

AssetImportParameters requested are different than current active one (requested -> active):
  custom:framework-win-MediaFoundation: 216162199b28c13a410421893ffa2e32 -> 
  custom:video-decoder-ogg-theora: a1e56fd34408186e4bbccfd4996cb3dc -> 
  custom:container-muxer-webm: aa71ff27fc2769a1b78a27578f13a17b -> 
  custom:container-demuxer-webm: 4f35f7cbe854078d1ac9338744f61a02 -> 
  custom:container-demuxer-ogg: 62fdf1f143b41e24485cea50d1cbac27 -> 
  custom:video-encoder-webm-vp8: eb34c28f22e8b96e1ab97ce403110664 -> 
  custom:video-codec-MediaFoundation-h265: 746d11721c4dcdbdad8f713fa42b33f4 -> 
  custom:video-decoder-webm-vp8: 9c59270c3fd7afecdb556c50c9e8de78 -> 
  custom:graphics/normal-map-encoding: 01000000000000000000000000000000 -> 02000000000000000000000000000000
  custom:audio-decoder-ogg-vorbis: bf7c407c2cedff20999df2af8eb42d56 -> 
  custom:audio-encoder-webm-vorbis: bf7c407c2cedff20999df2af8eb42d56 -> 
========================================================================
Received Prepare
Registering precompiled user dll's ...
Registered in 0.002346 seconds.
Begin MonoManager ReloadAssembly
Native extension for WindowsStandalone target not found
Refreshing native plugins compatible for Editor in 0.71 ms, found 5 plugins.
Preloading 0 native plugins for Editor in 0.00 ms.
Mono: successfully reloaded assembly
- Completed reload, in  1.405 seconds
Domain Reload Profiling:
	ReloadAssembly (1405ms)
		BeginReloadAssembly (103ms)
			ExecutionOrderSort (0ms)
			DisableScriptedObjects (4ms)
			BackupInstance (0ms)
			ReleaseScriptingObjects (0ms)
			CreateAndSetChildDomain (34ms)
		EndReloadAssembly (1248ms)
			LoadAssemblies (87ms)
			RebuildTransferFunctionScriptingTraits (0ms)
			SetupTypeCache (245ms)
			ReleaseScriptCaches (1ms)
			RebuildScriptCaches (38ms)
			SetupLoadedEditorAssemblies (497ms)
				LogAssemblyErrors (0ms)
				InitializePlatformSupportModulesInManaged (4ms)
				SetLoadedEditorAssemblies (0ms)
				RefreshPlugins (1ms)
				BeforeProcessingInitializeOnLoad (92ms)
				ProcessInitializeOnLoadAttributes (383ms)
				ProcessInitializeOnLoadMethodAttributes (12ms)
				AfterProcessingInitializeOnLoad (5ms)
				EditorAssembliesLoaded (0ms)
			ExecutionOrderSort2 (0ms)
			AwakeInstancesAfterBackupRestoration (2ms)
Platform modules already initialized, skipping
Switching build target platform(19) subTarget(0) extendedPlatform(0) -> platform(13) subTarget(537395200) extendedPlatform(0)
Refreshing native plugins compatible for Editor in 0.76 ms, found 5 plugins.
Preloading 0 native plugins for Editor in 0.00 ms.
Unloading 2390 Unused Serialized files (Serialized files now loaded: 0)
System memory in use before: 123.0 MB.
System memory in use after: 122.6 MB.

Unloading 33 unused Assets to reduce memory usage. Loaded Objects now: 3135.
Total: 2.968900 ms (FindLiveObjects: 0.197600 ms CreateObjectMapping: 0.070500 ms MarkObjects: 2.293100 ms  DeleteObjects: 0.406900 ms)

AssetImportParameters requested are different than current active one (requested -> active):
  custom:framework-win-MediaFoundation: 216162199b28c13a410421893ffa2e32 -> 
  custom:video-decoder-ogg-theora: a1e56fd34408186e4bbccfd4996cb3dc -> 
  custom:container-muxer-webm: aa71ff27fc2769a1b78a27578f13a17b -> 
  custom:container-demuxer-webm: 4f35f7cbe854078d1ac9338744f61a02 -> 
  custom:container-demuxer-ogg: 62fdf1f143b41e24485cea50d1cbac27 -> 
  custom:video-encoder-webm-vp8: eb34c28f22e8b96e1ab97ce403110664 -> 
  custom:video-codec-MediaFoundation-h265: 746d11721c4dcdbdad8f713fa42b33f4 -> 
  custom:video-decoder-webm-vp8: 9c59270c3fd7afecdb556c50c9e8de78 -> 
  custom:graphics/normal-map-encoding: 01000000000000000000000000000000 -> 02000000000000000000000000000000
  custom:audio-decoder-ogg-vorbis: bf7c407c2cedff20999df2af8eb42d56 -> 
  custom:audio-encoder-webm-vorbis: bf7c407c2cedff20999df2af8eb42d56 -> 
========================================================================
Received Prepare
Registering precompiled user dll's ...
Registered in 0.002205 seconds.
Begin MonoManager ReloadAssembly
Native extension for WindowsStandalone target not found
Refreshing native plugins compatible for Editor in 1.45 ms, found 5 plugins.
Preloading 0 native plugins for Editor in 0.00 ms.
Mono: successfully reloaded assembly
- Completed reload, in  1.422 seconds
Domain Reload Profiling:
	ReloadAssembly (1422ms)
		BeginReloadAssembly (100ms)
			ExecutionOrderSort (0ms)
			DisableScriptedObjects (4ms)
			BackupInstance (0ms)
			ReleaseScriptingObjects (0ms)
			CreateAndSetChildDomain (33ms)
		EndReloadAssembly (1274ms)
			LoadAssemblies (88ms)
			RebuildTransferFunctionScriptingTraits (0ms)
			SetupTypeCache (245ms)
			ReleaseScriptCaches (2ms)
			RebuildScriptCaches (57ms)
			SetupLoadedEditorAssemblies (488ms)
				LogAssemblyErrors (0ms)
				InitializePlatformSupportModulesInManaged (5ms)
				SetLoadedEditorAssemblies (0ms)
				RefreshPlugins (2ms)
				BeforeProcessingInitializeOnLoad (85ms)
				ProcessInitializeOnLoadAttributes (379ms)
				ProcessInitializeOnLoadMethodAttributes (13ms)
				AfterProcessingInitializeOnLoad (5ms)
				EditorAssembliesLoaded (0ms)
			ExecutionOrderSort2 (0ms)
			AwakeInstancesAfterBackupRestoration (2ms)
Platform modules already initialized, skipping
Switching build target platform(19) subTarget(0) extendedPlatform(0) -> platform(13) subTarget(537395200) extendedPlatform(0)
Refreshing native plugins compatible for Editor in 0.74 ms, found 5 plugins.
Preloading 0 native plugins for Editor in 0.00 ms.
Unloading 2390 Unused Serialized files (Serialized files now loaded: 0)
System memory in use before: 123.0 MB.
System memory in use after: 122.6 MB.

Unloading 33 unused Assets to reduce memory usage. Loaded Objects now: 3138.
Total: 3.147500 ms (FindLiveObjects: 0.199900 ms CreateObjectMapping: 0.062000 ms MarkObjects: 2.427500 ms  DeleteObjects: 0.457400 ms)

AssetImportParameters requested are different than current active one (requested -> active):
  custom:framework-win-MediaFoundation: 216162199b28c13a410421893ffa2e32 -> 
  custom:video-decoder-ogg-theora: a1e56fd34408186e4bbccfd4996cb3dc -> 
  custom:container-muxer-webm: aa71ff27fc2769a1b78a27578f13a17b -> 
  custom:container-demuxer-webm: 4f35f7cbe854078d1ac9338744f61a02 -> 
  custom:container-demuxer-ogg: 62fdf1f143b41e24485cea50d1cbac27 -> 
  custom:video-encoder-webm-vp8: eb34c28f22e8b96e1ab97ce403110664 -> 
  custom:video-codec-MediaFoundation-h265: 746d11721c4dcdbdad8f713fa42b33f4 -> 
  custom:video-decoder-webm-vp8: 9c59270c3fd7afecdb556c50c9e8de78 -> 
  custom:graphics/normal-map-encoding: 01000000000000000000000000000000 -> 02000000000000000000000000000000
  custom:audio-decoder-ogg-vorbis: bf7c407c2cedff20999df2af8eb42d56 -> 
  custom:audio-encoder-webm-vorbis: bf7c407c2cedff20999df2af8eb42d56 -> 
========================================================================
Received Prepare
Registering precompiled user dll's ...
Registered in 0.002057 seconds.
Begin MonoManager ReloadAssembly
Native extension for WindowsStandalone target not found
Refreshing native plugins compatible for Editor in 0.73 ms, found 5 plugins.
Preloading 0 native plugins for Editor in 0.00 ms.
Mono: successfully reloaded assembly
- Completed reload, in  1.406 seconds
Domain Reload Profiling:
	ReloadAssembly (1406ms)
		BeginReloadAssembly (102ms)
			ExecutionOrderSort (0ms)
			DisableScriptedObjects (4ms)
			BackupInstance (0ms)
			ReleaseScriptingObjects (0ms)
			CreateAndSetChildDomain (32ms)
		EndReloadAssembly (1248ms)
			LoadAssemblies (92ms)
			RebuildTransferFunctionScriptingTraits (0ms)
			SetupTypeCache (241ms)
			ReleaseScriptCaches (2ms)
			RebuildScriptCaches (60ms)
			SetupLoadedEditorAssemblies (467ms)
				LogAssemblyErrors (0ms)
				InitializePlatformSupportModulesInManaged (4ms)
				SetLoadedEditorAssemblies (0ms)
				RefreshPlugins (1ms)
				BeforeProcessingInitializeOnLoad (75ms)
				ProcessInitializeOnLoadAttributes (369ms)
				ProcessInitializeOnLoadMethodAttributes (13ms)
				AfterProcessingInitializeOnLoad (5ms)
				EditorAssembliesLoaded (0ms)
			ExecutionOrderSort2 (0ms)
			AwakeInstancesAfterBackupRestoration (2ms)
Platform modules already initialized, skipping
Switching build target platform(19) subTarget(0) extendedPlatform(0) -> platform(13) subTarget(537395200) extendedPlatform(0)
Refreshing native plugins compatible for Editor in 0.72 ms, found 5 plugins.
Preloading 0 native plugins for Editor in 0.00 ms.
Unloading 2390 Unused Serialized files (Serialized files now loaded: 0)
System memory in use before: 123.0 MB.
System memory in use after: 122.6 MB.

Unloading 33 unused Assets to reduce memory usage. Loaded Objects now: 3141.
Total: 3.135300 ms (FindLiveObjects: 0.230000 ms CreateObjectMapping: 0.063000 ms MarkObjects: 2.418900 ms  DeleteObjects: 0.422800 ms)

AssetImportParameters requested are different than current active one (requested -> active):
  custom:framework-win-MediaFoundation: 216162199b28c13a410421893ffa2e32 -> 
  custom:video-decoder-ogg-theora: a1e56fd34408186e4bbccfd4996cb3dc -> 
  custom:container-muxer-webm: aa71ff27fc2769a1b78a27578f13a17b -> 
  custom:container-demuxer-webm: 4f35f7cbe854078d1ac9338744f61a02 -> 
  custom:container-demuxer-ogg: 62fdf1f143b41e24485cea50d1cbac27 -> 
  custom:video-encoder-webm-vp8: eb34c28f22e8b96e1ab97ce403110664 -> 
  custom:video-codec-MediaFoundation-h265: 746d11721c4dcdbdad8f713fa42b33f4 -> 
  custom:video-decoder-webm-vp8: 9c59270c3fd7afecdb556c50c9e8de78 -> 
  custom:graphics/normal-map-encoding: 01000000000000000000000000000000 -> 02000000000000000000000000000000
  custom:audio-decoder-ogg-vorbis: bf7c407c2cedff20999df2af8eb42d56 -> 
  custom:audio-encoder-webm-vorbis: bf7c407c2cedff20999df2af8eb42d56 -> 
========================================================================
Received Prepare
Registering precompiled user dll's ...
Registered in 0.002789 seconds.
Begin MonoManager ReloadAssembly
Native extension for WindowsStandalone target not found
Refreshing native plugins compatible for Editor in 0.74 ms, found 5 plugins.
Preloading 0 native plugins for Editor in 0.00 ms.
Mono: successfully reloaded assembly
- Completed reload, in  1.392 seconds
Domain Reload Profiling:
	ReloadAssembly (1392ms)
		BeginReloadAssembly (84ms)
			ExecutionOrderSort (0ms)
			DisableScriptedObjects (6ms)
			BackupInstance (0ms)
			ReleaseScriptingObjects (0ms)
			CreateAndSetChildDomain (34ms)
		EndReloadAssembly (1278ms)
			LoadAssemblies (54ms)
			RebuildTransferFunctionScriptingTraits (0ms)
			SetupTypeCache (248ms)
			ReleaseScriptCaches (1ms)
			RebuildScriptCaches (63ms)
			SetupLoadedEditorAssemblies (493ms)
				LogAssemblyErrors (0ms)
				InitializePlatformSupportModulesInManaged (4ms)
				SetLoadedEditorAssemblies (0ms)
				RefreshPlugins (1ms)
				BeforeProcessingInitializeOnLoad (84ms)
				ProcessInitializeOnLoadAttributes (386ms)
				ProcessInitializeOnLoadMethodAttributes (12ms)
				AfterProcessingInitializeOnLoad (4ms)
				EditorAssembliesLoaded (0ms)
			ExecutionOrderSort2 (0ms)
			AwakeInstancesAfterBackupRestoration (2ms)
Platform modules already initialized, skipping
Switching build target platform(19) subTarget(0) extendedPlatform(0) -> platform(13) subTarget(537395200) extendedPlatform(0)
Refreshing native plugins compatible for Editor in 0.76 ms, found 5 plugins.
Preloading 0 native plugins for Editor in 0.00 ms.
Unloading 2390 Unused Serialized files (Serialized files now loaded: 0)
System memory in use before: 122.9 MB.
System memory in use after: 122.5 MB.

Unloading 33 unused Assets to reduce memory usage. Loaded Objects now: 3144.
Total: 3.054100 ms (FindLiveObjects: 0.214900 ms CreateObjectMapping: 0.062200 ms MarkObjects: 2.375900 ms  DeleteObjects: 0.400100 ms)

AssetImportParameters requested are different than current active one (requested -> active):
  custom:framework-win-MediaFoundation: 216162199b28c13a410421893ffa2e32 -> 
  custom:video-decoder-ogg-theora: a1e56fd34408186e4bbccfd4996cb3dc -> 
  custom:container-muxer-webm: aa71ff27fc2769a1b78a27578f13a17b -> 
  custom:container-demuxer-webm: 4f35f7cbe854078d1ac9338744f61a02 -> 
  custom:container-demuxer-ogg: 62fdf1f143b41e24485cea50d1cbac27 -> 
  custom:video-encoder-webm-vp8: eb34c28f22e8b96e1ab97ce403110664 -> 
  custom:video-codec-MediaFoundation-h265: 746d11721c4dcdbdad8f713fa42b33f4 -> 
  custom:video-decoder-webm-vp8: 9c59270c3fd7afecdb556c50c9e8de78 -> 
  custom:graphics/normal-map-encoding: 01000000000000000000000000000000 -> 02000000000000000000000000000000
  custom:audio-decoder-ogg-vorbis: bf7c407c2cedff20999df2af8eb42d56 -> 
  custom:audio-encoder-webm-vorbis: bf7c407c2cedff20999df2af8eb42d56 -> 
========================================================================
Received Prepare
Registering precompiled user dll's ...
Registered in 0.001341 seconds.
Begin MonoManager ReloadAssembly
Native extension for WindowsStandalone target not found
Refreshing native plugins compatible for Editor in 0.75 ms, found 5 plugins.
Preloading 0 native plugins for Editor in 0.00 ms.
Mono: successfully reloaded assembly
- Completed reload, in  1.413 seconds
Domain Reload Profiling:
	ReloadAssembly (1413ms)
		BeginReloadAssembly (97ms)
			ExecutionOrderSort (0ms)
			DisableScriptedObjects (4ms)
			BackupInstance (0ms)
			ReleaseScriptingObjects (0ms)
			CreateAndSetChildDomain (34ms)
		EndReloadAssembly (1265ms)
			LoadAssemblies (84ms)
			RebuildTransferFunctionScriptingTraits (0ms)
			SetupTypeCache (237ms)
			ReleaseScriptCaches (2ms)
			RebuildScriptCaches (63ms)
			SetupLoadedEditorAssemblies (480ms)
				LogAssemblyErrors (0ms)
				InitializePlatformSupportModulesInManaged (4ms)
				SetLoadedEditorAssemblies (0ms)
				RefreshPlugins (1ms)
				BeforeProcessingInitializeOnLoad (84ms)
				ProcessInitializeOnLoadAttributes (374ms)
				ProcessInitializeOnLoadMethodAttributes (11ms)
				AfterProcessingInitializeOnLoad (5ms)
				EditorAssembliesLoaded (0ms)
			ExecutionOrderSort2 (0ms)
			AwakeInstancesAfterBackupRestoration (2ms)
Platform modules already initialized, skipping
Switching build target platform(19) subTarget(0) extendedPlatform(0) -> platform(13) subTarget(537395200) extendedPlatform(0)
Refreshing native plugins compatible for Editor in 0.79 ms, found 5 plugins.
Preloading 0 native plugins for Editor in 0.00 ms.
Unloading 2390 Unused Serialized files (Serialized files now loaded: 0)
System memory in use before: 123.0 MB.
System memory in use after: 122.6 MB.

Unloading 33 unused Assets to reduce memory usage. Loaded Objects now: 3147.
Total: 3.415400 ms (FindLiveObjects: 0.253400 ms CreateObjectMapping: 0.065300 ms MarkObjects: 2.658500 ms  DeleteObjects: 0.437100 ms)

AssetImportParameters requested are different than current active one (requested -> active):
  custom:framework-win-MediaFoundation: 216162199b28c13a410421893ffa2e32 -> 
  custom:video-decoder-ogg-theora: a1e56fd34408186e4bbccfd4996cb3dc -> 
  custom:container-muxer-webm: aa71ff27fc2769a1b78a27578f13a17b -> 
  custom:container-demuxer-webm: 4f35f7cbe854078d1ac9338744f61a02 -> 
  custom:container-demuxer-ogg: 62fdf1f143b41e24485cea50d1cbac27 -> 
  custom:video-encoder-webm-vp8: eb34c28f22e8b96e1ab97ce403110664 -> 
  custom:video-codec-MediaFoundation-h265: 746d11721c4dcdbdad8f713fa42b33f4 -> 
  custom:video-decoder-webm-vp8: 9c59270c3fd7afecdb556c50c9e8de78 -> 
  custom:graphics/normal-map-encoding: 01000000000000000000000000000000 -> 02000000000000000000000000000000
  custom:audio-decoder-ogg-vorbis: bf7c407c2cedff20999df2af8eb42d56 -> 
  custom:audio-encoder-webm-vorbis: bf7c407c2cedff20999df2af8eb42d56 -> 
========================================================================
Received Prepare
Registering precompiled user dll's ...
Registered in 0.002196 seconds.
Begin MonoManager ReloadAssembly
Native extension for WindowsStandalone target not found
Refreshing native plugins compatible for Editor in 0.80 ms, found 5 plugins.
Preloading 0 native plugins for Editor in 0.00 ms.
Mono: successfully reloaded assembly
- Completed reload, in  1.616 seconds
Domain Reload Profiling:
	ReloadAssembly (1616ms)
		BeginReloadAssembly (152ms)
			ExecutionOrderSort (0ms)
			DisableScriptedObjects (5ms)
			BackupInstance (0ms)
			ReleaseScriptingObjects (0ms)
			CreateAndSetChildDomain (65ms)
		EndReloadAssembly (1407ms)
			LoadAssemblies (98ms)
			RebuildTransferFunctionScriptingTraits (0ms)
			SetupTypeCache (297ms)
			ReleaseScriptCaches (2ms)
			RebuildScriptCaches (65ms)
			SetupLoadedEditorAssemblies (523ms)
				LogAssemblyErrors (0ms)
				InitializePlatformSupportModulesInManaged (6ms)
				SetLoadedEditorAssemblies (0ms)
				RefreshPlugins (1ms)
				BeforeProcessingInitializeOnLoad (91ms)
				ProcessInitializeOnLoadAttributes (408ms)
				ProcessInitializeOnLoadMethodAttributes (13ms)
				AfterProcessingInitializeOnLoad (5ms)
				EditorAssembliesLoaded (0ms)
			ExecutionOrderSort2 (0ms)
			AwakeInstancesAfterBackupRestoration (2ms)
Platform modules already initialized, skipping
Switching build target platform(19) subTarget(0) extendedPlatform(0) -> platform(13) subTarget(537395200) extendedPlatform(0)
Refreshing native plugins compatible for Editor in 0.73 ms, found 5 plugins.
Preloading 0 native plugins for Editor in 0.00 ms.
Unloading 2390 Unused Serialized files (Serialized files now loaded: 0)
System memory in use before: 123.0 MB.
System memory in use after: 122.6 MB.

Unloading 33 unused Assets to reduce memory usage. Loaded Objects now: 3150.
Total: 3.481500 ms (FindLiveObjects: 0.209700 ms CreateObjectMapping: 0.062000 ms MarkObjects: 2.719300 ms  DeleteObjects: 0.489700 ms)

AssetImportParameters requested are different than current active one (requested -> active):
  custom:framework-win-MediaFoundation: 216162199b28c13a410421893ffa2e32 -> 
  custom:video-decoder-ogg-theora: a1e56fd34408186e4bbccfd4996cb3dc -> 
  custom:container-muxer-webm: aa71ff27fc2769a1b78a27578f13a17b -> 
  custom:container-demuxer-webm: 4f35f7cbe854078d1ac9338744f61a02 -> 
  custom:container-demuxer-ogg: 62fdf1f143b41e24485cea50d1cbac27 -> 
  custom:video-encoder-webm-vp8: eb34c28f22e8b96e1ab97ce403110664 -> 
  custom:video-codec-MediaFoundation-h265: 746d11721c4dcdbdad8f713fa42b33f4 -> 
  custom:video-decoder-webm-vp8: 9c59270c3fd7afecdb556c50c9e8de78 -> 
  custom:graphics/normal-map-encoding: 01000000000000000000000000000000 -> 02000000000000000000000000000000
  custom:audio-decoder-ogg-vorbis: bf7c407c2cedff20999df2af8eb42d56 -> 
  custom:audio-encoder-webm-vorbis: bf7c407c2cedff20999df2af8eb42d56 -> 
========================================================================
Received Import Request.
  Time since last request: 1758.011374 seconds.
  path: Assets/Prefabs/Collectables/Coin.prefab
  artifactKey: Guid(1cb05e334b7d19448a56a1c0ec851383) Importer(815301076,1909f56bfc062723c751e8b465ee728b)
Start importing Assets/Prefabs/Collectables/Coin.prefab using Guid(1cb05e334b7d19448a56a1c0ec851383) Importer(815301076,1909f56bfc062723c751e8b465ee728b)  -> (artifact id: 'a192fda95c4bdccae26ae1c540ce2e72') in 0.147983 seconds 
========================================================================
Received Import Request.
  Time since last request: 39.656484 seconds.
  path: Assets/Prefabs/Collectables/Coin.prefab
  artifactKey: Guid(1cb05e334b7d19448a56a1c0ec851383) Importer(815301076,1909f56bfc062723c751e8b465ee728b)
Start importing Assets/Prefabs/Collectables/Coin.prefab using Guid(1cb05e334b7d19448a56a1c0ec851383) Importer(815301076,1909f56bfc062723c751e8b465ee728b)  -> (artifact id: '4c68e2a9901159a4bfef98798e7cd415') in 0.030461 seconds 
========================================================================
Received Prepare
Registering precompiled user dll's ...
Registered in 0.001385 seconds.
Begin MonoManager ReloadAssembly
Native extension for WindowsStandalone target not found
Refreshing native plugins compatible for Editor in 0.45 ms, found 5 plugins.
Preloading 0 native plugins for Editor in 0.00 ms.
Mono: successfully reloaded assembly
- Completed reload, in  0.815 seconds
Domain Reload Profiling:
	ReloadAssembly (815ms)
		BeginReloadAssembly (72ms)
			ExecutionOrderSort (0ms)
			DisableScriptedObjects (2ms)
			BackupInstance (0ms)
			ReleaseScriptingObjects (0ms)
			CreateAndSetChildDomain (26ms)
		EndReloadAssembly (713ms)
			LoadAssemblies (51ms)
			RebuildTransferFunctionScriptingTraits (0ms)
			SetupTypeCache (141ms)
			ReleaseScriptCaches (1ms)
			RebuildScriptCaches (30ms)
			SetupLoadedEditorAssemblies (289ms)
				LogAssemblyErrors (0ms)
				InitializePlatformSupportModulesInManaged (3ms)
				SetLoadedEditorAssemblies (0ms)
				RefreshPlugins (0ms)
				BeforeProcessingInitializeOnLoad (53ms)
				ProcessInitializeOnLoadAttributes (223ms)
				ProcessInitializeOnLoadMethodAttributes (7ms)
				AfterProcessingInitializeOnLoad (2ms)
				EditorAssembliesLoaded (0ms)
			ExecutionOrderSort2 (0ms)
			AwakeInstancesAfterBackupRestoration (1ms)
Platform modules already initialized, skipping
Switching build target platform(19) subTarget(0) extendedPlatform(0) -> platform(13) subTarget(537395200) extendedPlatform(0)
Refreshing native plugins compatible for Editor in 0.41 ms, found 5 plugins.
Preloading 0 native plugins for Editor in 0.00 ms.
Unloading 2390 Unused Serialized files (Serialized files now loaded: 0)
System memory in use before: 123.0 MB.
System memory in use after: 122.6 MB.

Unloading 33 unused Assets to reduce memory usage. Loaded Objects now: 3154.
Total: 2.434000 ms (FindLiveObjects: 0.150000 ms CreateObjectMapping: 0.035200 ms MarkObjects: 1.957800 ms  DeleteObjects: 0.290300 ms)

AssetImportParameters requested are different than current active one (requested -> active):
  custom:framework-win-MediaFoundation: 216162199b28c13a410421893ffa2e32 -> 
  custom:video-decoder-ogg-theora: a1e56fd34408186e4bbccfd4996cb3dc -> 
  custom:container-muxer-webm: aa71ff27fc2769a1b78a27578f13a17b -> 
  custom:container-demuxer-webm: 4f35f7cbe854078d1ac9338744f61a02 -> 
  custom:container-demuxer-ogg: 62fdf1f143b41e24485cea50d1cbac27 -> 
  custom:video-encoder-webm-vp8: eb34c28f22e8b96e1ab97ce403110664 -> 
  custom:video-codec-MediaFoundation-h265: 746d11721c4dcdbdad8f713fa42b33f4 -> 
  custom:video-decoder-webm-vp8: 9c59270c3fd7afecdb556c50c9e8de78 -> 
  custom:graphics/normal-map-encoding: 01000000000000000000000000000000 -> 02000000000000000000000000000000
  custom:audio-decoder-ogg-vorbis: bf7c407c2cedff20999df2af8eb42d56 -> 
  custom:audio-encoder-webm-vorbis: bf7c407c2cedff20999df2af8eb42d56 -> 
========================================================================
Received Prepare
Registering precompiled user dll's ...
Registered in 0.002291 seconds.
Begin MonoManager ReloadAssembly
Native extension for WindowsStandalone target not found
Refreshing native plugins compatible for Editor in 0.73 ms, found 5 plugins.
Preloading 0 native plugins for Editor in 0.00 ms.
Mono: successfully reloaded assembly
- Completed reload, in  1.541 seconds
Domain Reload Profiling:
	ReloadAssembly (1541ms)
		BeginReloadAssembly (102ms)
			ExecutionOrderSort (0ms)
			DisableScriptedObjects (4ms)
			BackupInstance (0ms)
			ReleaseScriptingObjects (0ms)
			CreateAndSetChildDomain (33ms)
		EndReloadAssembly (1385ms)
			LoadAssemblies (92ms)
			RebuildTransferFunctionScriptingTraits (0ms)
			SetupTypeCache (249ms)
			ReleaseScriptCaches (2ms)
			RebuildScriptCaches (60ms)
			SetupLoadedEditorAssemblies (509ms)
				LogAssemblyErrors (0ms)
				InitializePlatformSupportModulesInManaged (5ms)
				SetLoadedEditorAssemblies (0ms)
				RefreshPlugins (1ms)
				BeforeProcessingInitializeOnLoad (88ms)
				ProcessInitializeOnLoadAttributes (395ms)
				ProcessInitializeOnLoadMethodAttributes (14ms)
				AfterProcessingInitializeOnLoad (6ms)
				EditorAssembliesLoaded (1ms)
			ExecutionOrderSort2 (0ms)
			AwakeInstancesAfterBackupRestoration (2ms)
Platform modules already initialized, skipping
Switching build target platform(19) subTarget(0) extendedPlatform(0) -> platform(13) subTarget(537395200) extendedPlatform(0)
Refreshing native plugins compatible for Editor in 0.75 ms, found 5 plugins.
Preloading 0 native plugins for Editor in 0.00 ms.
Unloading 2390 Unused Serialized files (Serialized files now loaded: 0)
System memory in use before: 123.0 MB.
System memory in use after: 122.6 MB.

Unloading 33 unused Assets to reduce memory usage. Loaded Objects now: 3157.
Total: 3.234700 ms (FindLiveObjects: 0.203400 ms CreateObjectMapping: 0.060700 ms MarkObjects: 2.567100 ms  DeleteObjects: 0.402700 ms)

AssetImportParameters requested are different than current active one (requested -> active):
  custom:framework-win-MediaFoundation: 216162199b28c13a410421893ffa2e32 -> 
  custom:video-decoder-ogg-theora: a1e56fd34408186e4bbccfd4996cb3dc -> 
  custom:container-muxer-webm: aa71ff27fc2769a1b78a27578f13a17b -> 
  custom:container-demuxer-webm: 4f35f7cbe854078d1ac9338744f61a02 -> 
  custom:container-demuxer-ogg: 62fdf1f143b41e24485cea50d1cbac27 -> 
  custom:video-encoder-webm-vp8: eb34c28f22e8b96e1ab97ce403110664 -> 
  custom:video-codec-MediaFoundation-h265: 746d11721c4dcdbdad8f713fa42b33f4 -> 
  custom:video-decoder-webm-vp8: 9c59270c3fd7afecdb556c50c9e8de78 -> 
  custom:graphics/normal-map-encoding: 01000000000000000000000000000000 -> 02000000000000000000000000000000
  custom:audio-decoder-ogg-vorbis: bf7c407c2cedff20999df2af8eb42d56 -> 
  custom:audio-encoder-webm-vorbis: bf7c407c2cedff20999df2af8eb42d56 -> 
========================================================================
Received Import Request.
  Time since last request: 434.216991 seconds.
  path: Assets/Prefabs/Collectables/Coin.prefab
  artifactKey: Guid(1cb05e334b7d19448a56a1c0ec851383) Importer(815301076,1909f56bfc062723c751e8b465ee728b)
Start importing Assets/Prefabs/Collectables/Coin.prefab using Guid(1cb05e334b7d19448a56a1c0ec851383) Importer(815301076,1909f56bfc062723c751e8b465ee728b)  -> (artifact id: '43ba392492f4ebf97d57c75012a749f9') in 0.046906 seconds 
========================================================================
Received Import Request.
  Time since last request: 12.393073 seconds.
  path: Assets/Prefabs/Collectables/Coin.prefab
  artifactKey: Guid(1cb05e334b7d19448a56a1c0ec851383) Importer(815301076,1909f56bfc062723c751e8b465ee728b)
Start importing Assets/Prefabs/Collectables/Coin.prefab using Guid(1cb05e334b7d19448a56a1c0ec851383) Importer(815301076,1909f56bfc062723c751e8b465ee728b)  -> (artifact id: '7c08d94c76f518cc042a08ad695e8d38') in 0.026336 seconds 
========================================================================
Received Import Request.
  Time since last request: 8.297009 seconds.
  path: Assets/Prefabs/Collectables/Coin.prefab
  artifactKey: Guid(1cb05e334b7d19448a56a1c0ec851383) Importer(815301076,1909f56bfc062723c751e8b465ee728b)
Start importing Assets/Prefabs/Collectables/Coin.prefab using Guid(1cb05e334b7d19448a56a1c0ec851383) Importer(815301076,1909f56bfc062723c751e8b465ee728b)  -> (artifact id: 'd7d8c4d3fa1d4ba095df9e542a38ec5a') in 0.010389 seconds 
========================================================================
Received Prepare
Registering precompiled user dll's ...
Registered in 0.001197 seconds.
Begin MonoManager ReloadAssembly
Native extension for WindowsStandalone target not found
Refreshing native plugins compatible for Editor in 0.42 ms, found 5 plugins.
Preloading 0 native plugins for Editor in 0.00 ms.
Mono: successfully reloaded assembly
- Completed reload, in  0.809 seconds
Domain Reload Profiling:
	ReloadAssembly (809ms)
		BeginReloadAssembly (69ms)
			ExecutionOrderSort (0ms)
			DisableScriptedObjects (2ms)
			BackupInstance (0ms)
			ReleaseScriptingObjects (0ms)
			CreateAndSetChildDomain (23ms)
		EndReloadAssembly (710ms)
			LoadAssemblies (51ms)
			RebuildTransferFunctionScriptingTraits (0ms)
			SetupTypeCache (138ms)
			ReleaseScriptCaches (1ms)
			RebuildScriptCaches (30ms)
			SetupLoadedEditorAssemblies (285ms)
				LogAssemblyErrors (0ms)
				InitializePlatformSupportModulesInManaged (3ms)
				SetLoadedEditorAssemblies (0ms)
				RefreshPlugins (0ms)
				BeforeProcessingInitializeOnLoad (48ms)
				ProcessInitializeOnLoadAttributes (223ms)
				ProcessInitializeOnLoadMethodAttributes (8ms)
				AfterProcessingInitializeOnLoad (2ms)
				EditorAssembliesLoaded (0ms)
			ExecutionOrderSort2 (0ms)
			AwakeInstancesAfterBackupRestoration (1ms)
Platform modules already initialized, skipping
Switching build target platform(19) subTarget(0) extendedPlatform(0) -> platform(13) subTarget(537395200) extendedPlatform(0)
Refreshing native plugins compatible for Editor in 0.45 ms, found 5 plugins.
Preloading 0 native plugins for Editor in 0.00 ms.
Unloading 2390 Unused Serialized files (Serialized files now loaded: 0)
System memory in use before: 123.0 MB.
System memory in use after: 122.5 MB.

Unloading 33 unused Assets to reduce memory usage. Loaded Objects now: 3161.
Total: 2.637000 ms (FindLiveObjects: 0.108600 ms CreateObjectMapping: 0.040100 ms MarkObjects: 2.220400 ms  DeleteObjects: 0.267300 ms)

AssetImportParameters requested are different than current active one (requested -> active):
  custom:framework-win-MediaFoundation: 216162199b28c13a410421893ffa2e32 -> 
  custom:video-decoder-ogg-theora: a1e56fd34408186e4bbccfd4996cb3dc -> 
  custom:container-muxer-webm: aa71ff27fc2769a1b78a27578f13a17b -> 
  custom:container-demuxer-webm: 4f35f7cbe854078d1ac9338744f61a02 -> 
  custom:container-demuxer-ogg: 62fdf1f143b41e24485cea50d1cbac27 -> 
  custom:video-encoder-webm-vp8: eb34c28f22e8b96e1ab97ce403110664 -> 
  custom:video-codec-MediaFoundation-h265: 746d11721c4dcdbdad8f713fa42b33f4 -> 
  custom:video-decoder-webm-vp8: 9c59270c3fd7afecdb556c50c9e8de78 -> 
  custom:graphics/normal-map-encoding: 01000000000000000000000000000000 -> 02000000000000000000000000000000
  custom:audio-decoder-ogg-vorbis: bf7c407c2cedff20999df2af8eb42d56 -> 
  custom:audio-encoder-webm-vorbis: bf7c407c2cedff20999df2af8eb42d56 -> 
========================================================================
Received Prepare
Registering precompiled user dll's ...
Registered in 0.003665 seconds.
Begin MonoManager ReloadAssembly
Native extension for WindowsStandalone target not found
Refreshing native plugins compatible for Editor in 0.90 ms, found 5 plugins.
Preloading 0 native plugins for Editor in 0.00 ms.
Mono: successfully reloaded assembly
- Completed reload, in  1.271 seconds
Domain Reload Profiling:
	ReloadAssembly (1271ms)
		BeginReloadAssembly (106ms)
			ExecutionOrderSort (0ms)
			DisableScriptedObjects (2ms)
			BackupInstance (0ms)
			ReleaseScriptingObjects (0ms)
			CreateAndSetChildDomain (34ms)
		EndReloadAssembly (1116ms)
			LoadAssemblies (93ms)
			RebuildTransferFunctionScriptingTraits (0ms)
			SetupTypeCache (235ms)
			ReleaseScriptCaches (2ms)
			RebuildScriptCaches (60ms)
			SetupLoadedEditorAssemblies (486ms)
				LogAssemblyErrors (0ms)
				InitializePlatformSupportModulesInManaged (5ms)
				SetLoadedEditorAssemblies (1ms)
				RefreshPlugins (1ms)
				BeforeProcessingInitializeOnLoad (102ms)
				ProcessInitializeOnLoadAttributes (368ms)
				ProcessInitializeOnLoadMethodAttributes (7ms)
				AfterProcessingInitializeOnLoad (2ms)
				EditorAssembliesLoaded (0ms)
			ExecutionOrderSort2 (0ms)
			AwakeInstancesAfterBackupRestoration (1ms)
Platform modules already initialized, skipping
Switching build target platform(19) subTarget(0) extendedPlatform(0) -> platform(13) subTarget(537395200) extendedPlatform(0)
Refreshing native plugins compatible for Editor in 0.72 ms, found 5 plugins.
Preloading 0 native plugins for Editor in 0.00 ms.
Unloading 2390 Unused Serialized files (Serialized files now loaded: 0)
System memory in use before: 123.1 MB.
System memory in use after: 122.6 MB.

Unloading 33 unused Assets to reduce memory usage. Loaded Objects now: 3164.
Total: 3.354000 ms (FindLiveObjects: 0.218200 ms CreateObjectMapping: 0.063700 ms MarkObjects: 2.667300 ms  DeleteObjects: 0.403800 ms)

AssetImportParameters requested are different than current active one (requested -> active):
  custom:framework-win-MediaFoundation: 216162199b28c13a410421893ffa2e32 -> 
  custom:video-decoder-ogg-theora: a1e56fd34408186e4bbccfd4996cb3dc -> 
  custom:container-muxer-webm: aa71ff27fc2769a1b78a27578f13a17b -> 
  custom:container-demuxer-webm: 4f35f7cbe854078d1ac9338744f61a02 -> 
  custom:container-demuxer-ogg: 62fdf1f143b41e24485cea50d1cbac27 -> 
  custom:video-encoder-webm-vp8: eb34c28f22e8b96e1ab97ce403110664 -> 
  custom:video-codec-MediaFoundation-h265: 746d11721c4dcdbdad8f713fa42b33f4 -> 
  custom:video-decoder-webm-vp8: 9c59270c3fd7afecdb556c50c9e8de78 -> 
  custom:graphics/normal-map-encoding: 01000000000000000000000000000000 -> 02000000000000000000000000000000
  custom:audio-decoder-ogg-vorbis: bf7c407c2cedff20999df2af8eb42d56 -> 
  custom:audio-encoder-webm-vorbis: bf7c407c2cedff20999df2af8eb42d56 -> 
========================================================================
Received Prepare
Registering precompiled user dll's ...
Registered in 0.002039 seconds.
Begin MonoManager ReloadAssembly
Native extension for WindowsStandalone target not found
Refreshing native plugins compatible for Editor in 1.18 ms, found 5 plugins.
Preloading 0 native plugins for Editor in 0.00 ms.
Mono: successfully reloaded assembly
- Completed reload, in  1.548 seconds
Domain Reload Profiling:
	ReloadAssembly (1549ms)
		BeginReloadAssembly (116ms)
			ExecutionOrderSort (0ms)
			DisableScriptedObjects (4ms)
			BackupInstance (0ms)
			ReleaseScriptingObjects (0ms)
			CreateAndSetChildDomain (33ms)
		EndReloadAssembly (1366ms)
			LoadAssemblies (92ms)
			RebuildTransferFunctionScriptingTraits (0ms)
			SetupTypeCache (213ms)
			ReleaseScriptCaches (2ms)
			RebuildScriptCaches (58ms)
			SetupLoadedEditorAssemblies (526ms)
				LogAssemblyErrors (0ms)
				InitializePlatformSupportModulesInManaged (5ms)
				SetLoadedEditorAssemblies (0ms)
				RefreshPlugins (1ms)
				BeforeProcessingInitializeOnLoad (94ms)
				ProcessInitializeOnLoadAttributes (408ms)
				ProcessInitializeOnLoadMethodAttributes (13ms)
				AfterProcessingInitializeOnLoad (5ms)
				EditorAssembliesLoaded (0ms)
			ExecutionOrderSort2 (0ms)
			AwakeInstancesAfterBackupRestoration (2ms)
Platform modules already initialized, skipping
Switching build target platform(19) subTarget(0) extendedPlatform(0) -> platform(13) subTarget(537395200) extendedPlatform(0)
Refreshing native plugins compatible for Editor in 0.74 ms, found 5 plugins.
Preloading 0 native plugins for Editor in 0.00 ms.
Unloading 2390 Unused Serialized files (Serialized files now loaded: 0)
System memory in use before: 123.1 MB.
System memory in use after: 122.6 MB.

Unloading 33 unused Assets to reduce memory usage. Loaded Objects now: 3167.
Total: 2.436700 ms (FindLiveObjects: 0.124200 ms CreateObjectMapping: 0.036500 ms MarkObjects: 1.992800 ms  DeleteObjects: 0.282600 ms)

AssetImportParameters requested are different than current active one (requested -> active):
  custom:framework-win-MediaFoundation: 216162199b28c13a410421893ffa2e32 -> 
  custom:video-decoder-ogg-theora: a1e56fd34408186e4bbccfd4996cb3dc -> 
  custom:container-muxer-webm: aa71ff27fc2769a1b78a27578f13a17b -> 
  custom:container-demuxer-webm: 4f35f7cbe854078d1ac9338744f61a02 -> 
  custom:container-demuxer-ogg: 62fdf1f143b41e24485cea50d1cbac27 -> 
  custom:video-encoder-webm-vp8: eb34c28f22e8b96e1ab97ce403110664 -> 
  custom:video-codec-MediaFoundation-h265: 746d11721c4dcdbdad8f713fa42b33f4 -> 
  custom:video-decoder-webm-vp8: 9c59270c3fd7afecdb556c50c9e8de78 -> 
  custom:graphics/normal-map-encoding: 01000000000000000000000000000000 -> 02000000000000000000000000000000
  custom:audio-decoder-ogg-vorbis: bf7c407c2cedff20999df2af8eb42d56 -> 
  custom:audio-encoder-webm-vorbis: bf7c407c2cedff20999df2af8eb42d56 -> 
========================================================================
Received Prepare
Registering precompiled user dll's ...
Registered in 0.001999 seconds.
Begin MonoManager ReloadAssembly
Native extension for WindowsStandalone target not found
Refreshing native plugins compatible for Editor in 0.73 ms, found 5 plugins.
Preloading 0 native plugins for Editor in 0.00 ms.
Mono: successfully reloaded assembly
- Completed reload, in  1.506 seconds
Domain Reload Profiling:
	ReloadAssembly (1506ms)
		BeginReloadAssembly (108ms)
			ExecutionOrderSort (0ms)
			DisableScriptedObjects (2ms)
			BackupInstance (0ms)
			ReleaseScriptingObjects (0ms)
			CreateAndSetChildDomain (30ms)
		EndReloadAssembly (1347ms)
			LoadAssemblies (99ms)
			RebuildTransferFunctionScriptingTraits (0ms)
			SetupTypeCache (292ms)
			ReleaseScriptCaches (1ms)
			RebuildScriptCaches (31ms)
			SetupLoadedEditorAssemblies (508ms)
				LogAssemblyErrors (0ms)
				InitializePlatformSupportModulesInManaged (5ms)
				SetLoadedEditorAssemblies (0ms)
				RefreshPlugins (1ms)
				BeforeProcessingInitializeOnLoad (88ms)
				ProcessInitializeOnLoadAttributes (396ms)
				ProcessInitializeOnLoadMethodAttributes (12ms)
				AfterProcessingInitializeOnLoad (5ms)
				EditorAssembliesLoaded (0ms)
			ExecutionOrderSort2 (0ms)
			AwakeInstancesAfterBackupRestoration (2ms)
Platform modules already initialized, skipping
Switching build target platform(19) subTarget(0) extendedPlatform(0) -> platform(13) subTarget(537395200) extendedPlatform(0)
Refreshing native plugins compatible for Editor in 0.73 ms, found 5 plugins.
Preloading 0 native plugins for Editor in 0.00 ms.
Unloading 2390 Unused Serialized files (Serialized files now loaded: 0)
System memory in use before: 123.1 MB.
System memory in use after: 122.6 MB.

Unloading 33 unused Assets to reduce memory usage. Loaded Objects now: 3170.
Total: 5.412700 ms (FindLiveObjects: 0.451100 ms CreateObjectMapping: 0.244600 ms MarkObjects: 4.294200 ms  DeleteObjects: 0.422000 ms)

AssetImportParameters requested are different than current active one (requested -> active):
  custom:framework-win-MediaFoundation: 216162199b28c13a410421893ffa2e32 -> 
  custom:video-decoder-ogg-theora: a1e56fd34408186e4bbccfd4996cb3dc -> 
  custom:container-muxer-webm: aa71ff27fc2769a1b78a27578f13a17b -> 
  custom:container-demuxer-webm: 4f35f7cbe854078d1ac9338744f61a02 -> 
  custom:container-demuxer-ogg: 62fdf1f143b41e24485cea50d1cbac27 -> 
  custom:video-encoder-webm-vp8: eb34c28f22e8b96e1ab97ce403110664 -> 
  custom:video-codec-MediaFoundation-h265: 746d11721c4dcdbdad8f713fa42b33f4 -> 
  custom:video-decoder-webm-vp8: 9c59270c3fd7afecdb556c50c9e8de78 -> 
  custom:graphics/normal-map-encoding: 01000000000000000000000000000000 -> 02000000000000000000000000000000
  custom:audio-decoder-ogg-vorbis: bf7c407c2cedff20999df2af8eb42d56 -> 
  custom:audio-encoder-webm-vorbis: bf7c407c2cedff20999df2af8eb42d56 -> 
========================================================================
Received Prepare
Registering precompiled user dll's ...
Registered in 0.002623 seconds.
Begin MonoManager ReloadAssembly
Native extension for WindowsStandalone target not found
Refreshing native plugins compatible for Editor in 1.31 ms, found 5 plugins.
Preloading 0 native plugins for Editor in 0.00 ms.
Mono: successfully reloaded assembly
- Completed reload, in  1.452 seconds
Domain Reload Profiling:
	ReloadAssembly (1453ms)
		BeginReloadAssembly (105ms)
			ExecutionOrderSort (0ms)
			DisableScriptedObjects (4ms)
			BackupInstance (0ms)
			ReleaseScriptingObjects (0ms)
			CreateAndSetChildDomain (37ms)
		EndReloadAssembly (1299ms)
			LoadAssemblies (88ms)
			RebuildTransferFunctionScriptingTraits (0ms)
			SetupTypeCache (235ms)
			ReleaseScriptCaches (2ms)
			RebuildScriptCaches (59ms)
			SetupLoadedEditorAssemblies (481ms)
				LogAssemblyErrors (0ms)
				InitializePlatformSupportModulesInManaged (7ms)
				SetLoadedEditorAssemblies (1ms)
				RefreshPlugins (1ms)
				BeforeProcessingInitializeOnLoad (82ms)
				ProcessInitializeOnLoadAttributes (370ms)
				ProcessInitializeOnLoadMethodAttributes (14ms)
				AfterProcessingInitializeOnLoad (5ms)
				EditorAssembliesLoaded (0ms)
			ExecutionOrderSort2 (0ms)
			AwakeInstancesAfterBackupRestoration (2ms)
Platform modules already initialized, skipping
Switching build target platform(19) subTarget(0) extendedPlatform(0) -> platform(13) subTarget(537395200) extendedPlatform(0)
Refreshing native plugins compatible for Editor in 0.72 ms, found 5 plugins.
Preloading 0 native plugins for Editor in 0.00 ms.
Unloading 2390 Unused Serialized files (Serialized files now loaded: 0)
System memory in use before: 123.1 MB.
System memory in use after: 122.6 MB.

Unloading 33 unused Assets to reduce memory usage. Loaded Objects now: 3173.
Total: 3.072800 ms (FindLiveObjects: 0.206900 ms CreateObjectMapping: 0.069600 ms MarkObjects: 2.372700 ms  DeleteObjects: 0.422700 ms)

AssetImportParameters requested are different than current active one (requested -> active):
  custom:framework-win-MediaFoundation: 216162199b28c13a410421893ffa2e32 -> 
  custom:video-decoder-ogg-theora: a1e56fd34408186e4bbccfd4996cb3dc -> 
  custom:container-muxer-webm: aa71ff27fc2769a1b78a27578f13a17b -> 
  custom:container-demuxer-webm: 4f35f7cbe854078d1ac9338744f61a02 -> 
  custom:container-demuxer-ogg: 62fdf1f143b41e24485cea50d1cbac27 -> 
  custom:video-encoder-webm-vp8: eb34c28f22e8b96e1ab97ce403110664 -> 
  custom:video-codec-MediaFoundation-h265: 746d11721c4dcdbdad8f713fa42b33f4 -> 
  custom:video-decoder-webm-vp8: 9c59270c3fd7afecdb556c50c9e8de78 -> 
  custom:graphics/normal-map-encoding: 01000000000000000000000000000000 -> 02000000000000000000000000000000
  custom:audio-decoder-ogg-vorbis: bf7c407c2cedff20999df2af8eb42d56 -> 
  custom:audio-encoder-webm-vorbis: bf7c407c2cedff20999df2af8eb42d56 -> 
========================================================================
Received Import Request.
  Time since last request: 2028.668089 seconds.
  path: Assets/Prefabs/Collectables/Coin.prefab
  artifactKey: Guid(1cb05e334b7d19448a56a1c0ec851383) Importer(815301076,1909f56bfc062723c751e8b465ee728b)
Start importing Assets/Prefabs/Collectables/Coin.prefab using Guid(1cb05e334b7d19448a56a1c0ec851383) Importer(815301076,1909f56bfc062723c751e8b465ee728b)  -> (artifact id: '03227cc60fec3109c1c597a62a2d3a78') in 0.063475 seconds 
========================================================================
Received Prepare
Registering precompiled user dll's ...
Registered in 0.002301 seconds.
Begin MonoManager ReloadAssembly
Native extension for WindowsStandalone target not found
Refreshing native plugins compatible for Editor in 0.73 ms, found 5 plugins.
Preloading 0 native plugins for Editor in 0.00 ms.
Mono: successfully reloaded assembly
- Completed reload, in  1.574 seconds
Domain Reload Profiling:
	ReloadAssembly (1574ms)
		BeginReloadAssembly (130ms)
			ExecutionOrderSort (0ms)
			DisableScriptedObjects (5ms)
			BackupInstance (0ms)
			ReleaseScriptingObjects (0ms)
			CreateAndSetChildDomain (43ms)
		EndReloadAssembly (1373ms)
			LoadAssemblies (111ms)
			RebuildTransferFunctionScriptingTraits (0ms)
			SetupTypeCache (248ms)
			ReleaseScriptCaches (2ms)
			RebuildScriptCaches (60ms)
			SetupLoadedEditorAssemblies (511ms)
				LogAssemblyErrors (0ms)
				InitializePlatformSupportModulesInManaged (4ms)
				SetLoadedEditorAssemblies (1ms)
				RefreshPlugins (1ms)
				BeforeProcessingInitializeOnLoad (87ms)
				ProcessInitializeOnLoadAttributes (400ms)
				ProcessInitializeOnLoadMethodAttributes (12ms)
				AfterProcessingInitializeOnLoad (5ms)
				EditorAssembliesLoaded (0ms)
			ExecutionOrderSort2 (0ms)
			AwakeInstancesAfterBackupRestoration (2ms)
Platform modules already initialized, skipping
Switching build target platform(19) subTarget(0) extendedPlatform(0) -> platform(13) subTarget(537395200) extendedPlatform(0)
Refreshing native plugins compatible for Editor in 0.72 ms, found 5 plugins.
Preloading 0 native plugins for Editor in 0.00 ms.
Unloading 2390 Unused Serialized files (Serialized files now loaded: 0)
System memory in use before: 123.0 MB.
System memory in use after: 122.5 MB.

Unloading 33 unused Assets to reduce memory usage. Loaded Objects now: 3177.
Total: 3.798100 ms (FindLiveObjects: 0.212900 ms CreateObjectMapping: 0.060700 ms MarkObjects: 3.093600 ms  DeleteObjects: 0.429900 ms)

AssetImportParameters requested are different than current active one (requested -> active):
  custom:framework-win-MediaFoundation: 216162199b28c13a410421893ffa2e32 -> 
  custom:video-decoder-ogg-theora: a1e56fd34408186e4bbccfd4996cb3dc -> 
  custom:container-muxer-webm: aa71ff27fc2769a1b78a27578f13a17b -> 
  custom:container-demuxer-webm: 4f35f7cbe854078d1ac9338744f61a02 -> 
  custom:container-demuxer-ogg: 62fdf1f143b41e24485cea50d1cbac27 -> 
  custom:video-encoder-webm-vp8: eb34c28f22e8b96e1ab97ce403110664 -> 
  custom:video-codec-MediaFoundation-h265: 746d11721c4dcdbdad8f713fa42b33f4 -> 
  custom:video-decoder-webm-vp8: 9c59270c3fd7afecdb556c50c9e8de78 -> 
  custom:graphics/normal-map-encoding: 01000000000000000000000000000000 -> 02000000000000000000000000000000
  custom:audio-decoder-ogg-vorbis: bf7c407c2cedff20999df2af8eb42d56 -> 
  custom:audio-encoder-webm-vorbis: bf7c407c2cedff20999df2af8eb42d56 -> 
========================================================================
Received Prepare
Registering precompiled user dll's ...
Registered in 0.002161 seconds.
Begin MonoManager ReloadAssembly
Native extension for WindowsStandalone target not found
Refreshing native plugins compatible for Editor in 0.75 ms, found 5 plugins.
Preloading 0 native plugins for Editor in 0.00 ms.
Mono: successfully reloaded assembly
- Completed reload, in  1.468 seconds
Domain Reload Profiling:
	ReloadAssembly (1468ms)
		BeginReloadAssembly (105ms)
			ExecutionOrderSort (0ms)
			DisableScriptedObjects (4ms)
			BackupInstance (0ms)
			ReleaseScriptingObjects (0ms)
			CreateAndSetChildDomain (36ms)
		EndReloadAssembly (1315ms)
			LoadAssemblies (89ms)
			RebuildTransferFunctionScriptingTraits (0ms)
			SetupTypeCache (232ms)
			ReleaseScriptCaches (2ms)
			RebuildScriptCaches (56ms)
			SetupLoadedEditorAssemblies (495ms)
				LogAssemblyErrors (0ms)
				InitializePlatformSupportModulesInManaged (5ms)
				SetLoadedEditorAssemblies (0ms)
				RefreshPlugins (1ms)
				BeforeProcessingInitializeOnLoad (99ms)
				ProcessInitializeOnLoadAttributes (374ms)
				ProcessInitializeOnLoadMethodAttributes (12ms)
				AfterProcessingInitializeOnLoad (5ms)
				EditorAssembliesLoaded (0ms)
			ExecutionOrderSort2 (0ms)
			AwakeInstancesAfterBackupRestoration (2ms)
Platform modules already initialized, skipping
Switching build target platform(19) subTarget(0) extendedPlatform(0) -> platform(13) subTarget(537395200) extendedPlatform(0)
Refreshing native plugins compatible for Editor in 0.78 ms, found 5 plugins.
Preloading 0 native plugins for Editor in 0.00 ms.
Unloading 2390 Unused Serialized files (Serialized files now loaded: 0)
System memory in use before: 123.1 MB.
System memory in use after: 122.6 MB.

Unloading 33 unused Assets to reduce memory usage. Loaded Objects now: 3180.
Total: 4.020000 ms (FindLiveObjects: 0.217900 ms CreateObjectMapping: 0.072000 ms MarkObjects: 3.317400 ms  DeleteObjects: 0.411300 ms)

AssetImportParameters requested are different than current active one (requested -> active):
  custom:framework-win-MediaFoundation: 216162199b28c13a410421893ffa2e32 -> 
  custom:video-decoder-ogg-theora: a1e56fd34408186e4bbccfd4996cb3dc -> 
  custom:container-muxer-webm: aa71ff27fc2769a1b78a27578f13a17b -> 
  custom:container-demuxer-webm: 4f35f7cbe854078d1ac9338744f61a02 -> 
  custom:container-demuxer-ogg: 62fdf1f143b41e24485cea50d1cbac27 -> 
  custom:video-encoder-webm-vp8: eb34c28f22e8b96e1ab97ce403110664 -> 
  custom:video-codec-MediaFoundation-h265: 746d11721c4dcdbdad8f713fa42b33f4 -> 
  custom:video-decoder-webm-vp8: 9c59270c3fd7afecdb556c50c9e8de78 -> 
  custom:graphics/normal-map-encoding: 01000000000000000000000000000000 -> 02000000000000000000000000000000
  custom:audio-decoder-ogg-vorbis: bf7c407c2cedff20999df2af8eb42d56 -> 
  custom:audio-encoder-webm-vorbis: bf7c407c2cedff20999df2af8eb42d56 -> 
========================================================================
Received Prepare
Registering precompiled user dll's ...
Registered in 0.001396 seconds.
Begin MonoManager ReloadAssembly
Native extension for WindowsStandalone target not found
Refreshing native plugins compatible for Editor in 0.54 ms, found 5 plugins.
Preloading 0 native plugins for Editor in 0.00 ms.
Mono: successfully reloaded assembly
- Completed reload, in  0.823 seconds
Domain Reload Profiling:
	ReloadAssembly (823ms)
		BeginReloadAssembly (68ms)
			ExecutionOrderSort (0ms)
			DisableScriptedObjects (2ms)
			BackupInstance (0ms)
			ReleaseScriptingObjects (0ms)
			CreateAndSetChildDomain (20ms)
		EndReloadAssembly (725ms)
			LoadAssemblies (48ms)
			RebuildTransferFunctionScriptingTraits (0ms)
			SetupTypeCache (137ms)
			ReleaseScriptCaches (1ms)
			RebuildScriptCaches (30ms)
			SetupLoadedEditorAssemblies (287ms)
				LogAssemblyErrors (0ms)
				InitializePlatformSupportModulesInManaged (3ms)
				SetLoadedEditorAssemblies (0ms)
				RefreshPlugins (1ms)
				BeforeProcessingInitializeOnLoad (55ms)
				ProcessInitializeOnLoadAttributes (219ms)
				ProcessInitializeOnLoadMethodAttributes (7ms)
				AfterProcessingInitializeOnLoad (3ms)
				EditorAssembliesLoaded (0ms)
			ExecutionOrderSort2 (0ms)
			AwakeInstancesAfterBackupRestoration (1ms)
Platform modules already initialized, skipping
Switching build target platform(19) subTarget(0) extendedPlatform(0) -> platform(13) subTarget(537395200) extendedPlatform(0)
Refreshing native plugins compatible for Editor in 0.40 ms, found 5 plugins.
Preloading 0 native plugins for Editor in 0.00 ms.
Unloading 2390 Unused Serialized files (Serialized files now loaded: 0)
System memory in use before: 123.1 MB.
System memory in use after: 122.6 MB.

Unloading 33 unused Assets to reduce memory usage. Loaded Objects now: 3183.
Total: 2.531900 ms (FindLiveObjects: 0.170600 ms CreateObjectMapping: 0.054900 ms MarkObjects: 1.979800 ms  DeleteObjects: 0.326000 ms)

AssetImportParameters requested are different than current active one (requested -> active):
  custom:framework-win-MediaFoundation: 216162199b28c13a410421893ffa2e32 -> 
  custom:video-decoder-ogg-theora: a1e56fd34408186e4bbccfd4996cb3dc -> 
  custom:container-muxer-webm: aa71ff27fc2769a1b78a27578f13a17b -> 
  custom:container-demuxer-webm: 4f35f7cbe854078d1ac9338744f61a02 -> 
  custom:container-demuxer-ogg: 62fdf1f143b41e24485cea50d1cbac27 -> 
  custom:video-encoder-webm-vp8: eb34c28f22e8b96e1ab97ce403110664 -> 
  custom:video-codec-MediaFoundation-h265: 746d11721c4dcdbdad8f713fa42b33f4 -> 
  custom:video-decoder-webm-vp8: 9c59270c3fd7afecdb556c50c9e8de78 -> 
  custom:graphics/normal-map-encoding: 01000000000000000000000000000000 -> 02000000000000000000000000000000
  custom:audio-decoder-ogg-vorbis: bf7c407c2cedff20999df2af8eb42d56 -> 
  custom:audio-encoder-webm-vorbis: bf7c407c2cedff20999df2af8eb42d56 -> 
========================================================================
Received Prepare
Registering precompiled user dll's ...
Registered in 0.001419 seconds.
Begin MonoManager ReloadAssembly
Native extension for WindowsStandalone target not found
Refreshing native plugins compatible for Editor in 0.50 ms, found 5 plugins.
Preloading 0 native plugins for Editor in 0.00 ms.
Mono: successfully reloaded assembly
- Completed reload, in  0.863 seconds
Domain Reload Profiling:
	ReloadAssembly (863ms)
		BeginReloadAssembly (66ms)
			ExecutionOrderSort (0ms)
			DisableScriptedObjects (2ms)
			BackupInstance (0ms)
			ReleaseScriptingObjects (0ms)
			CreateAndSetChildDomain (19ms)
		EndReloadAssembly (757ms)
			LoadAssemblies (51ms)
			RebuildTransferFunctionScriptingTraits (0ms)
			SetupTypeCache (162ms)
			ReleaseScriptCaches (1ms)
			RebuildScriptCaches (30ms)
			SetupLoadedEditorAssemblies (281ms)
				LogAssemblyErrors (0ms)
				InitializePlatformSupportModulesInManaged (3ms)
				SetLoadedEditorAssemblies (0ms)
				RefreshPlugins (1ms)
				BeforeProcessingInitializeOnLoad (48ms)
				ProcessInitializeOnLoadAttributes (218ms)
				ProcessInitializeOnLoadMethodAttributes (7ms)
				AfterProcessingInitializeOnLoad (3ms)
				EditorAssembliesLoaded (0ms)
			ExecutionOrderSort2 (0ms)
			AwakeInstancesAfterBackupRestoration (1ms)
Platform modules already initialized, skipping
Switching build target platform(19) subTarget(0) extendedPlatform(0) -> platform(13) subTarget(537395200) extendedPlatform(0)
Refreshing native plugins compatible for Editor in 0.39 ms, found 5 plugins.
Preloading 0 native plugins for Editor in 0.00 ms.
Unloading 2390 Unused Serialized files (Serialized files now loaded: 0)
System memory in use before: 123.1 MB.
System memory in use after: 122.6 MB.

Unloading 33 unused Assets to reduce memory usage. Loaded Objects now: 3186.
Total: 2.493800 ms (FindLiveObjects: 0.132600 ms CreateObjectMapping: 0.041800 ms MarkObjects: 2.015600 ms  DeleteObjects: 0.303000 ms)

AssetImportParameters requested are different than current active one (requested -> active):
  custom:framework-win-MediaFoundation: 216162199b28c13a410421893ffa2e32 -> 
  custom:video-decoder-ogg-theora: a1e56fd34408186e4bbccfd4996cb3dc -> 
  custom:container-muxer-webm: aa71ff27fc2769a1b78a27578f13a17b -> 
  custom:container-demuxer-webm: 4f35f7cbe854078d1ac9338744f61a02 -> 
  custom:container-demuxer-ogg: 62fdf1f143b41e24485cea50d1cbac27 -> 
  custom:video-encoder-webm-vp8: eb34c28f22e8b96e1ab97ce403110664 -> 
  custom:video-codec-MediaFoundation-h265: 746d11721c4dcdbdad8f713fa42b33f4 -> 
  custom:video-decoder-webm-vp8: 9c59270c3fd7afecdb556c50c9e8de78 -> 
  custom:graphics/normal-map-encoding: 01000000000000000000000000000000 -> 02000000000000000000000000000000
  custom:audio-decoder-ogg-vorbis: bf7c407c2cedff20999df2af8eb42d56 -> 
  custom:audio-encoder-webm-vorbis: bf7c407c2cedff20999df2af8eb42d56 -> 
========================================================================
Received Prepare
Registering precompiled user dll's ...
Registered in 0.001116 seconds.
Begin MonoManager ReloadAssembly
Native extension for WindowsStandalone target not found
Refreshing native plugins compatible for Editor in 0.45 ms, found 5 plugins.
Preloading 0 native plugins for Editor in 0.00 ms.
Mono: successfully reloaded assembly
- Completed reload, in  0.809 seconds
Domain Reload Profiling:
	ReloadAssembly (809ms)
		BeginReloadAssembly (67ms)
			ExecutionOrderSort (0ms)
			DisableScriptedObjects (2ms)
			BackupInstance (0ms)
			ReleaseScriptingObjects (0ms)
			CreateAndSetChildDomain (20ms)
		EndReloadAssembly (712ms)
			LoadAssemblies (47ms)
			RebuildTransferFunctionScriptingTraits (0ms)
			SetupTypeCache (136ms)
			ReleaseScriptCaches (1ms)
			RebuildScriptCaches (32ms)
			SetupLoadedEditorAssemblies (274ms)
				LogAssemblyErrors (0ms)
				InitializePlatformSupportModulesInManaged (3ms)
				SetLoadedEditorAssemblies (0ms)
				RefreshPlugins (0ms)
				BeforeProcessingInitializeOnLoad (48ms)
				ProcessInitializeOnLoadAttributes (213ms)
				ProcessInitializeOnLoadMethodAttributes (7ms)
				AfterProcessingInitializeOnLoad (2ms)
				EditorAssembliesLoaded (0ms)
			ExecutionOrderSort2 (0ms)
			AwakeInstancesAfterBackupRestoration (1ms)
Platform modules already initialized, skipping
Switching build target platform(19) subTarget(0) extendedPlatform(0) -> platform(13) subTarget(537395200) extendedPlatform(0)
Refreshing native plugins compatible for Editor in 0.40 ms, found 5 plugins.
Preloading 0 native plugins for Editor in 0.00 ms.
Unloading 2390 Unused Serialized files (Serialized files now loaded: 0)
System memory in use before: 123.1 MB.
System memory in use after: 122.7 MB.

Unloading 33 unused Assets to reduce memory usage. Loaded Objects now: 3189.
Total: 2.220500 ms (FindLiveObjects: 0.118200 ms CreateObjectMapping: 0.037600 ms MarkObjects: 1.789900 ms  DeleteObjects: 0.274100 ms)

AssetImportParameters requested are different than current active one (requested -> active):
  custom:framework-win-MediaFoundation: 216162199b28c13a410421893ffa2e32 -> 
  custom:video-decoder-ogg-theora: a1e56fd34408186e4bbccfd4996cb3dc -> 
  custom:container-muxer-webm: aa71ff27fc2769a1b78a27578f13a17b -> 
  custom:container-demuxer-webm: 4f35f7cbe854078d1ac9338744f61a02 -> 
  custom:container-demuxer-ogg: 62fdf1f143b41e24485cea50d1cbac27 -> 
  custom:video-encoder-webm-vp8: eb34c28f22e8b96e1ab97ce403110664 -> 
  custom:video-codec-MediaFoundation-h265: 746d11721c4dcdbdad8f713fa42b33f4 -> 
  custom:video-decoder-webm-vp8: 9c59270c3fd7afecdb556c50c9e8de78 -> 
  custom:graphics/normal-map-encoding: 01000000000000000000000000000000 -> 02000000000000000000000000000000
  custom:audio-decoder-ogg-vorbis: bf7c407c2cedff20999df2af8eb42d56 -> 
  custom:audio-encoder-webm-vorbis: bf7c407c2cedff20999df2af8eb42d56 -> 
========================================================================
Received Prepare
Registering precompiled user dll's ...
Registered in 0.004505 seconds.
Begin MonoManager ReloadAssembly
Native extension for WindowsStandalone target not found
Refreshing native plugins compatible for Editor in 0.73 ms, found 5 plugins.
Preloading 0 native plugins for Editor in 0.00 ms.
Mono: successfully reloaded assembly
- Completed reload, in  1.500 seconds
Domain Reload Profiling:
	ReloadAssembly (1500ms)
		BeginReloadAssembly (99ms)
			ExecutionOrderSort (0ms)
			DisableScriptedObjects (4ms)
			BackupInstance (0ms)
			ReleaseScriptingObjects (0ms)
			CreateAndSetChildDomain (34ms)
		EndReloadAssembly (1350ms)
			LoadAssemblies (87ms)
			RebuildTransferFunctionScriptingTraits (0ms)
			SetupTypeCache (233ms)
			ReleaseScriptCaches (2ms)
			RebuildScriptCaches (59ms)
			SetupLoadedEditorAssemblies (503ms)
				LogAssemblyErrors (0ms)
				InitializePlatformSupportModulesInManaged (4ms)
				SetLoadedEditorAssemblies (0ms)
				RefreshPlugins (1ms)
				BeforeProcessingInitializeOnLoad (85ms)
				ProcessInitializeOnLoadAttributes (395ms)
				ProcessInitializeOnLoadMethodAttributes (13ms)
				AfterProcessingInitializeOnLoad (5ms)
				EditorAssembliesLoaded (0ms)
			ExecutionOrderSort2 (0ms)
			AwakeInstancesAfterBackupRestoration (2ms)
Platform modules already initialized, skipping
Switching build target platform(19) subTarget(0) extendedPlatform(0) -> platform(13) subTarget(537395200) extendedPlatform(0)
Refreshing native plugins compatible for Editor in 0.72 ms, found 5 plugins.
Preloading 0 native plugins for Editor in 0.00 ms.
Unloading 2390 Unused Serialized files (Serialized files now loaded: 0)
System memory in use before: 123.0 MB.
System memory in use after: 122.6 MB.

Unloading 33 unused Assets to reduce memory usage. Loaded Objects now: 3192.
Total: 3.381300 ms (FindLiveObjects: 0.239500 ms CreateObjectMapping: 0.069100 ms MarkObjects: 2.661100 ms  DeleteObjects: 0.411000 ms)

AssetImportParameters requested are different than current active one (requested -> active):
  custom:framework-win-MediaFoundation: 216162199b28c13a410421893ffa2e32 -> 
  custom:video-decoder-ogg-theora: a1e56fd34408186e4bbccfd4996cb3dc -> 
  custom:container-muxer-webm: aa71ff27fc2769a1b78a27578f13a17b -> 
  custom:container-demuxer-webm: 4f35f7cbe854078d1ac9338744f61a02 -> 
  custom:container-demuxer-ogg: 62fdf1f143b41e24485cea50d1cbac27 -> 
  custom:video-encoder-webm-vp8: eb34c28f22e8b96e1ab97ce403110664 -> 
  custom:video-codec-MediaFoundation-h265: 746d11721c4dcdbdad8f713fa42b33f4 -> 
  custom:video-decoder-webm-vp8: 9c59270c3fd7afecdb556c50c9e8de78 -> 
  custom:graphics/normal-map-encoding: 01000000000000000000000000000000 -> 02000000000000000000000000000000
  custom:audio-decoder-ogg-vorbis: bf7c407c2cedff20999df2af8eb42d56 -> 
  custom:audio-encoder-webm-vorbis: bf7c407c2cedff20999df2af8eb42d56 -> 
========================================================================
Received Prepare
Registering precompiled user dll's ...
Registered in 0.003350 seconds.
Begin MonoManager ReloadAssembly
Native extension for WindowsStandalone target not found
Refreshing native plugins compatible for Editor in 0.80 ms, found 5 plugins.
Preloading 0 native plugins for Editor in 0.00 ms.
Mono: successfully reloaded assembly
- Completed reload, in  1.498 seconds
Domain Reload Profiling:
	ReloadAssembly (1498ms)
		BeginReloadAssembly (98ms)
			ExecutionOrderSort (0ms)
			DisableScriptedObjects (4ms)
			BackupInstance (0ms)
			ReleaseScriptingObjects (0ms)
			CreateAndSetChildDomain (32ms)
		EndReloadAssembly (1349ms)
			LoadAssemblies (92ms)
			RebuildTransferFunctionScriptingTraits (0ms)
			SetupTypeCache (249ms)
			ReleaseScriptCaches (1ms)
			RebuildScriptCaches (44ms)
			SetupLoadedEditorAssemblies (486ms)
				LogAssemblyErrors (0ms)
				InitializePlatformSupportModulesInManaged (5ms)
				SetLoadedEditorAssemblies (0ms)
				RefreshPlugins (1ms)
				BeforeProcessingInitializeOnLoad (88ms)
				ProcessInitializeOnLoadAttributes (376ms)
				ProcessInitializeOnLoadMethodAttributes (11ms)
				AfterProcessingInitializeOnLoad (5ms)
				EditorAssembliesLoaded (0ms)
			ExecutionOrderSort2 (0ms)
			AwakeInstancesAfterBackupRestoration (2ms)
Platform modules already initialized, skipping
Switching build target platform(19) subTarget(0) extendedPlatform(0) -> platform(13) subTarget(537395200) extendedPlatform(0)
Refreshing native plugins compatible for Editor in 0.86 ms, found 5 plugins.
Preloading 0 native plugins for Editor in 0.00 ms.
Unloading 2390 Unused Serialized files (Serialized files now loaded: 0)
System memory in use before: 123.1 MB.
System memory in use after: 122.7 MB.

Unloading 33 unused Assets to reduce memory usage. Loaded Objects now: 3195.
Total: 4.434600 ms (FindLiveObjects: 0.210500 ms CreateObjectMapping: 0.179700 ms MarkObjects: 2.777900 ms  DeleteObjects: 1.265800 ms)

AssetImportParameters requested are different than current active one (requested -> active):
  custom:framework-win-MediaFoundation: 216162199b28c13a410421893ffa2e32 -> 
  custom:video-decoder-ogg-theora: a1e56fd34408186e4bbccfd4996cb3dc -> 
  custom:container-muxer-webm: aa71ff27fc2769a1b78a27578f13a17b -> 
  custom:container-demuxer-webm: 4f35f7cbe854078d1ac9338744f61a02 -> 
  custom:container-demuxer-ogg: 62fdf1f143b41e24485cea50d1cbac27 -> 
  custom:video-encoder-webm-vp8: eb34c28f22e8b96e1ab97ce403110664 -> 
  custom:video-codec-MediaFoundation-h265: 746d11721c4dcdbdad8f713fa42b33f4 -> 
  custom:video-decoder-webm-vp8: 9c59270c3fd7afecdb556c50c9e8de78 -> 
  custom:graphics/normal-map-encoding: 01000000000000000000000000000000 -> 02000000000000000000000000000000
  custom:audio-decoder-ogg-vorbis: bf7c407c2cedff20999df2af8eb42d56 -> 
  custom:audio-encoder-webm-vorbis: bf7c407c2cedff20999df2af8eb42d56 -> 
========================================================================
Received Prepare
Registering precompiled user dll's ...
Registered in 0.002432 seconds.
Begin MonoManager ReloadAssembly
Native extension for WindowsStandalone target not found
Refreshing native plugins compatible for Editor in 0.87 ms, found 5 plugins.
Preloading 0 native plugins for Editor in 0.00 ms.
Mono: successfully reloaded assembly
- Completed reload, in  1.612 seconds
Domain Reload Profiling:
	ReloadAssembly (1613ms)
		BeginReloadAssembly (109ms)
			ExecutionOrderSort (0ms)
			DisableScriptedObjects (5ms)
			BackupInstance (0ms)
			ReleaseScriptingObjects (0ms)
			CreateAndSetChildDomain (33ms)
		EndReloadAssembly (1454ms)
			LoadAssemblies (96ms)
			RebuildTransferFunctionScriptingTraits (0ms)
			SetupTypeCache (264ms)
			ReleaseScriptCaches (2ms)
			RebuildScriptCaches (65ms)
			SetupLoadedEditorAssemblies (537ms)
				LogAssemblyErrors (0ms)
				InitializePlatformSupportModulesInManaged (5ms)
				SetLoadedEditorAssemblies (0ms)
				RefreshPlugins (1ms)
				BeforeProcessingInitializeOnLoad (99ms)
				ProcessInitializeOnLoadAttributes (416ms)
				ProcessInitializeOnLoadMethodAttributes (12ms)
				AfterProcessingInitializeOnLoad (5ms)
				EditorAssembliesLoaded (0ms)
			ExecutionOrderSort2 (0ms)
			AwakeInstancesAfterBackupRestoration (2ms)
Platform modules already initialized, skipping
Switching build target platform(19) subTarget(0) extendedPlatform(0) -> platform(13) subTarget(537395200) extendedPlatform(0)
Refreshing native plugins compatible for Editor in 0.93 ms, found 5 plugins.
Preloading 0 native plugins for Editor in 0.00 ms.
Unloading 2390 Unused Serialized files (Serialized files now loaded: 0)
System memory in use before: 123.1 MB.
System memory in use after: 122.7 MB.

Unloading 33 unused Assets to reduce memory usage. Loaded Objects now: 3198.
Total: 4.043000 ms (FindLiveObjects: 0.254300 ms CreateObjectMapping: 0.070300 ms MarkObjects: 3.176300 ms  DeleteObjects: 0.541300 ms)

AssetImportParameters requested are different than current active one (requested -> active):
  custom:framework-win-MediaFoundation: 216162199b28c13a410421893ffa2e32 -> 
  custom:video-decoder-ogg-theora: a1e56fd34408186e4bbccfd4996cb3dc -> 
  custom:container-muxer-webm: aa71ff27fc2769a1b78a27578f13a17b -> 
  custom:container-demuxer-webm: 4f35f7cbe854078d1ac9338744f61a02 -> 
  custom:container-demuxer-ogg: 62fdf1f143b41e24485cea50d1cbac27 -> 
  custom:video-encoder-webm-vp8: eb34c28f22e8b96e1ab97ce403110664 -> 
  custom:video-codec-MediaFoundation-h265: 746d11721c4dcdbdad8f713fa42b33f4 -> 
  custom:video-decoder-webm-vp8: 9c59270c3fd7afecdb556c50c9e8de78 -> 
  custom:graphics/normal-map-encoding: 01000000000000000000000000000000 -> 02000000000000000000000000000000
  custom:audio-decoder-ogg-vorbis: bf7c407c2cedff20999df2af8eb42d56 -> 
  custom:audio-encoder-webm-vorbis: bf7c407c2cedff20999df2af8eb42d56 -> 
========================================================================
Received Prepare
Registering precompiled user dll's ...
Registered in 0.001825 seconds.
Begin MonoManager ReloadAssembly
Native extension for WindowsStandalone target not found
Refreshing native plugins compatible for Editor in 0.50 ms, found 5 plugins.
Preloading 0 native plugins for Editor in 0.00 ms.
Mono: successfully reloaded assembly
- Completed reload, in  0.860 seconds
Domain Reload Profiling:
	ReloadAssembly (860ms)
		BeginReloadAssembly (64ms)
			ExecutionOrderSort (0ms)
			DisableScriptedObjects (2ms)
			BackupInstance (0ms)
			ReleaseScriptingObjects (0ms)
			CreateAndSetChildDomain (19ms)
		EndReloadAssembly (766ms)
			LoadAssemblies (48ms)
			RebuildTransferFunctionScriptingTraits (0ms)
			SetupTypeCache (143ms)
			ReleaseScriptCaches (1ms)
			RebuildScriptCaches (30ms)
			SetupLoadedEditorAssemblies (301ms)
				LogAssemblyErrors (0ms)
				InitializePlatformSupportModulesInManaged (3ms)
				SetLoadedEditorAssemblies (0ms)
				RefreshPlugins (1ms)
				BeforeProcessingInitializeOnLoad (49ms)
				ProcessInitializeOnLoadAttributes (239ms)
				ProcessInitializeOnLoadMethodAttributes (7ms)
				AfterProcessingInitializeOnLoad (2ms)
				EditorAssembliesLoaded (0ms)
			ExecutionOrderSort2 (0ms)
			AwakeInstancesAfterBackupRestoration (1ms)
Platform modules already initialized, skipping
Switching build target platform(19) subTarget(0) extendedPlatform(0) -> platform(13) subTarget(537395200) extendedPlatform(0)
Refreshing native plugins compatible for Editor in 0.42 ms, found 5 plugins.
Preloading 0 native plugins for Editor in 0.00 ms.
Unloading 2413 Unused Serialized files (Serialized files now loaded: 0)
System memory in use before: 124.6 MB.
System memory in use after: 124.2 MB.

Unloading 40 unused Assets to reduce memory usage. Loaded Objects now: 3232.
Total: 2.254900 ms (FindLiveObjects: 0.148300 ms CreateObjectMapping: 0.035000 ms MarkObjects: 1.799100 ms  DeleteObjects: 0.272000 ms)

AssetImportParameters requested are different than current active one (requested -> active):
  custom:framework-win-MediaFoundation: 216162199b28c13a410421893ffa2e32 -> 
  custom:video-decoder-ogg-theora: a1e56fd34408186e4bbccfd4996cb3dc -> 
  custom:container-muxer-webm: aa71ff27fc2769a1b78a27578f13a17b -> 
  custom:container-demuxer-webm: 4f35f7cbe854078d1ac9338744f61a02 -> 
  custom:container-demuxer-ogg: 62fdf1f143b41e24485cea50d1cbac27 -> 
  custom:video-encoder-webm-vp8: eb34c28f22e8b96e1ab97ce403110664 -> 
  custom:video-codec-MediaFoundation-h265: 746d11721c4dcdbdad8f713fa42b33f4 -> 
  custom:video-decoder-webm-vp8: 9c59270c3fd7afecdb556c50c9e8de78 -> 
  custom:graphics/normal-map-encoding: 01000000000000000000000000000000 -> 02000000000000000000000000000000
  custom:audio-decoder-ogg-vorbis: bf7c407c2cedff20999df2af8eb42d56 -> 
  custom:audio-encoder-webm-vorbis: bf7c407c2cedff20999df2af8eb42d56 -> 
========================================================================
Received Prepare
Registering precompiled user dll's ...
Registered in 0.001793 seconds.
Begin MonoManager ReloadAssembly
Native extension for WindowsStandalone target not found
Refreshing native plugins compatible for Editor in 0.41 ms, found 5 plugins.
Preloading 0 native plugins for Editor in 0.00 ms.
Mono: successfully reloaded assembly
- Completed reload, in  0.861 seconds
Domain Reload Profiling:
	ReloadAssembly (861ms)
		BeginReloadAssembly (63ms)
			ExecutionOrderSort (0ms)
			DisableScriptedObjects (2ms)
			BackupInstance (0ms)
			ReleaseScriptingObjects (0ms)
			CreateAndSetChildDomain (19ms)
		EndReloadAssembly (766ms)
			LoadAssemblies (47ms)
			RebuildTransferFunctionScriptingTraits (0ms)
			SetupTypeCache (140ms)
			ReleaseScriptCaches (1ms)
			RebuildScriptCaches (30ms)
			SetupLoadedEditorAssemblies (292ms)
				LogAssemblyErrors (0ms)
				InitializePlatformSupportModulesInManaged (3ms)
				SetLoadedEditorAssemblies (0ms)
				RefreshPlugins (0ms)
				BeforeProcessingInitializeOnLoad (51ms)
				ProcessInitializeOnLoadAttributes (228ms)
				ProcessInitializeOnLoadMethodAttributes (7ms)
				AfterProcessingInitializeOnLoad (2ms)
				EditorAssembliesLoaded (0ms)
			ExecutionOrderSort2 (0ms)
			AwakeInstancesAfterBackupRestoration (1ms)
Platform modules already initialized, skipping
Switching build target platform(19) subTarget(0) extendedPlatform(0) -> platform(13) subTarget(537395200) extendedPlatform(0)
Refreshing native plugins compatible for Editor in 0.45 ms, found 5 plugins.
Preloading 0 native plugins for Editor in 0.00 ms.
Unloading 2412 Unused Serialized files (Serialized files now loaded: 0)
System memory in use before: 124.6 MB.
System memory in use after: 124.1 MB.

Unloading 39 unused Assets to reduce memory usage. Loaded Objects now: 3235.
Total: 2.175600 ms (FindLiveObjects: 0.115100 ms CreateObjectMapping: 0.034900 ms MarkObjects: 1.759300 ms  DeleteObjects: 0.265700 ms)

AssetImportParameters requested are different than current active one (requested -> active):
  custom:framework-win-MediaFoundation: 216162199b28c13a410421893ffa2e32 -> 
  custom:video-decoder-ogg-theora: a1e56fd34408186e4bbccfd4996cb3dc -> 
  custom:container-muxer-webm: aa71ff27fc2769a1b78a27578f13a17b -> 
  custom:container-demuxer-webm: 4f35f7cbe854078d1ac9338744f61a02 -> 
  custom:container-demuxer-ogg: 62fdf1f143b41e24485cea50d1cbac27 -> 
  custom:video-encoder-webm-vp8: eb34c28f22e8b96e1ab97ce403110664 -> 
  custom:video-codec-MediaFoundation-h265: 746d11721c4dcdbdad8f713fa42b33f4 -> 
  custom:video-decoder-webm-vp8: 9c59270c3fd7afecdb556c50c9e8de78 -> 
  custom:graphics/normal-map-encoding: 01000000000000000000000000000000 -> 02000000000000000000000000000000
  custom:audio-decoder-ogg-vorbis: bf7c407c2cedff20999df2af8eb42d56 -> 
  custom:audio-encoder-webm-vorbis: bf7c407c2cedff20999df2af8eb42d56 -> 
========================================================================
Received Prepare
Registering precompiled user dll's ...
Registered in 0.003762 seconds.
Begin MonoManager ReloadAssembly
Native extension for WindowsStandalone target not found
Refreshing native plugins compatible for Editor in 0.79 ms, found 5 plugins.
Preloading 0 native plugins for Editor in 0.00 ms.
Mono: successfully reloaded assembly
- Completed reload, in  1.534 seconds
Domain Reload Profiling:
	ReloadAssembly (1534ms)
		BeginReloadAssembly (97ms)
			ExecutionOrderSort (0ms)
			DisableScriptedObjects (5ms)
			BackupInstance (0ms)
			ReleaseScriptingObjects (0ms)
			CreateAndSetChildDomain (26ms)
		EndReloadAssembly (1388ms)
			LoadAssemblies (87ms)
			RebuildTransferFunctionScriptingTraits (0ms)
			SetupTypeCache (242ms)
			ReleaseScriptCaches (2ms)
			RebuildScriptCaches (58ms)
			SetupLoadedEditorAssemblies (522ms)
				LogAssemblyErrors (0ms)
				InitializePlatformSupportModulesInManaged (4ms)
				SetLoadedEditorAssemblies (0ms)
				RefreshPlugins (1ms)
				BeforeProcessingInitializeOnLoad (89ms)
				ProcessInitializeOnLoadAttributes (411ms)
				ProcessInitializeOnLoadMethodAttributes (11ms)
				AfterProcessingInitializeOnLoad (5ms)
				EditorAssembliesLoaded (0ms)
			ExecutionOrderSort2 (0ms)
			AwakeInstancesAfterBackupRestoration (2ms)
Platform modules already initialized, skipping
Switching build target platform(19) subTarget(0) extendedPlatform(0) -> platform(13) subTarget(537395200) extendedPlatform(0)
Refreshing native plugins compatible for Editor in 0.78 ms, found 5 plugins.
Preloading 0 native plugins for Editor in 0.00 ms.
Unloading 2412 Unused Serialized files (Serialized files now loaded: 0)
System memory in use before: 124.5 MB.
System memory in use after: 124.1 MB.

Unloading 39 unused Assets to reduce memory usage. Loaded Objects now: 3238.
Total: 3.174600 ms (FindLiveObjects: 0.125600 ms CreateObjectMapping: 0.037800 ms MarkObjects: 2.717700 ms  DeleteObjects: 0.292600 ms)

AssetImportParameters requested are different than current active one (requested -> active):
  custom:framework-win-MediaFoundation: 216162199b28c13a410421893ffa2e32 -> 
  custom:video-decoder-ogg-theora: a1e56fd34408186e4bbccfd4996cb3dc -> 
  custom:container-muxer-webm: aa71ff27fc2769a1b78a27578f13a17b -> 
  custom:container-demuxer-webm: 4f35f7cbe854078d1ac9338744f61a02 -> 
  custom:container-demuxer-ogg: 62fdf1f143b41e24485cea50d1cbac27 -> 
  custom:video-encoder-webm-vp8: eb34c28f22e8b96e1ab97ce403110664 -> 
  custom:video-codec-MediaFoundation-h265: 746d11721c4dcdbdad8f713fa42b33f4 -> 
  custom:video-decoder-webm-vp8: 9c59270c3fd7afecdb556c50c9e8de78 -> 
  custom:graphics/normal-map-encoding: 01000000000000000000000000000000 -> 02000000000000000000000000000000
  custom:audio-decoder-ogg-vorbis: bf7c407c2cedff20999df2af8eb42d56 -> 
  custom:audio-encoder-webm-vorbis: bf7c407c2cedff20999df2af8eb42d56 -> 
========================================================================
Received Prepare
Registering precompiled user dll's ...
Registered in 0.003324 seconds.
Begin MonoManager ReloadAssembly
Native extension for WindowsStandalone target not found
Refreshing native plugins compatible for Editor in 0.80 ms, found 5 plugins.
Preloading 0 native plugins for Editor in 0.00 ms.
Mono: successfully reloaded assembly
- Completed reload, in  1.535 seconds
Domain Reload Profiling:
	ReloadAssembly (1535ms)
		BeginReloadAssembly (79ms)
			ExecutionOrderSort (0ms)
			DisableScriptedObjects (5ms)
			BackupInstance (0ms)
			ReleaseScriptingObjects (0ms)
			CreateAndSetChildDomain (21ms)
		EndReloadAssembly (1408ms)
			LoadAssemblies (78ms)
			RebuildTransferFunctionScriptingTraits (0ms)
			SetupTypeCache (244ms)
			ReleaseScriptCaches (2ms)
			RebuildScriptCaches (57ms)
			SetupLoadedEditorAssemblies (524ms)
				LogAssemblyErrors (0ms)
				InitializePlatformSupportModulesInManaged (4ms)
				SetLoadedEditorAssemblies (0ms)
				RefreshPlugins (1ms)
				BeforeProcessingInitializeOnLoad (89ms)
				ProcessInitializeOnLoadAttributes (412ms)
				ProcessInitializeOnLoadMethodAttributes (12ms)
				AfterProcessingInitializeOnLoad (5ms)
				EditorAssembliesLoaded (0ms)
			ExecutionOrderSort2 (0ms)
			AwakeInstancesAfterBackupRestoration (2ms)
Platform modules already initialized, skipping
Switching build target platform(19) subTarget(0) extendedPlatform(0) -> platform(13) subTarget(537395200) extendedPlatform(0)
Refreshing native plugins compatible for Editor in 0.80 ms, found 5 plugins.
Preloading 0 native plugins for Editor in 0.00 ms.
Unloading 2412 Unused Serialized files (Serialized files now loaded: 0)
System memory in use before: 124.6 MB.
System memory in use after: 124.2 MB.

Unloading 39 unused Assets to reduce memory usage. Loaded Objects now: 3241.
Total: 3.005800 ms (FindLiveObjects: 0.212300 ms CreateObjectMapping: 0.062100 ms MarkObjects: 2.321000 ms  DeleteObjects: 0.409300 ms)

AssetImportParameters requested are different than current active one (requested -> active):
  custom:framework-win-MediaFoundation: 216162199b28c13a410421893ffa2e32 -> 
  custom:video-decoder-ogg-theora: a1e56fd34408186e4bbccfd4996cb3dc -> 
  custom:container-muxer-webm: aa71ff27fc2769a1b78a27578f13a17b -> 
  custom:container-demuxer-webm: 4f35f7cbe854078d1ac9338744f61a02 -> 
  custom:container-demuxer-ogg: 62fdf1f143b41e24485cea50d1cbac27 -> 
  custom:video-encoder-webm-vp8: eb34c28f22e8b96e1ab97ce403110664 -> 
  custom:video-codec-MediaFoundation-h265: 746d11721c4dcdbdad8f713fa42b33f4 -> 
  custom:video-decoder-webm-vp8: 9c59270c3fd7afecdb556c50c9e8de78 -> 
  custom:graphics/normal-map-encoding: 01000000000000000000000000000000 -> 02000000000000000000000000000000
  custom:audio-decoder-ogg-vorbis: bf7c407c2cedff20999df2af8eb42d56 -> 
  custom:audio-encoder-webm-vorbis: bf7c407c2cedff20999df2af8eb42d56 -> 
========================================================================
Received Prepare
Registering precompiled user dll's ...
Registered in 0.006060 seconds.
Begin MonoManager ReloadAssembly
Native extension for WindowsStandalone target not found
Refreshing native plugins compatible for Editor in 0.79 ms, found 5 plugins.
Preloading 0 native plugins for Editor in 0.00 ms.
Mono: successfully reloaded assembly
- Completed reload, in  1.566 seconds
Domain Reload Profiling:
	ReloadAssembly (1566ms)
		BeginReloadAssembly (108ms)
			ExecutionOrderSort (0ms)
			DisableScriptedObjects (4ms)
			BackupInstance (0ms)
			ReleaseScriptingObjects (0ms)
			CreateAndSetChildDomain (36ms)
		EndReloadAssembly (1408ms)
			LoadAssemblies (91ms)
			RebuildTransferFunctionScriptingTraits (0ms)
			SetupTypeCache (236ms)
			ReleaseScriptCaches (2ms)
			RebuildScriptCaches (58ms)
			SetupLoadedEditorAssemblies (504ms)
				LogAssemblyErrors (0ms)
				InitializePlatformSupportModulesInManaged (4ms)
				SetLoadedEditorAssemblies (0ms)
				RefreshPlugins (1ms)
				BeforeProcessingInitializeOnLoad (106ms)
				ProcessInitializeOnLoadAttributes (376ms)
				ProcessInitializeOnLoadMethodAttributes (12ms)
				AfterProcessingInitializeOnLoad (4ms)
				EditorAssembliesLoaded (0ms)
			ExecutionOrderSort2 (0ms)
			AwakeInstancesAfterBackupRestoration (2ms)
Platform modules already initialized, skipping
Switching build target platform(19) subTarget(0) extendedPlatform(0) -> platform(13) subTarget(537395200) extendedPlatform(0)
Refreshing native plugins compatible for Editor in 0.85 ms, found 5 plugins.
Preloading 0 native plugins for Editor in 0.00 ms.
Unloading 2412 Unused Serialized files (Serialized files now loaded: 0)
System memory in use before: 124.6 MB.
System memory in use after: 124.2 MB.

Unloading 39 unused Assets to reduce memory usage. Loaded Objects now: 3244.
Total: 3.154500 ms (FindLiveObjects: 0.218600 ms CreateObjectMapping: 0.062400 ms MarkObjects: 2.459700 ms  DeleteObjects: 0.412900 ms)

AssetImportParameters requested are different than current active one (requested -> active):
  custom:framework-win-MediaFoundation: 216162199b28c13a410421893ffa2e32 -> 
  custom:video-decoder-ogg-theora: a1e56fd34408186e4bbccfd4996cb3dc -> 
  custom:container-muxer-webm: aa71ff27fc2769a1b78a27578f13a17b -> 
  custom:container-demuxer-webm: 4f35f7cbe854078d1ac9338744f61a02 -> 
  custom:container-demuxer-ogg: 62fdf1f143b41e24485cea50d1cbac27 -> 
  custom:video-encoder-webm-vp8: eb34c28f22e8b96e1ab97ce403110664 -> 
  custom:video-codec-MediaFoundation-h265: 746d11721c4dcdbdad8f713fa42b33f4 -> 
  custom:video-decoder-webm-vp8: 9c59270c3fd7afecdb556c50c9e8de78 -> 
  custom:graphics/normal-map-encoding: 01000000000000000000000000000000 -> 02000000000000000000000000000000
  custom:audio-decoder-ogg-vorbis: bf7c407c2cedff20999df2af8eb42d56 -> 
  custom:audio-encoder-webm-vorbis: bf7c407c2cedff20999df2af8eb42d56 -> 
========================================================================
Received Prepare
Registering precompiled user dll's ...
Registered in 0.003324 seconds.
Begin MonoManager ReloadAssembly
Native extension for WindowsStandalone target not found
Refreshing native plugins compatible for Editor in 1.01 ms, found 5 plugins.
Preloading 0 native plugins for Editor in 0.00 ms.
Mono: successfully reloaded assembly
- Completed reload, in  1.528 seconds
Domain Reload Profiling:
	ReloadAssembly (1528ms)
		BeginReloadAssembly (69ms)
			ExecutionOrderSort (0ms)
			DisableScriptedObjects (5ms)
			BackupInstance (0ms)
			ReleaseScriptingObjects (0ms)
			CreateAndSetChildDomain (21ms)
		EndReloadAssembly (1419ms)
			LoadAssemblies (65ms)
			RebuildTransferFunctionScriptingTraits (0ms)
			SetupTypeCache (236ms)
			ReleaseScriptCaches (2ms)
			RebuildScriptCaches (57ms)
			SetupLoadedEditorAssemblies (520ms)
				LogAssemblyErrors (0ms)
				InitializePlatformSupportModulesInManaged (5ms)
				SetLoadedEditorAssemblies (1ms)
				RefreshPlugins (1ms)
				BeforeProcessingInitializeOnLoad (96ms)
				ProcessInitializeOnLoadAttributes (399ms)
				ProcessInitializeOnLoadMethodAttributes (12ms)
				AfterProcessingInitializeOnLoad (5ms)
				EditorAssembliesLoaded (0ms)
			ExecutionOrderSort2 (0ms)
			AwakeInstancesAfterBackupRestoration (2ms)
Platform modules already initialized, skipping
Switching build target platform(19) subTarget(0) extendedPlatform(0) -> platform(13) subTarget(537395200) extendedPlatform(0)
Refreshing native plugins compatible for Editor in 0.85 ms, found 5 plugins.
Preloading 0 native plugins for Editor in 0.00 ms.
Unloading 2412 Unused Serialized files (Serialized files now loaded: 0)
System memory in use before: 124.6 MB.
System memory in use after: 124.2 MB.

Unloading 39 unused Assets to reduce memory usage. Loaded Objects now: 3247.
Total: 3.629300 ms (FindLiveObjects: 0.216600 ms CreateObjectMapping: 0.064400 ms MarkObjects: 2.930000 ms  DeleteObjects: 0.416900 ms)

AssetImportParameters requested are different than current active one (requested -> active):
  custom:framework-win-MediaFoundation: 216162199b28c13a410421893ffa2e32 -> 
  custom:video-decoder-ogg-theora: a1e56fd34408186e4bbccfd4996cb3dc -> 
  custom:container-muxer-webm: aa71ff27fc2769a1b78a27578f13a17b -> 
  custom:container-demuxer-webm: 4f35f7cbe854078d1ac9338744f61a02 -> 
  custom:container-demuxer-ogg: 62fdf1f143b41e24485cea50d1cbac27 -> 
  custom:video-encoder-webm-vp8: eb34c28f22e8b96e1ab97ce403110664 -> 
  custom:video-codec-MediaFoundation-h265: 746d11721c4dcdbdad8f713fa42b33f4 -> 
  custom:video-decoder-webm-vp8: 9c59270c3fd7afecdb556c50c9e8de78 -> 
  custom:graphics/normal-map-encoding: 01000000000000000000000000000000 -> 02000000000000000000000000000000
  custom:audio-decoder-ogg-vorbis: bf7c407c2cedff20999df2af8eb42d56 -> 
  custom:audio-encoder-webm-vorbis: bf7c407c2cedff20999df2af8eb42d56 -> 
========================================================================
Received Prepare
Registering precompiled user dll's ...
Registered in 0.004284 seconds.
Begin MonoManager ReloadAssembly
Native extension for WindowsStandalone target not found
Refreshing native plugins compatible for Editor in 0.77 ms, found 5 plugins.
Preloading 0 native plugins for Editor in 0.00 ms.
Mono: successfully reloaded assembly
- Completed reload, in  1.638 seconds
Domain Reload Profiling:
	ReloadAssembly (1639ms)
		BeginReloadAssembly (93ms)
			ExecutionOrderSort (0ms)
			DisableScriptedObjects (2ms)
			BackupInstance (0ms)
			ReleaseScriptingObjects (0ms)
			CreateAndSetChildDomain (19ms)
		EndReloadAssembly (1481ms)
			LoadAssemblies (104ms)
			RebuildTransferFunctionScriptingTraits (0ms)
			SetupTypeCache (271ms)
			ReleaseScriptCaches (2ms)
			RebuildScriptCaches (63ms)
			SetupLoadedEditorAssemblies (501ms)
				LogAssemblyErrors (0ms)
				InitializePlatformSupportModulesInManaged (5ms)
				SetLoadedEditorAssemblies (0ms)
				RefreshPlugins (1ms)
				BeforeProcessingInitializeOnLoad (68ms)
				ProcessInitializeOnLoadAttributes (409ms)
				ProcessInitializeOnLoadMethodAttributes (13ms)
				AfterProcessingInitializeOnLoad (5ms)
				EditorAssembliesLoaded (0ms)
			ExecutionOrderSort2 (0ms)
			AwakeInstancesAfterBackupRestoration (2ms)
Platform modules already initialized, skipping
Switching build target platform(19) subTarget(0) extendedPlatform(0) -> platform(13) subTarget(537395200) extendedPlatform(0)
Refreshing native plugins compatible for Editor in 0.78 ms, found 5 plugins.
Preloading 0 native plugins for Editor in 0.00 ms.
Unloading 2412 Unused Serialized files (Serialized files now loaded: 0)
System memory in use before: 124.6 MB.
System memory in use after: 124.2 MB.

Unloading 39 unused Assets to reduce memory usage. Loaded Objects now: 3250.
Total: 4.131300 ms (FindLiveObjects: 0.401800 ms CreateObjectMapping: 0.124500 ms MarkObjects: 3.182100 ms  DeleteObjects: 0.421700 ms)

AssetImportParameters requested are different than current active one (requested -> active):
  custom:framework-win-MediaFoundation: 216162199b28c13a410421893ffa2e32 -> 
  custom:video-decoder-ogg-theora: a1e56fd34408186e4bbccfd4996cb3dc -> 
  custom:container-muxer-webm: aa71ff27fc2769a1b78a27578f13a17b -> 
  custom:container-demuxer-webm: 4f35f7cbe854078d1ac9338744f61a02 -> 
  custom:container-demuxer-ogg: 62fdf1f143b41e24485cea50d1cbac27 -> 
  custom:video-encoder-webm-vp8: eb34c28f22e8b96e1ab97ce403110664 -> 
  custom:video-codec-MediaFoundation-h265: 746d11721c4dcdbdad8f713fa42b33f4 -> 
  custom:video-decoder-webm-vp8: 9c59270c3fd7afecdb556c50c9e8de78 -> 
  custom:graphics/normal-map-encoding: 01000000000000000000000000000000 -> 02000000000000000000000000000000
  custom:audio-decoder-ogg-vorbis: bf7c407c2cedff20999df2af8eb42d56 -> 
  custom:audio-encoder-webm-vorbis: bf7c407c2cedff20999df2af8eb42d56 -> 
========================================================================
Received Prepare
Registering precompiled user dll's ...
Registered in 0.003505 seconds.
Begin MonoManager ReloadAssembly
Native extension for WindowsStandalone target not found
Refreshing native plugins compatible for Editor in 0.80 ms, found 5 plugins.
Preloading 0 native plugins for Editor in 0.00 ms.
Mono: successfully reloaded assembly
- Completed reload, in  1.583 seconds
Domain Reload Profiling:
	ReloadAssembly (1584ms)
		BeginReloadAssembly (92ms)
			ExecutionOrderSort (0ms)
			DisableScriptedObjects (4ms)
			BackupInstance (0ms)
			ReleaseScriptingObjects (0ms)
			CreateAndSetChildDomain (22ms)
		EndReloadAssembly (1441ms)
			LoadAssemblies (89ms)
			RebuildTransferFunctionScriptingTraits (0ms)
			SetupTypeCache (245ms)
			ReleaseScriptCaches (2ms)
			RebuildScriptCaches (60ms)
			SetupLoadedEditorAssemblies (514ms)
				LogAssemblyErrors (0ms)
				InitializePlatformSupportModulesInManaged (4ms)
				SetLoadedEditorAssemblies (0ms)
				RefreshPlugins (1ms)
				BeforeProcessingInitializeOnLoad (93ms)
				ProcessInitializeOnLoadAttributes (399ms)
				ProcessInitializeOnLoadMethodAttributes (11ms)
				AfterProcessingInitializeOnLoad (5ms)
				EditorAssembliesLoaded (0ms)
			ExecutionOrderSort2 (0ms)
			AwakeInstancesAfterBackupRestoration (2ms)
Platform modules already initialized, skipping
Switching build target platform(19) subTarget(0) extendedPlatform(0) -> platform(13) subTarget(537395200) extendedPlatform(0)
Refreshing native plugins compatible for Editor in 0.77 ms, found 5 plugins.
Preloading 0 native plugins for Editor in 0.00 ms.
Unloading 2412 Unused Serialized files (Serialized files now loaded: 0)
System memory in use before: 124.5 MB.
System memory in use after: 124.1 MB.

Unloading 39 unused Assets to reduce memory usage. Loaded Objects now: 3253.
Total: 3.065300 ms (FindLiveObjects: 0.233600 ms CreateObjectMapping: 0.063500 ms MarkObjects: 2.349400 ms  DeleteObjects: 0.418200 ms)

AssetImportParameters requested are different than current active one (requested -> active):
  custom:framework-win-MediaFoundation: 216162199b28c13a410421893ffa2e32 -> 
  custom:video-decoder-ogg-theora: a1e56fd34408186e4bbccfd4996cb3dc -> 
  custom:container-muxer-webm: aa71ff27fc2769a1b78a27578f13a17b -> 
  custom:container-demuxer-webm: 4f35f7cbe854078d1ac9338744f61a02 -> 
  custom:container-demuxer-ogg: 62fdf1f143b41e24485cea50d1cbac27 -> 
  custom:video-encoder-webm-vp8: eb34c28f22e8b96e1ab97ce403110664 -> 
  custom:video-codec-MediaFoundation-h265: 746d11721c4dcdbdad8f713fa42b33f4 -> 
  custom:video-decoder-webm-vp8: 9c59270c3fd7afecdb556c50c9e8de78 -> 
  custom:graphics/normal-map-encoding: 01000000000000000000000000000000 -> 02000000000000000000000000000000
  custom:audio-decoder-ogg-vorbis: bf7c407c2cedff20999df2af8eb42d56 -> 
  custom:audio-encoder-webm-vorbis: bf7c407c2cedff20999df2af8eb42d56 -> 
========================================================================
Received Prepare
Registering precompiled user dll's ...
Registered in 0.005011 seconds.
Begin MonoManager ReloadAssembly
Native extension for WindowsStandalone target not found
Refreshing native plugins compatible for Editor in 0.82 ms, found 5 plugins.
Preloading 0 native plugins for Editor in 0.00 ms.
Mono: successfully reloaded assembly
- Completed reload, in  1.553 seconds
Domain Reload Profiling:
	ReloadAssembly (1554ms)
		BeginReloadAssembly (109ms)
			ExecutionOrderSort (0ms)
			DisableScriptedObjects (5ms)
			BackupInstance (0ms)
			ReleaseScriptingObjects (0ms)
			CreateAndSetChildDomain (32ms)
		EndReloadAssembly (1395ms)
			LoadAssemblies (87ms)
			RebuildTransferFunctionScriptingTraits (0ms)
			SetupTypeCache (258ms)
			ReleaseScriptCaches (2ms)
			RebuildScriptCaches (59ms)
			SetupLoadedEditorAssemblies (401ms)
				LogAssemblyErrors (0ms)
				InitializePlatformSupportModulesInManaged (5ms)
				SetLoadedEditorAssemblies (0ms)
				RefreshPlugins (1ms)
				BeforeProcessingInitializeOnLoad (72ms)
				ProcessInitializeOnLoadAttributes (303ms)
				ProcessInitializeOnLoadMethodAttributes (14ms)
				AfterProcessingInitializeOnLoad (5ms)
				EditorAssembliesLoaded (0ms)
			ExecutionOrderSort2 (0ms)
			AwakeInstancesAfterBackupRestoration (2ms)
Platform modules already initialized, skipping
Switching build target platform(19) subTarget(0) extendedPlatform(0) -> platform(13) subTarget(537395200) extendedPlatform(0)
Refreshing native plugins compatible for Editor in 0.92 ms, found 5 plugins.
Preloading 0 native plugins for Editor in 0.00 ms.
Unloading 2412 Unused Serialized files (Serialized files now loaded: 0)
System memory in use before: 124.6 MB.
System memory in use after: 124.2 MB.

Unloading 39 unused Assets to reduce memory usage. Loaded Objects now: 3256.
Total: 3.690100 ms (FindLiveObjects: 0.246200 ms CreateObjectMapping: 0.064100 ms MarkObjects: 2.954700 ms  DeleteObjects: 0.424200 ms)

AssetImportParameters requested are different than current active one (requested -> active):
  custom:framework-win-MediaFoundation: 216162199b28c13a410421893ffa2e32 -> 
  custom:video-decoder-ogg-theora: a1e56fd34408186e4bbccfd4996cb3dc -> 
  custom:container-muxer-webm: aa71ff27fc2769a1b78a27578f13a17b -> 
  custom:container-demuxer-webm: 4f35f7cbe854078d1ac9338744f61a02 -> 
  custom:container-demuxer-ogg: 62fdf1f143b41e24485cea50d1cbac27 -> 
  custom:video-encoder-webm-vp8: eb34c28f22e8b96e1ab97ce403110664 -> 
  custom:video-codec-MediaFoundation-h265: 746d11721c4dcdbdad8f713fa42b33f4 -> 
  custom:video-decoder-webm-vp8: 9c59270c3fd7afecdb556c50c9e8de78 -> 
  custom:graphics/normal-map-encoding: 01000000000000000000000000000000 -> 02000000000000000000000000000000
  custom:audio-decoder-ogg-vorbis: bf7c407c2cedff20999df2af8eb42d56 -> 
  custom:audio-encoder-webm-vorbis: bf7c407c2cedff20999df2af8eb42d56 -> 
========================================================================
Received Prepare
Registering precompiled user dll's ...
Registered in 0.002010 seconds.
Begin MonoManager ReloadAssembly
Native extension for WindowsStandalone target not found
Refreshing native plugins compatible for Editor in 0.79 ms, found 5 plugins.
Preloading 0 native plugins for Editor in 0.00 ms.
Mono: successfully reloaded assembly
- Completed reload, in  1.603 seconds
Domain Reload Profiling:
	ReloadAssembly (1603ms)
		BeginReloadAssembly (103ms)
			ExecutionOrderSort (0ms)
			DisableScriptedObjects (15ms)
			BackupInstance (0ms)
			ReleaseScriptingObjects (0ms)
			CreateAndSetChildDomain (29ms)
		EndReloadAssembly (1439ms)
			LoadAssemblies (89ms)
			RebuildTransferFunctionScriptingTraits (0ms)
			SetupTypeCache (242ms)
			ReleaseScriptCaches (2ms)
			RebuildScriptCaches (60ms)
			SetupLoadedEditorAssemblies (505ms)
				LogAssemblyErrors (0ms)
				InitializePlatformSupportModulesInManaged (5ms)
				SetLoadedEditorAssemblies (0ms)
				RefreshPlugins (1ms)
				BeforeProcessingInitializeOnLoad (89ms)
				ProcessInitializeOnLoadAttributes (394ms)
				ProcessInitializeOnLoadMethodAttributes (12ms)
				AfterProcessingInitializeOnLoad (5ms)
				EditorAssembliesLoaded (0ms)
			ExecutionOrderSort2 (0ms)
			AwakeInstancesAfterBackupRestoration (2ms)
Platform modules already initialized, skipping
Switching build target platform(19) subTarget(0) extendedPlatform(0) -> platform(13) subTarget(537395200) extendedPlatform(0)
Refreshing native plugins compatible for Editor in 0.77 ms, found 5 plugins.
Preloading 0 native plugins for Editor in 0.00 ms.
Unloading 2412 Unused Serialized files (Serialized files now loaded: 0)
System memory in use before: 124.6 MB.
System memory in use after: 124.2 MB.

Unloading 39 unused Assets to reduce memory usage. Loaded Objects now: 3259.
Total: 3.754400 ms (FindLiveObjects: 0.221900 ms CreateObjectMapping: 0.063300 ms MarkObjects: 3.064500 ms  DeleteObjects: 0.403700 ms)

AssetImportParameters requested are different than current active one (requested -> active):
  custom:framework-win-MediaFoundation: 216162199b28c13a410421893ffa2e32 -> 
  custom:video-decoder-ogg-theora: a1e56fd34408186e4bbccfd4996cb3dc -> 
  custom:container-muxer-webm: aa71ff27fc2769a1b78a27578f13a17b -> 
  custom:container-demuxer-webm: 4f35f7cbe854078d1ac9338744f61a02 -> 
  custom:container-demuxer-ogg: 62fdf1f143b41e24485cea50d1cbac27 -> 
  custom:video-encoder-webm-vp8: eb34c28f22e8b96e1ab97ce403110664 -> 
  custom:video-codec-MediaFoundation-h265: 746d11721c4dcdbdad8f713fa42b33f4 -> 
  custom:video-decoder-webm-vp8: 9c59270c3fd7afecdb556c50c9e8de78 -> 
  custom:graphics/normal-map-encoding: 01000000000000000000000000000000 -> 02000000000000000000000000000000
  custom:audio-decoder-ogg-vorbis: bf7c407c2cedff20999df2af8eb42d56 -> 
  custom:audio-encoder-webm-vorbis: bf7c407c2cedff20999df2af8eb42d56 -> 
========================================================================
Received Prepare
Registering precompiled user dll's ...
Registered in 0.003621 seconds.
Begin MonoManager ReloadAssembly
Native extension for WindowsStandalone target not found
Refreshing native plugins compatible for Editor in 0.79 ms, found 5 plugins.
Preloading 0 native plugins for Editor in 0.00 ms.
Mono: successfully reloaded assembly
- Completed reload, in  1.544 seconds
Domain Reload Profiling:
	ReloadAssembly (1545ms)
		BeginReloadAssembly (105ms)
			ExecutionOrderSort (0ms)
			DisableScriptedObjects (4ms)
			BackupInstance (0ms)
			ReleaseScriptingObjects (0ms)
			CreateAndSetChildDomain (34ms)
		EndReloadAssembly (1388ms)
			LoadAssemblies (89ms)
			RebuildTransferFunctionScriptingTraits (0ms)
			SetupTypeCache (254ms)
			ReleaseScriptCaches (2ms)
			RebuildScriptCaches (53ms)
			SetupLoadedEditorAssemblies (418ms)
				LogAssemblyErrors (0ms)
				InitializePlatformSupportModulesInManaged (5ms)
				SetLoadedEditorAssemblies (1ms)
				RefreshPlugins (1ms)
				BeforeProcessingInitializeOnLoad (59ms)
				ProcessInitializeOnLoadAttributes (335ms)
				ProcessInitializeOnLoadMethodAttributes (13ms)
				AfterProcessingInitializeOnLoad (4ms)
				EditorAssembliesLoaded (0ms)
			ExecutionOrderSort2 (0ms)
			AwakeInstancesAfterBackupRestoration (2ms)
Platform modules already initialized, skipping
Switching build target platform(19) subTarget(0) extendedPlatform(0) -> platform(13) subTarget(537395200) extendedPlatform(0)
Refreshing native plugins compatible for Editor in 0.77 ms, found 5 plugins.
Preloading 0 native plugins for Editor in 0.00 ms.
Unloading 2412 Unused Serialized files (Serialized files now loaded: 0)
System memory in use before: 124.6 MB.
System memory in use after: 124.2 MB.

Unloading 39 unused Assets to reduce memory usage. Loaded Objects now: 3262.
Total: 3.065200 ms (FindLiveObjects: 0.219600 ms CreateObjectMapping: 0.062600 ms MarkObjects: 2.370200 ms  DeleteObjects: 0.411900 ms)

AssetImportParameters requested are different than current active one (requested -> active):
  custom:framework-win-MediaFoundation: 216162199b28c13a410421893ffa2e32 -> 
  custom:video-decoder-ogg-theora: a1e56fd34408186e4bbccfd4996cb3dc -> 
  custom:container-muxer-webm: aa71ff27fc2769a1b78a27578f13a17b -> 
  custom:container-demuxer-webm: 4f35f7cbe854078d1ac9338744f61a02 -> 
  custom:container-demuxer-ogg: 62fdf1f143b41e24485cea50d1cbac27 -> 
  custom:video-encoder-webm-vp8: eb34c28f22e8b96e1ab97ce403110664 -> 
  custom:video-codec-MediaFoundation-h265: 746d11721c4dcdbdad8f713fa42b33f4 -> 
  custom:video-decoder-webm-vp8: 9c59270c3fd7afecdb556c50c9e8de78 -> 
  custom:graphics/normal-map-encoding: 01000000000000000000000000000000 -> 02000000000000000000000000000000
  custom:audio-decoder-ogg-vorbis: bf7c407c2cedff20999df2af8eb42d56 -> 
  custom:audio-encoder-webm-vorbis: bf7c407c2cedff20999df2af8eb42d56 -> 
========================================================================
Received Prepare
Registering precompiled user dll's ...
Registered in 0.003639 seconds.
Begin MonoManager ReloadAssembly
Native extension for WindowsStandalone target not found
Refreshing native plugins compatible for Editor in 0.81 ms, found 5 plugins.
Preloading 0 native plugins for Editor in 0.00 ms.
Mono: successfully reloaded assembly
- Completed reload, in  1.736 seconds
Domain Reload Profiling:
	ReloadAssembly (1737ms)
		BeginReloadAssembly (113ms)
			ExecutionOrderSort (0ms)
			DisableScriptedObjects (5ms)
			BackupInstance (0ms)
			ReleaseScriptingObjects (0ms)
			CreateAndSetChildDomain (34ms)
		EndReloadAssembly (1569ms)
			LoadAssemblies (94ms)
			RebuildTransferFunctionScriptingTraits (0ms)
			SetupTypeCache (257ms)
			ReleaseScriptCaches (2ms)
			RebuildScriptCaches (66ms)
			SetupLoadedEditorAssemblies (559ms)
				LogAssemblyErrors (0ms)
				InitializePlatformSupportModulesInManaged (5ms)
				SetLoadedEditorAssemblies (0ms)
				RefreshPlugins (1ms)
				BeforeProcessingInitializeOnLoad (99ms)
				ProcessInitializeOnLoadAttributes (435ms)
				ProcessInitializeOnLoadMethodAttributes (13ms)
				AfterProcessingInitializeOnLoad (5ms)
				EditorAssembliesLoaded (0ms)
			ExecutionOrderSort2 (0ms)
			AwakeInstancesAfterBackupRestoration (2ms)
Platform modules already initialized, skipping
Switching build target platform(19) subTarget(0) extendedPlatform(0) -> platform(13) subTarget(537395200) extendedPlatform(0)
Refreshing native plugins compatible for Editor in 0.89 ms, found 5 plugins.
Preloading 0 native plugins for Editor in 0.00 ms.
Unloading 2412 Unused Serialized files (Serialized files now loaded: 0)
System memory in use before: 124.6 MB.
System memory in use after: 124.2 MB.

Unloading 39 unused Assets to reduce memory usage. Loaded Objects now: 3265.
Total: 3.024800 ms (FindLiveObjects: 0.225300 ms CreateObjectMapping: 0.063900 ms MarkObjects: 2.319100 ms  DeleteObjects: 0.415800 ms)

AssetImportParameters requested are different than current active one (requested -> active):
  custom:framework-win-MediaFoundation: 216162199b28c13a410421893ffa2e32 -> 
  custom:video-decoder-ogg-theora: a1e56fd34408186e4bbccfd4996cb3dc -> 
  custom:container-muxer-webm: aa71ff27fc2769a1b78a27578f13a17b -> 
  custom:container-demuxer-webm: 4f35f7cbe854078d1ac9338744f61a02 -> 
  custom:container-demuxer-ogg: 62fdf1f143b41e24485cea50d1cbac27 -> 
  custom:video-encoder-webm-vp8: eb34c28f22e8b96e1ab97ce403110664 -> 
  custom:video-codec-MediaFoundation-h265: 746d11721c4dcdbdad8f713fa42b33f4 -> 
  custom:video-decoder-webm-vp8: 9c59270c3fd7afecdb556c50c9e8de78 -> 
  custom:graphics/normal-map-encoding: 01000000000000000000000000000000 -> 02000000000000000000000000000000
  custom:audio-decoder-ogg-vorbis: bf7c407c2cedff20999df2af8eb42d56 -> 
  custom:audio-encoder-webm-vorbis: bf7c407c2cedff20999df2af8eb42d56 -> 
========================================================================
Received Import Request.
  Time since last request: 1565.408204 seconds.
  path: Assets/Prefabs/Collectables/Coin.prefab
  artifactKey: Guid(1cb05e334b7d19448a56a1c0ec851383) Importer(815301076,1909f56bfc062723c751e8b465ee728b)
Start importing Assets/Prefabs/Collectables/Coin.prefab using Guid(1cb05e334b7d19448a56a1c0ec851383) Importer(815301076,1909f56bfc062723c751e8b465ee728b)  -> (artifact id: '9517e3880b538639d2274da66af0e6a4') in 0.167636 seconds 
========================================================================
Received Import Request.
  Time since last request: 11.893491 seconds.
  path: Assets/Prefabs/Collectables/Coin.prefab
  artifactKey: Guid(1cb05e334b7d19448a56a1c0ec851383) Importer(815301076,1909f56bfc062723c751e8b465ee728b)
Start importing Assets/Prefabs/Collectables/Coin.prefab using Guid(1cb05e334b7d19448a56a1c0ec851383) Importer(815301076,1909f56bfc062723c751e8b465ee728b)  -> (artifact id: 'ad5d593b374273d021ce8ff055d11d0c') in 0.017685 seconds 
========================================================================
Received Import Request.
  Time since last request: 97.930711 seconds.
  path: Assets/Prefabs/Collectables/Coin.prefab
  artifactKey: Guid(1cb05e334b7d19448a56a1c0ec851383) Importer(815301076,1909f56bfc062723c751e8b465ee728b)
Start importing Assets/Prefabs/Collectables/Coin.prefab using Guid(1cb05e334b7d19448a56a1c0ec851383) Importer(815301076,1909f56bfc062723c751e8b465ee728b)  -> (artifact id: 'e34482485195fd18d39d00088af6e8b5') in 0.035194 seconds 
========================================================================
Received Prepare
Registering precompiled user dll's ...
Registered in 0.003633 seconds.
Begin MonoManager ReloadAssembly
Native extension for WindowsStandalone target not found
Refreshing native plugins compatible for Editor in 0.93 ms, found 5 plugins.
Preloading 0 native plugins for Editor in 0.00 ms.
Mono: successfully reloaded assembly
- Completed reload, in  1.775 seconds
Domain Reload Profiling:
	ReloadAssembly (1775ms)
		BeginReloadAssembly (120ms)
			ExecutionOrderSort (0ms)
			DisableScriptedObjects (4ms)
			BackupInstance (0ms)
			ReleaseScriptingObjects (0ms)
			CreateAndSetChildDomain (44ms)
		EndReloadAssembly (1600ms)
			LoadAssemblies (108ms)
			RebuildTransferFunctionScriptingTraits (0ms)
			SetupTypeCache (278ms)
			ReleaseScriptCaches (2ms)
			RebuildScriptCaches (63ms)
			SetupLoadedEditorAssemblies (578ms)
				LogAssemblyErrors (0ms)
				InitializePlatformSupportModulesInManaged (6ms)
				SetLoadedEditorAssemblies (0ms)
				RefreshPlugins (1ms)
				BeforeProcessingInitializeOnLoad (111ms)
				ProcessInitializeOnLoadAttributes (441ms)
				ProcessInitializeOnLoadMethodAttributes (13ms)
				AfterProcessingInitializeOnLoad (6ms)
				EditorAssembliesLoaded (0ms)
			ExecutionOrderSort2 (0ms)
			AwakeInstancesAfterBackupRestoration (2ms)
Platform modules already initialized, skipping
Switching build target platform(19) subTarget(0) extendedPlatform(0) -> platform(13) subTarget(537395200) extendedPlatform(0)
Refreshing native plugins compatible for Editor in 0.44 ms, found 5 plugins.
Preloading 0 native plugins for Editor in 0.00 ms.
Unloading 2412 Unused Serialized files (Serialized files now loaded: 0)
System memory in use before: 124.5 MB.
System memory in use after: 124.1 MB.

Unloading 39 unused Assets to reduce memory usage. Loaded Objects now: 3269.
Total: 2.584700 ms (FindLiveObjects: 0.155100 ms CreateObjectMapping: 0.042700 ms MarkObjects: 2.107900 ms  DeleteObjects: 0.278500 ms)

AssetImportParameters requested are different than current active one (requested -> active):
  custom:framework-win-MediaFoundation: 216162199b28c13a410421893ffa2e32 -> 
  custom:video-decoder-ogg-theora: a1e56fd34408186e4bbccfd4996cb3dc -> 
  custom:container-muxer-webm: aa71ff27fc2769a1b78a27578f13a17b -> 
  custom:container-demuxer-webm: 4f35f7cbe854078d1ac9338744f61a02 -> 
  custom:container-demuxer-ogg: 62fdf1f143b41e24485cea50d1cbac27 -> 
  custom:video-encoder-webm-vp8: eb34c28f22e8b96e1ab97ce403110664 -> 
  custom:video-codec-MediaFoundation-h265: 746d11721c4dcdbdad8f713fa42b33f4 -> 
  custom:video-decoder-webm-vp8: 9c59270c3fd7afecdb556c50c9e8de78 -> 
  custom:graphics/normal-map-encoding: 01000000000000000000000000000000 -> 02000000000000000000000000000000
  custom:audio-decoder-ogg-vorbis: bf7c407c2cedff20999df2af8eb42d56 -> 
  custom:audio-encoder-webm-vorbis: bf7c407c2cedff20999df2af8eb42d56 -> 
========================================================================
Received Import Request.
  Time since last request: 15.466121 seconds.
  path: Assets/Prefabs/Collectables/Coin.prefab
  artifactKey: Guid(1cb05e334b7d19448a56a1c0ec851383) Importer(815301076,1909f56bfc062723c751e8b465ee728b)
Start importing Assets/Prefabs/Collectables/Coin.prefab using Guid(1cb05e334b7d19448a56a1c0ec851383) Importer(815301076,1909f56bfc062723c751e8b465ee728b)  -> (artifact id: '6237d58aff91e141e2a88242a1dae9bf') in 0.038313 seconds 
========================================================================
Received Prepare
Registering precompiled user dll's ...
Registered in 0.002662 seconds.
Begin MonoManager ReloadAssembly
Native extension for WindowsStandalone target not found
Refreshing native plugins compatible for Editor in 0.81 ms, found 5 plugins.
Preloading 0 native plugins for Editor in 0.00 ms.
Mono: successfully reloaded assembly
- Completed reload, in  1.666 seconds
Domain Reload Profiling:
	ReloadAssembly (1667ms)
		BeginReloadAssembly (113ms)
			ExecutionOrderSort (0ms)
			DisableScriptedObjects (4ms)
			BackupInstance (0ms)
			ReleaseScriptingObjects (0ms)
			CreateAndSetChildDomain (37ms)
		EndReloadAssembly (1501ms)
			LoadAssemblies (98ms)
			RebuildTransferFunctionScriptingTraits (0ms)
			SetupTypeCache (252ms)
			ReleaseScriptCaches (2ms)
			RebuildScriptCaches (59ms)
			SetupLoadedEditorAssemblies (540ms)
				LogAssemblyErrors (0ms)
				InitializePlatformSupportModulesInManaged (5ms)
				SetLoadedEditorAssemblies (0ms)
				RefreshPlugins (1ms)
				BeforeProcessingInitializeOnLoad (94ms)
				ProcessInitializeOnLoadAttributes (423ms)
				ProcessInitializeOnLoadMethodAttributes (13ms)
				AfterProcessingInitializeOnLoad (5ms)
				EditorAssembliesLoaded (0ms)
			ExecutionOrderSort2 (0ms)
			AwakeInstancesAfterBackupRestoration (2ms)
Platform modules already initialized, skipping
Switching build target platform(19) subTarget(0) extendedPlatform(0) -> platform(13) subTarget(537395200) extendedPlatform(0)
Refreshing native plugins compatible for Editor in 0.77 ms, found 5 plugins.
Preloading 0 native plugins for Editor in 0.00 ms.
Unloading 2412 Unused Serialized files (Serialized files now loaded: 0)
System memory in use before: 124.6 MB.
System memory in use after: 124.2 MB.

Unloading 39 unused Assets to reduce memory usage. Loaded Objects now: 3273.
Total: 3.196800 ms (FindLiveObjects: 0.225000 ms CreateObjectMapping: 0.062600 ms MarkObjects: 2.494200 ms  DeleteObjects: 0.414400 ms)

AssetImportParameters requested are different than current active one (requested -> active):
  custom:framework-win-MediaFoundation: 216162199b28c13a410421893ffa2e32 -> 
  custom:video-decoder-ogg-theora: a1e56fd34408186e4bbccfd4996cb3dc -> 
  custom:container-muxer-webm: aa71ff27fc2769a1b78a27578f13a17b -> 
  custom:container-demuxer-webm: 4f35f7cbe854078d1ac9338744f61a02 -> 
  custom:container-demuxer-ogg: 62fdf1f143b41e24485cea50d1cbac27 -> 
  custom:video-encoder-webm-vp8: eb34c28f22e8b96e1ab97ce403110664 -> 
  custom:video-codec-MediaFoundation-h265: 746d11721c4dcdbdad8f713fa42b33f4 -> 
  custom:video-decoder-webm-vp8: 9c59270c3fd7afecdb556c50c9e8de78 -> 
  custom:graphics/normal-map-encoding: 01000000000000000000000000000000 -> 02000000000000000000000000000000
  custom:audio-decoder-ogg-vorbis: bf7c407c2cedff20999df2af8eb42d56 -> 
  custom:audio-encoder-webm-vorbis: bf7c407c2cedff20999df2af8eb42d56 -> 
========================================================================
Received Prepare
Registering precompiled user dll's ...
Registered in 0.003610 seconds.
Begin MonoManager ReloadAssembly
Native extension for WindowsStandalone target not found
Refreshing native plugins compatible for Editor in 0.78 ms, found 5 plugins.
Preloading 0 native plugins for Editor in 0.00 ms.
Mono: successfully reloaded assembly
- Completed reload, in  1.576 seconds
Domain Reload Profiling:
	ReloadAssembly (1577ms)
		BeginReloadAssembly (88ms)
			ExecutionOrderSort (0ms)
			DisableScriptedObjects (5ms)
			BackupInstance (0ms)
			ReleaseScriptingObjects (0ms)
			CreateAndSetChildDomain (21ms)
		EndReloadAssembly (1428ms)
			LoadAssemblies (89ms)
			RebuildTransferFunctionScriptingTraits (0ms)
			SetupTypeCache (277ms)
			ReleaseScriptCaches (2ms)
			RebuildScriptCaches (62ms)
			SetupLoadedEditorAssemblies (540ms)
				LogAssemblyErrors (0ms)
				InitializePlatformSupportModulesInManaged (5ms)
				SetLoadedEditorAssemblies (0ms)
				RefreshPlugins (1ms)
				BeforeProcessingInitializeOnLoad (93ms)
				ProcessInitializeOnLoadAttributes (422ms)
				ProcessInitializeOnLoadMethodAttributes (14ms)
				AfterProcessingInitializeOnLoad (4ms)
				EditorAssembliesLoaded (0ms)
			ExecutionOrderSort2 (0ms)
			AwakeInstancesAfterBackupRestoration (3ms)
Platform modules already initialized, skipping
Switching build target platform(19) subTarget(0) extendedPlatform(0) -> platform(13) subTarget(537395200) extendedPlatform(0)
Refreshing native plugins compatible for Editor in 0.77 ms, found 5 plugins.
Preloading 0 native plugins for Editor in 0.00 ms.
Unloading 2412 Unused Serialized files (Serialized files now loaded: 0)
System memory in use before: 124.7 MB.
System memory in use after: 124.2 MB.

Unloading 39 unused Assets to reduce memory usage. Loaded Objects now: 3276.
Total: 3.620100 ms (FindLiveObjects: 0.216100 ms CreateObjectMapping: 0.065600 ms MarkObjects: 2.924300 ms  DeleteObjects: 0.413200 ms)

AssetImportParameters requested are different than current active one (requested -> active):
  custom:framework-win-MediaFoundation: 216162199b28c13a410421893ffa2e32 -> 
  custom:video-decoder-ogg-theora: a1e56fd34408186e4bbccfd4996cb3dc -> 
  custom:container-muxer-webm: aa71ff27fc2769a1b78a27578f13a17b -> 
  custom:container-demuxer-webm: 4f35f7cbe854078d1ac9338744f61a02 -> 
  custom:container-demuxer-ogg: 62fdf1f143b41e24485cea50d1cbac27 -> 
  custom:video-encoder-webm-vp8: eb34c28f22e8b96e1ab97ce403110664 -> 
  custom:video-codec-MediaFoundation-h265: 746d11721c4dcdbdad8f713fa42b33f4 -> 
  custom:video-decoder-webm-vp8: 9c59270c3fd7afecdb556c50c9e8de78 -> 
  custom:graphics/normal-map-encoding: 01000000000000000000000000000000 -> 02000000000000000000000000000000
  custom:audio-decoder-ogg-vorbis: bf7c407c2cedff20999df2af8eb42d56 -> 
  custom:audio-encoder-webm-vorbis: bf7c407c2cedff20999df2af8eb42d56 -> 
========================================================================
Received Prepare
Registering precompiled user dll's ...
Registered in 0.003699 seconds.
Begin MonoManager ReloadAssembly
Native extension for WindowsStandalone target not found
Refreshing native plugins compatible for Editor in 0.84 ms, found 5 plugins.
Preloading 0 native plugins for Editor in 0.00 ms.
Mono: successfully reloaded assembly
- Completed reload, in  1.592 seconds
Domain Reload Profiling:
	ReloadAssembly (1592ms)
		BeginReloadAssembly (83ms)
			ExecutionOrderSort (0ms)
			DisableScriptedObjects (4ms)
			BackupInstance (0ms)
			ReleaseScriptingObjects (0ms)
			CreateAndSetChildDomain (22ms)
		EndReloadAssembly (1458ms)
			LoadAssemblies (84ms)
			RebuildTransferFunctionScriptingTraits (0ms)
			SetupTypeCache (254ms)
			ReleaseScriptCaches (1ms)
			RebuildScriptCaches (37ms)
			SetupLoadedEditorAssemblies (533ms)
				LogAssemblyErrors (0ms)
				InitializePlatformSupportModulesInManaged (5ms)
				SetLoadedEditorAssemblies (0ms)
				RefreshPlugins (1ms)
				BeforeProcessingInitializeOnLoad (91ms)
				ProcessInitializeOnLoadAttributes (419ms)
				ProcessInitializeOnLoadMethodAttributes (12ms)
				AfterProcessingInitializeOnLoad (5ms)
				EditorAssembliesLoaded (0ms)
			ExecutionOrderSort2 (0ms)
			AwakeInstancesAfterBackupRestoration (2ms)
Platform modules already initialized, skipping
Switching build target platform(19) subTarget(0) extendedPlatform(0) -> platform(13) subTarget(537395200) extendedPlatform(0)
Refreshing native plugins compatible for Editor in 0.78 ms, found 5 plugins.
Preloading 0 native plugins for Editor in 0.00 ms.
Unloading 2412 Unused Serialized files (Serialized files now loaded: 0)
System memory in use before: 124.7 MB.
System memory in use after: 124.2 MB.

Unloading 39 unused Assets to reduce memory usage. Loaded Objects now: 3279.
Total: 3.079400 ms (FindLiveObjects: 0.209600 ms CreateObjectMapping: 0.061600 ms MarkObjects: 2.395900 ms  DeleteObjects: 0.411400 ms)

AssetImportParameters requested are different than current active one (requested -> active):
  custom:framework-win-MediaFoundation: 216162199b28c13a410421893ffa2e32 -> 
  custom:video-decoder-ogg-theora: a1e56fd34408186e4bbccfd4996cb3dc -> 
  custom:container-muxer-webm: aa71ff27fc2769a1b78a27578f13a17b -> 
  custom:container-demuxer-webm: 4f35f7cbe854078d1ac9338744f61a02 -> 
  custom:container-demuxer-ogg: 62fdf1f143b41e24485cea50d1cbac27 -> 
  custom:video-encoder-webm-vp8: eb34c28f22e8b96e1ab97ce403110664 -> 
  custom:video-codec-MediaFoundation-h265: 746d11721c4dcdbdad8f713fa42b33f4 -> 
  custom:video-decoder-webm-vp8: 9c59270c3fd7afecdb556c50c9e8de78 -> 
  custom:graphics/normal-map-encoding: 01000000000000000000000000000000 -> 02000000000000000000000000000000
  custom:audio-decoder-ogg-vorbis: bf7c407c2cedff20999df2af8eb42d56 -> 
  custom:audio-encoder-webm-vorbis: bf7c407c2cedff20999df2af8eb42d56 -> 
========================================================================
Received Prepare
Registering precompiled user dll's ...
Registered in 0.003486 seconds.
Begin MonoManager ReloadAssembly
Native extension for WindowsStandalone target not found
Refreshing native plugins compatible for Editor in 0.78 ms, found 5 plugins.
Preloading 0 native plugins for Editor in 0.00 ms.
Mono: successfully reloaded assembly
- Completed reload, in  1.635 seconds
Domain Reload Profiling:
	ReloadAssembly (1635ms)
		BeginReloadAssembly (82ms)
			ExecutionOrderSort (0ms)
			DisableScriptedObjects (4ms)
			BackupInstance (0ms)
			ReleaseScriptingObjects (0ms)
			CreateAndSetChildDomain (24ms)
		EndReloadAssembly (1501ms)
			LoadAssemblies (79ms)
			RebuildTransferFunctionScriptingTraits (0ms)
			SetupTypeCache (237ms)
			ReleaseScriptCaches (2ms)
			RebuildScriptCaches (57ms)
			SetupLoadedEditorAssemblies (553ms)
				LogAssemblyErrors (0ms)
				InitializePlatformSupportModulesInManaged (5ms)
				SetLoadedEditorAssemblies (0ms)
				RefreshPlugins (1ms)
				BeforeProcessingInitializeOnLoad (91ms)
				ProcessInitializeOnLoadAttributes (436ms)
				ProcessInitializeOnLoadMethodAttributes (15ms)
				AfterProcessingInitializeOnLoad (5ms)
				EditorAssembliesLoaded (0ms)
			ExecutionOrderSort2 (0ms)
			AwakeInstancesAfterBackupRestoration (3ms)
Platform modules already initialized, skipping
Switching build target platform(19) subTarget(0) extendedPlatform(0) -> platform(13) subTarget(537395200) extendedPlatform(0)
Refreshing native plugins compatible for Editor in 0.79 ms, found 5 plugins.
Preloading 0 native plugins for Editor in 0.00 ms.
Unloading 2412 Unused Serialized files (Serialized files now loaded: 0)
System memory in use before: 124.7 MB.
System memory in use after: 124.2 MB.

Unloading 39 unused Assets to reduce memory usage. Loaded Objects now: 3282.
Total: 3.119900 ms (FindLiveObjects: 0.227100 ms CreateObjectMapping: 0.061600 ms MarkObjects: 2.422600 ms  DeleteObjects: 0.407900 ms)

AssetImportParameters requested are different than current active one (requested -> active):
  custom:framework-win-MediaFoundation: 216162199b28c13a410421893ffa2e32 -> 
  custom:video-decoder-ogg-theora: a1e56fd34408186e4bbccfd4996cb3dc -> 
  custom:container-muxer-webm: aa71ff27fc2769a1b78a27578f13a17b -> 
  custom:container-demuxer-webm: 4f35f7cbe854078d1ac9338744f61a02 -> 
  custom:container-demuxer-ogg: 62fdf1f143b41e24485cea50d1cbac27 -> 
  custom:video-encoder-webm-vp8: eb34c28f22e8b96e1ab97ce403110664 -> 
  custom:video-codec-MediaFoundation-h265: 746d11721c4dcdbdad8f713fa42b33f4 -> 
  custom:video-decoder-webm-vp8: 9c59270c3fd7afecdb556c50c9e8de78 -> 
  custom:graphics/normal-map-encoding: 01000000000000000000000000000000 -> 02000000000000000000000000000000
  custom:audio-decoder-ogg-vorbis: bf7c407c2cedff20999df2af8eb42d56 -> 
  custom:audio-encoder-webm-vorbis: bf7c407c2cedff20999df2af8eb42d56 -> 
========================================================================
Received Prepare
Registering precompiled user dll's ...
Registered in 0.007943 seconds.
Begin MonoManager ReloadAssembly
Native extension for WindowsStandalone target not found
Refreshing native plugins compatible for Editor in 0.82 ms, found 5 plugins.
Preloading 0 native plugins for Editor in 0.00 ms.
Mono: successfully reloaded assembly
- Completed reload, in  1.794 seconds
Domain Reload Profiling:
	ReloadAssembly (1795ms)
		BeginReloadAssembly (111ms)
			ExecutionOrderSort (0ms)
			DisableScriptedObjects (4ms)
			BackupInstance (0ms)
			ReleaseScriptingObjects (0ms)
			CreateAndSetChildDomain (37ms)
		EndReloadAssembly (1623ms)
			LoadAssemblies (101ms)
			RebuildTransferFunctionScriptingTraits (0ms)
			SetupTypeCache (269ms)
			ReleaseScriptCaches (1ms)
			RebuildScriptCaches (48ms)
			SetupLoadedEditorAssemblies (613ms)
				LogAssemblyErrors (0ms)
				InitializePlatformSupportModulesInManaged (6ms)
				SetLoadedEditorAssemblies (0ms)
				RefreshPlugins (1ms)
				BeforeProcessingInitializeOnLoad (99ms)
				ProcessInitializeOnLoadAttributes (489ms)
				ProcessInitializeOnLoadMethodAttributes (12ms)
				AfterProcessingInitializeOnLoad (6ms)
				EditorAssembliesLoaded (0ms)
			ExecutionOrderSort2 (0ms)
			AwakeInstancesAfterBackupRestoration (2ms)
Platform modules already initialized, skipping
Switching build target platform(19) subTarget(0) extendedPlatform(0) -> platform(13) subTarget(537395200) extendedPlatform(0)
Refreshing native plugins compatible for Editor in 0.78 ms, found 5 plugins.
Preloading 0 native plugins for Editor in 0.00 ms.
Unloading 2412 Unused Serialized files (Serialized files now loaded: 0)
System memory in use before: 124.6 MB.
System memory in use after: 124.1 MB.

Unloading 39 unused Assets to reduce memory usage. Loaded Objects now: 3285.
Total: 2.656600 ms (FindLiveObjects: 0.117100 ms CreateObjectMapping: 0.036500 ms MarkObjects: 2.205200 ms  DeleteObjects: 0.297400 ms)

AssetImportParameters requested are different than current active one (requested -> active):
  custom:framework-win-MediaFoundation: 216162199b28c13a410421893ffa2e32 -> 
  custom:video-decoder-ogg-theora: a1e56fd34408186e4bbccfd4996cb3dc -> 
  custom:container-muxer-webm: aa71ff27fc2769a1b78a27578f13a17b -> 
  custom:container-demuxer-webm: 4f35f7cbe854078d1ac9338744f61a02 -> 
  custom:container-demuxer-ogg: 62fdf1f143b41e24485cea50d1cbac27 -> 
  custom:video-encoder-webm-vp8: eb34c28f22e8b96e1ab97ce403110664 -> 
  custom:video-codec-MediaFoundation-h265: 746d11721c4dcdbdad8f713fa42b33f4 -> 
  custom:video-decoder-webm-vp8: 9c59270c3fd7afecdb556c50c9e8de78 -> 
  custom:graphics/normal-map-encoding: 01000000000000000000000000000000 -> 02000000000000000000000000000000
  custom:audio-decoder-ogg-vorbis: bf7c407c2cedff20999df2af8eb42d56 -> 
  custom:audio-encoder-webm-vorbis: bf7c407c2cedff20999df2af8eb42d56 -> 
========================================================================
Received Prepare
Registering precompiled user dll's ...
Registered in 0.001805 seconds.
Begin MonoManager ReloadAssembly
Native extension for WindowsStandalone target not found
Refreshing native plugins compatible for Editor in 1.17 ms, found 5 plugins.
Preloading 0 native plugins for Editor in 0.00 ms.
Mono: successfully reloaded assembly
- Completed reload, in  1.653 seconds
Domain Reload Profiling:
	ReloadAssembly (1654ms)
		BeginReloadAssembly (114ms)
			ExecutionOrderSort (0ms)
			DisableScriptedObjects (6ms)
			BackupInstance (0ms)
			ReleaseScriptingObjects (0ms)
			CreateAndSetChildDomain (32ms)
		EndReloadAssembly (1484ms)
			LoadAssemblies (102ms)
			RebuildTransferFunctionScriptingTraits (0ms)
			SetupTypeCache (241ms)
			ReleaseScriptCaches (2ms)
			RebuildScriptCaches (57ms)
			SetupLoadedEditorAssemblies (520ms)
				LogAssemblyErrors (0ms)
				InitializePlatformSupportModulesInManaged (5ms)
				SetLoadedEditorAssemblies (0ms)
				RefreshPlugins (1ms)
				BeforeProcessingInitializeOnLoad (90ms)
				ProcessInitializeOnLoadAttributes (407ms)
				ProcessInitializeOnLoadMethodAttributes (12ms)
				AfterProcessingInitializeOnLoad (4ms)
				EditorAssembliesLoaded (0ms)
			ExecutionOrderSort2 (0ms)
			AwakeInstancesAfterBackupRestoration (2ms)
Platform modules already initialized, skipping
Switching build target platform(19) subTarget(0) extendedPlatform(0) -> platform(13) subTarget(537395200) extendedPlatform(0)
Refreshing native plugins compatible for Editor in 0.78 ms, found 5 plugins.
Preloading 0 native plugins for Editor in 0.00 ms.
Unloading 2412 Unused Serialized files (Serialized files now loaded: 0)
System memory in use before: 124.7 MB.
System memory in use after: 124.2 MB.

Unloading 39 unused Assets to reduce memory usage. Loaded Objects now: 3288.
Total: 3.202700 ms (FindLiveObjects: 0.246300 ms CreateObjectMapping: 0.063200 ms MarkObjects: 2.414800 ms  DeleteObjects: 0.477300 ms)

AssetImportParameters requested are different than current active one (requested -> active):
  custom:framework-win-MediaFoundation: 216162199b28c13a410421893ffa2e32 -> 
  custom:video-decoder-ogg-theora: a1e56fd34408186e4bbccfd4996cb3dc -> 
  custom:container-muxer-webm: aa71ff27fc2769a1b78a27578f13a17b -> 
  custom:container-demuxer-webm: 4f35f7cbe854078d1ac9338744f61a02 -> 
  custom:container-demuxer-ogg: 62fdf1f143b41e24485cea50d1cbac27 -> 
  custom:video-encoder-webm-vp8: eb34c28f22e8b96e1ab97ce403110664 -> 
  custom:video-codec-MediaFoundation-h265: 746d11721c4dcdbdad8f713fa42b33f4 -> 
  custom:video-decoder-webm-vp8: 9c59270c3fd7afecdb556c50c9e8de78 -> 
  custom:graphics/normal-map-encoding: 01000000000000000000000000000000 -> 02000000000000000000000000000000
  custom:audio-decoder-ogg-vorbis: bf7c407c2cedff20999df2af8eb42d56 -> 
  custom:audio-encoder-webm-vorbis: bf7c407c2cedff20999df2af8eb42d56 -> 
========================================================================
Received Prepare
Registering precompiled user dll's ...
Registered in 0.001712 seconds.
Begin MonoManager ReloadAssembly
Native extension for WindowsStandalone target not found
Refreshing native plugins compatible for Editor in 0.81 ms, found 5 plugins.
Preloading 0 native plugins for Editor in 0.00 ms.
Mono: successfully reloaded assembly
- Completed reload, in  1.796 seconds
Domain Reload Profiling:
	ReloadAssembly (1796ms)
		BeginReloadAssembly (71ms)
			ExecutionOrderSort (0ms)
			DisableScriptedObjects (4ms)
			BackupInstance (0ms)
			ReleaseScriptingObjects (0ms)
			CreateAndSetChildDomain (23ms)
		EndReloadAssembly (1676ms)
			LoadAssemblies (63ms)
			RebuildTransferFunctionScriptingTraits (0ms)
			SetupTypeCache (265ms)
			ReleaseScriptCaches (2ms)
			RebuildScriptCaches (72ms)
			SetupLoadedEditorAssemblies (590ms)
				LogAssemblyErrors (0ms)
				InitializePlatformSupportModulesInManaged (6ms)
				SetLoadedEditorAssemblies (0ms)
				RefreshPlugins (1ms)
				BeforeProcessingInitializeOnLoad (110ms)
				ProcessInitializeOnLoadAttributes (455ms)
				ProcessInitializeOnLoadMethodAttributes (11ms)
				AfterProcessingInitializeOnLoad (5ms)
				EditorAssembliesLoaded (0ms)
			ExecutionOrderSort2 (0ms)
			AwakeInstancesAfterBackupRestoration (2ms)
Platform modules already initialized, skipping
Switching build target platform(19) subTarget(0) extendedPlatform(0) -> platform(13) subTarget(537395200) extendedPlatform(0)
Refreshing native plugins compatible for Editor in 0.93 ms, found 5 plugins.
Preloading 0 native plugins for Editor in 0.00 ms.
Unloading 2412 Unused Serialized files (Serialized files now loaded: 0)
System memory in use before: 124.7 MB.
System memory in use after: 124.2 MB.

Unloading 39 unused Assets to reduce memory usage. Loaded Objects now: 3291.
Total: 4.290000 ms (FindLiveObjects: 0.233200 ms CreateObjectMapping: 0.065000 ms MarkObjects: 3.218700 ms  DeleteObjects: 0.772100 ms)

AssetImportParameters requested are different than current active one (requested -> active):
  custom:framework-win-MediaFoundation: 216162199b28c13a410421893ffa2e32 -> 
  custom:video-decoder-ogg-theora: a1e56fd34408186e4bbccfd4996cb3dc -> 
  custom:container-muxer-webm: aa71ff27fc2769a1b78a27578f13a17b -> 
  custom:container-demuxer-webm: 4f35f7cbe854078d1ac9338744f61a02 -> 
  custom:container-demuxer-ogg: 62fdf1f143b41e24485cea50d1cbac27 -> 
  custom:video-encoder-webm-vp8: eb34c28f22e8b96e1ab97ce403110664 -> 
  custom:video-codec-MediaFoundation-h265: 746d11721c4dcdbdad8f713fa42b33f4 -> 
  custom:video-decoder-webm-vp8: 9c59270c3fd7afecdb556c50c9e8de78 -> 
  custom:graphics/normal-map-encoding: 01000000000000000000000000000000 -> 02000000000000000000000000000000
  custom:audio-decoder-ogg-vorbis: bf7c407c2cedff20999df2af8eb42d56 -> 
  custom:audio-encoder-webm-vorbis: bf7c407c2cedff20999df2af8eb42d56 -> 
AssetImportWorkerClient::OnTransportError - code=2 error=End of file
