{"cameraMode":{"drawMode":0,"name":"Shaded","section":"Shading Mode"},"sceneLighting":false,"audioPlay":false,"sceneViewState":{"m_AlwaysRefresh":false,"showFog":false,"showSkybox":false,"showFlares":true,"showImageEffects":true,"showParticleSystems":true,"showVisualEffectGraphs":true,"m_FxEnabled":true},"in2DMode":false,"pivot":{"x":-1.4493744373321534,"y":-1.4896526336669922,"z":631.6444091796875},"rotation":{"x":0.1669328361749649,"y":-0.05705341696739197,"z":0.009669295512139798,"w":0.9842801690101624},"size":12.614179611206055,"orthographic":false}