{"cameraMode":{"drawMode":0,"name":"Shaded","section":"Shading Mode"},"sceneLighting":false,"audioPlay":false,"sceneViewState":{"m_AlwaysRefresh":false,"showFog":false,"showSkybox":false,"showFlares":true,"showImageEffects":true,"showParticleSystems":true,"showVisualEffectGraphs":true,"m_FxEnabled":true},"in2DMode":false,"pivot":{"x":-12.858369827270508,"y":-159.4751434326172,"z":-438.0920104980469},"rotation":{"x":0.30406326055526736,"y":-0.016575494781136514,"z":0.005287880077958107,"w":0.9525020122528076},"size":178.08071899414063,"orthographic":false}