{"cameraMode":{"drawMode":0,"name":"Shaded","section":"Shading Mode"},"sceneLighting":false,"audioPlay":false,"sceneViewState":{"m_AlwaysRefresh":false,"showFog":false,"showSkybox":false,"showFlares":true,"showImageEffects":true,"showParticleSystems":true,"showVisualEffectGraphs":true,"m_FxEnabled":true},"in2DMode":false,"pivot":{"x":0.11992025375366211,"y":0.9534919261932373,"z":-689.9115600585938},"rotation":{"x":0.29691576957702639,"y":0.43804529309272768,"z":-0.1559390127658844,"w":0.8340595960617065},"size":1.6793559789657593,"orthographic":false}