{"cameraMode":{"drawMode":0,"name":"Shaded","section":"Shading Mode"},"sceneLighting":true,"audioPlay":false,"sceneViewState":{"showFog":false,"showMaterialUpdate":false,"showSkybox":true,"showFlares":true,"showImageEffects":true,"showParticleSystems":true},"in2DMode":false,"pivot":{"x":19.975894927978517,"y":-53.644020080566409,"z":758.46142578125},"rotation":{"x":0.09616010636091232,"y":0.0032953533809632065,"z":-0.000319112092256546,"w":0.9953628778457642},"size":244.994140625,"orthographic":false}