{"cameraMode":{"drawMode":0,"name":"Shaded","section":"Shading Mode"},"sceneLighting":true,"audioPlay":false,"sceneViewState":{"showFog":false,"showMaterialUpdate":false,"showSkybox":true,"showFlares":true,"showImageEffects":true,"showParticleSystems":true},"in2DMode":false,"pivot":{"x":-1.2984728813171387,"y":-10.87562084197998,"z":140.12667846679688},"rotation":{"x":0.04497816041111946,"y":-0.01856340281665325,"z":0.0008355844765901566,"w":0.9988158345222473},"size":75.88739776611328,"orthographic":false}