{"cameraMode":{"drawMode":0,"name":"Shaded","section":"Shading Mode"},"sceneLighting":false,"audioPlay":false,"sceneViewState":{"showFog":true,"showMaterialUpdate":false,"showSkybox":false,"showFlares":true,"showImageEffects":true,"showParticleSystems":true},"in2DMode":false,"pivot":{"x":-0.03395557403564453,"y":0.37907499074935915,"z":7.982503414154053},"rotation":{"x":0.34519535303115847,"y":-0.01632790081202984,"z":0.006005876697599888,"w":0.9383767247200012},"size":8.422523498535157,"orthographic":false}