{"cameraMode":{"drawMode":0,"name":"Shaded","section":"Shading Mode"},"sceneLighting":true,"audioPlay":false,"sceneViewState":{"showFog":true,"showMaterialUpdate":false,"showSkybox":true,"showFlares":true,"showImageEffects":true,"showParticleSystems":true},"in2DMode":false,"pivot":{"x":-0.06395339965820313,"y":5.116086006164551,"z":279.0397644042969},"rotation":{"x":0.31760716438293459,"y":-0.620284378528595,"z":0.3030818998813629,"w":0.6500126719474793},"size":300.6455993652344,"orthographic":false}