{"cameraMode":{"drawMode":0,"name":"Shaded","section":"Shading Mode"},"sceneLighting":false,"audioPlay":false,"sceneViewState":{"showFog":true,"showMaterialUpdate":false,"showSkybox":false,"showFlares":true,"showImageEffects":true,"showParticleSystems":true},"in2DMode":false,"pivot":{"x":-0.6647119522094727,"y":0.741310715675354,"z":-0.7284290194511414},"rotation":{"x":0.22249852120876313,"y":-0.1715206354856491,"z":0.03979872539639473,"w":0.9589012861251831},"size":1.2265042066574097,"orthographic":false}