{"cameraMode":{"drawMode":0,"name":"Shaded","section":"Shading Mode"},"sceneLighting":true,"audioPlay":false,"sceneViewState":{"showFog":true,"showMaterialUpdate":false,"showSkybox":true,"showFlares":true,"showImageEffects":true,"showParticleSystems":true},"in2DMode":false,"pivot":{"x":6.482880592346191,"y":50.29891586303711,"z":293.6675720214844},"rotation":{"x":0.08091019839048386,"y":-0.004494621884077787,"z":-0.0003636508481577039,"w":-0.9967072606086731},"size":147.08164978027345,"orthographic":false}