{"cameraMode":{"drawMode":0,"name":"Shaded","section":"Shading Mode"},"sceneLighting":false,"audioPlay":false,"sceneViewState":{"showFog":false,"showMaterialUpdate":false,"showSkybox":false,"showFlares":true,"showImageEffects":true,"showParticleSystems":true},"in2DMode":false,"pivot":{"x":-1.2768464088439942,"y":1.427648901939392,"z":1.2453370094299317},"rotation":{"x":0.20637299120426179,"y":-0.7618190050125122,"z":0.29067182540893557,"w":0.5408828854560852},"size":1.2571172714233399,"orthographic":false}