{"cameraMode":{"drawMode":0,"name":"Shaded","section":"Shading Mode"},"sceneLighting":false,"audioPlay":false,"sceneViewState":{"showFog":true,"showMaterialUpdate":false,"showSkybox":false,"showFlares":true,"showImageEffects":true,"showParticleSystems":true},"in2DMode":false,"pivot":{"x":2.7159717082977297,"y":0.948012113571167,"z":-0.7663507461547852},"rotation":{"x":0.1419757455587387,"y":0.02434997633099556,"z":-0.0034938787575811149,"w":0.9895685911178589},"size":1.5044362545013428,"orthographic":false}