{"cameraMode":{"drawMode":0,"name":"Shaded","section":"Shading Mode"},"sceneLighting":false,"audioPlay":false,"sceneViewState":{"showFog":false,"showMaterialUpdate":false,"showSkybox":false,"showFlares":true,"showImageEffects":true,"showParticleSystems":true},"in2DMode":false,"pivot":{"x":-0.06791114807128906,"y":0.7581499814987183,"z":15.965006828308106},"rotation":{"x":0.2866787612438202,"y":-0.3879033923149109,"z":0.1283322125673294,"w":0.8665327429771423},"size":16.845046997070314,"orthographic":false}