{"cameraMode":{"drawMode":0,"name":"Shaded","section":"Shading Mode"},"sceneLighting":true,"audioPlay":false,"sceneViewState":{"m_AlwaysRefresh":false,"showFog":false,"showSkybox":true,"showFlares":true,"showImageEffects":true,"showParticleSystems":true,"showVisualEffectGraphs":true,"m_FxEnabled":true},"in2DMode":false,"pivot":{"x":4.5160722732543949,"y":12.390674591064454,"z":-304.1617736816406},"rotation":{"x":0.18209567666053773,"y":-0.13199639320373536,"z":0.024675246328115464,"w":0.9740752577781677},"size":16.08196449279785,"orthographic":false}